sample,xmeas_1,xmeas_2,xmeas_3,xmeas_4,xmeas_5,xmeas_6,xmeas_7,xmeas_8,xmeas_9,xmeas_10,xmeas_11,xmeas_12,xmeas_13,xmeas_14,xmeas_15,xmeas_16,xmeas_17,xmeas_18,xmeas_19,xmeas_20,xmeas_21,xmeas_22,xmeas_23,xmeas_24,xmeas_25,xmeas_26,xmeas_27,xmeas_28,xmeas_29,xmeas_30,xmeas_31,xmeas_32,xmeas_33,xmeas_34,xmeas_35,xmeas_36,xmeas_37,xmeas_38,xmeas_39,xmeas_40,xmeas_41,xmv_1,xmv_2,xmv_3,xmv_4,xmv_5,xmv_6,xmv_7,xmv_8,xmv_9,xmv_10,xmv_11
1,0.24985,3719.7,4501.6,9.3797,27.016,42.265,2706.1,74.596,120.43,0.3365,80.245,50.093,2634.9,25.325,49.795,3102.8,23.206,65.736,231.23,341.71,94.533,77.683,32.188,8.8933,26.383,6.882,18.776,1.6567,32.958,13.823,23.978,1.2565,18.579,2.2633,4.8436,2.2986,0.017866,0.8357,0.098577,53.724,43.828,62.095,54.072,24.71,62.984,22.312,40.14,38.373,46.059,47.363,41.079,17.463
2,0.2499,3686.7,4513.2,9.3428,27.016,42.13,2705.3,75.309,120.4,0.33286,80.141,51.01,2634.3,23.784,50.315,3103.0,22.427,65.795,232.86,341.24,94.508,76.973,32.188,8.8933,26.383,6.882,18.776,1.6567,32.958,13.823,23.978,1.2565,18.579,2.2633,4.8436,2.2986,0.017866,0.8357,0.098577,53.724,43.828,62.663,53.933,24.705,61.152,22.41,40.584,41.072,47.262,47.215,40.937,19.362
3,0.24926,3654.5,4506.6,9.3656,27.095,42.472,2703.8,75.193,120.38,0.3357,80.005,49.582,2632.7,24.729,51.552,3101.9,22.801,65.735,230.08,341.19,94.66,77.115,32.248,8.7724,26.218,7.0314,18.532,1.6687,32.916,13.933,23.467,1.1926,18.127,2.2849,4.8416,2.291,0.017866,0.8357,0.098577,53.724,43.828,63.217,54.012,24.776,59.487,22.208,40.235,36.87,50.125,47.462,41.321,18.473
4,0.25163,3667.2,4435.9,9.4246,26.774,42.546,2704.0,74.815,120.41,0.33953,79.992,49.365,2633.0,25.723,49.872,3100.7,22.439,65.711,229.53,341.41,94.623,77.082,32.248,8.7724,26.218,7.0314,18.532,1.6687,32.916,13.933,23.467,1.1926,18.127,2.2849,4.8416,2.291,0.017866,0.8357,0.098577,53.724,43.828,62.998,54.857,24.543,62.249,22.179,39.768,36.232,46.238,47.514,40.815,19.347
5,0.24246,3644.1,4551.5,9.2609,27.023,42.4,2702.9,74.53,120.38,0.34918,79.977,48.498,2631.9,26.495,50.729,3100.6,23.011,65.706,229.1,341.07,94.711,77.42,32.216,9.0488,26.443,6.804,18.649,1.6762,33.175,13.951,24.188,1.3311,18.727,2.2742,4.8486,2.2938,0.017866,0.8357,0.098577,53.724,43.828,62.013,54.096,24.228,62.225,22.089,41.626,33.681,48.221,47.555,41.125,17.973
6,0.24186,3641.7,4543.2,9.3869,26.979,42.611,2704.8,74.018,120.42,0.35061,80.151,50.013,2633.4,24.427,49.968,3102.5,22.581,65.691,230.06,341.13,94.665,77.536,32.216,9.0488,26.443,6.804,18.649,1.6762,33.175,13.951,24.188,1.3311,18.727,2.2742,4.8486,2.2938,0.018135,0.81901,0.089561,52.894,43.193,62.056,54.195,24.287,62.239,22.179,41.451,38.139,46.459,47.469,41.422,18.976
7,0.24849,3670.4,4506.7,9.545,27.369,42.313,2706.6,74.878,120.42,0.3499,80.233,51.366,2635.2,24.836,49.583,3104.9,23.046,65.73,229.17,341.72,94.657,77.456,32.583,8.7618,26.164,6.7547,19.014,1.628,32.324,13.659,23.867,1.3488,18.792,2.2877,4.7634,2.3759,0.018135,0.81901,0.089561,52.894,43.193,63.523,54.376,24.161,60.66,22.097,42.184,42.121,45.569,47.55,40.333,17.864
8,0.24517,3698.1,4495.7,9.3635,26.95,42.671,2705.5,75.197,120.42,0.3512,80.085,49.842,2634.0,25.891,48.943,3103.4,22.161,65.738,230.28,341.67,94.537,76.865,32.583,8.7618,26.164,6.7547,19.014,1.628,32.324,13.659,23.867,1.3488,18.792,2.2877,4.7634,2.3759,0.018135,0.81901,0.089561,52.894,43.193,63.046,54.507,24.488,59.958,22.066,42.025,37.634,44.088,47.45,41.282,20.016
9,0.20869,3701.0,4505.4,9.3674,27.416,42.465,2702.8,74.555,120.38,0.31734,79.894,49.444,2631.6,25.42,50.233,3100.5,23.759,65.692,230.73,341.42,94.632,77.356,31.992,8.9224,26.269,6.9,19.144,1.622,33.201,13.769,23.899,1.0898,18.414,2.2485,4.8904,2.3528,0.018135,0.81901,0.089561,52.894,43.193,63.526,53.485,20.662,62.272,22.357,38.322,36.465,47.074,47.41,41.151,16.209
10,0.21003,3696.7,4470.7,9.3598,26.852,42.138,2704.8,74.903,120.45,0.31806,80.182,49.487,2633.2,25.724,48.816,3101.7,23.168,65.687,231.5,341.28,94.509,77.477,31.992,8.9224,26.269,6.9,19.144,1.622,33.201,13.769,23.899,1.0898,18.414,2.2485,4.8904,2.3528,0.018135,0.81901,0.089561,52.894,43.193,63.6,53.901,20.53,59.953,22.217,38.234,36.59,43.793,47.344,42.663,17.59
11,0.26696,3695.6,4458.7,9.35,27.007,42.423,2703.5,75.236,120.39,0.33131,80.187,50.63,2632.6,23.945,51.076,3101.8,23.265,65.737,229.46,340.7,94.561,77.485,31.94,8.9836,26.428,7.0669,18.707,1.6376,33.206,13.932,23.794,1.2312,18.538,2.2611,4.7993,2.3223,0.021289,0.83451,0.10484,54.094,43.395,62.395,53.674,25.979,60.877,21.974,39.399,39.953,49.024,47.084,41.293,17.353
12,0.26454,3668.6,4485.6,9.2866,26.992,42.451,2704.8,75.355,120.39,0.3319,80.26,51.297,2633.3,25.128,50.355,3101.8,23.319,65.771,230.55,341.3,94.628,77.17,31.94,8.9836,26.428,7.0669,18.707,1.6376,33.206,13.932,23.794,1.2312,18.538,2.2611,4.7993,2.3223,0.021289,0.83451,0.10484,54.094,43.395,62.861,53.352,26.216,60.496,22.06,39.327,41.916,47.356,46.792,41.37,17.232
13,0.27289,3640.2,4480.4,9.4078,27.057,42.366,2703.4,74.769,120.39,0.34872,80.05,49.821,2631.2,25.237,49.551,3100.3,22.142,65.709,229.87,341.07,94.753,77.28,32.498,9.005,26.83,6.9158,19.109,1.683,33.102,13.715,24.195,1.0779,18.764,2.2846,4.9113,2.3523,0.021289,0.83451,0.10484,54.094,43.395,61.788,54.461,26.829,61.33,22.013,41.684,37.573,45.494,46.661,40.445,20.033
14,0.27324,3620.1,4518.0,9.2837,27.053,42.347,2704.8,75.111,120.38,0.34828,80.034,47.727,2633.4,25.376,48.297,3101.8,24.179,65.639,227.07,341.64,94.721,77.16,32.498,9.005,26.83,6.9158,19.109,1.683,33.102,13.715,24.195,1.0779,18.764,2.2846,4.9113,2.3523,0.021289,0.83451,0.10484,54.094,43.395,62.134,54.011,26.795,60.204,22.238,41.738,31.411,42.593,46.723,40.86,15.215
15,0.2191,3656.6,4494.1,9.3588,26.955,42.437,2707.1,74.103,120.39,0.32513,80.099,50.526,2635.9,26.406,50.35,3102.9,23.287,65.611,228.05,341.96,94.78,77.379,32.272,9.0182,26.182,6.9284,18.855,1.6336,33.102,13.715,24.002,1.1663,18.062,2.2735,4.8587,2.3661,0.021289,0.83451,0.10484,54.094,43.395,62.728,53.289,21.433,61.864,22.376,38.743,39.648,47.343,46.45,40.492,17.316
16,0.21806,3677.2,4460.8,9.4405,26.87,42.305,2707.5,74.446,120.41,0.32799,80.084,50.28,2635.3,24.641,49.342,3103.8,21.956,65.598,227.63,341.81,94.607,77.429,32.272,9.0182,26.182,6.9284,18.855,1.6336,33.102,13.715,24.002,1.1663,18.062,2.2735,4.8587,2.3661,0.030945,0.84189,0.098575,53.861,43.392,62.375,53.687,21.535,60.696,22.251,38.393,38.923,45.01,46.681,40.933,20.467
17,0.23602,3663.2,4522.5,9.2827,27.222,41.986,2707.6,75.205,120.39,0.32333,79.986,50.022,2637.0,24.271,49.482,3103.1,24.497,65.568,227.44,341.95,94.716,76.919,32.018,9.0613,26.314,6.836,18.751,1.6389,32.626,13.894,24.075,1.2136,18.722,2.266,4.7329,2.3537,0.030945,0.84189,0.098575,53.861,43.392,62.468,53.538,23.679,61.846,22.812,38.804,38.166,45.334,46.678,41.055,14.48
18,0.23776,3655.2,4475.5,9.3977,26.919,42.495,2709.8,74.93,120.42,0.32485,80.075,49.257,2638.8,25.923,51.451,3104.1,23.491,65.564,225.58,341.74,94.615,77.534,32.018,9.0613,26.314,6.836,18.751,1.6389,32.626,13.894,24.075,1.2136,18.722,2.266,4.7329,2.3537,0.030945,0.84189,0.098575,53.861,43.392,62.606,54.101,23.508,61.4,22.71,38.617,35.915,49.893,46.825,41.286,16.823
19,0.26302,3679.8,4521.4,9.4449,26.909,42.409,2710.3,74.361,120.39,0.34366,80.174,50.725,2639.5,24.473,50.524,3107.5,22.577,65.594,227.46,341.82,94.549,77.341,31.919,8.9579,26.968,6.9165,18.825,1.654,32.554,13.846,23.565,1.3439,18.747,2.2398,4.8002,2.2911,0.030945,0.84189,0.098575,53.861,43.392,62.993,53.801,25.947,62.143,22.335,41.095,40.235,47.746,46.635,41.36,18.989
20,0.26434,3681.2,4513.8,9.4191,27.186,42.262,2711.0,75.0,120.47,0.34732,80.145,48.711,2640.5,24.565,50.15,3107.2,22.427,65.589,226.98,341.98,94.475,77.668,31.919,8.9579,26.968,6.9165,18.825,1.654,32.554,13.846,23.565,1.3439,18.747,2.2398,4.8002,2.2911,0.030945,0.84189,0.098575,53.861,43.392,62.968,53.892,25.817,60.847,22.705,40.649,34.306,46.881,46.657,41.956,19.318
21,0.27456,3651.8,4505.3,9.3577,26.853,42.578,2711.0,75.485,120.38,0.34102,80.031,50.838,2639.2,23.922,49.697,3108.7,22.335,65.585,227.22,342.06,94.633,77.123,32.226,8.669,26.865,6.9338,19.081,1.6393,33.01,13.803,23.843,1.2771,17.916,2.2619,4.7472,2.3037,0.034493,0.82936,0.092129,53.709,44.267,62.772,53.811,27.131,61.263,22.292,40.203,40.567,45.832,46.807,40.495,19.577
22,0.2771,3630.0,4501.4,9.4594,27.135,42.208,2711.2,74.69,120.38,0.34258,79.906,49.528,2640.0,26.321,48.903,3106.5,23.254,65.547,228.07,342.72,94.409,77.12,32.226,8.669,26.865,6.9338,19.081,1.6393,33.01,13.803,23.843,1.2771,17.916,2.2619,4.7472,2.3037,0.034493,0.82936,0.092129,53.709,44.267,63.149,53.857,26.881,61.201,22.582,40.012,36.71,43.995,46.798,40.604,17.407
23,0.24696,3646.0,4498.2,9.3513,27.066,42.583,2712.0,75.673,120.33,0.33643,80.052,49.82,2641.5,23.964,49.889,3107.2,21.989,65.558,229.55,342.72,94.693,77.567,32.381,8.9388,26.439,6.9224,18.56,1.628,33.259,13.773,23.884,1.3004,18.547,2.2899,4.7343,2.3861,0.034493,0.82936,0.092129,53.709,44.267,62.68,53.238,24.243,61.859,22.967,39.61,37.571,46.278,46.731,38.723,20.371
24,0.24838,3651.0,4443.1,9.4049,27.002,42.496,2713.8,74.984,120.31,0.33888,80.015,50.457,2642.7,26.747,49.685,3107.7,23.336,65.562,228.58,343.25,94.419,77.352,32.381,8.9388,26.439,6.9224,18.56,1.628,33.259,13.773,23.884,1.3004,18.547,2.2899,4.7343,2.3861,0.034493,0.82936,0.092129,53.709,44.267,62.595,53.898,24.103,60.319,22.9,39.311,39.445,45.805,46.881,37.11,17.185
25,0.22832,3624.7,4489.9,9.4048,26.936,42.049,2712.6,74.956,120.37,0.3318,79.79,49.33,2640.8,25.737,51.338,3108.8,22.823,65.536,231.32,343.55,94.682,76.944,32.399,8.8492,26.913,6.6855,18.987,1.6289,33.558,13.768,23.963,1.3639,18.189,2.2663,4.7984,2.2152,0.034493,0.82936,0.092129,53.709,44.267,63.103,54.607,22.886,61.142,22.498,39.313,36.129,49.63,46.704,37.861,18.434
26,0.22923,3643.6,4545.9,9.4485,27.044,42.267,2716.1,76.113,120.33,0.33396,79.952,50.369,2645.7,24.957,50.42,3109.6,22.77,65.485,227.23,343.35,94.563,77.448,32.399,8.8492,26.913,6.6855,18.987,1.6289,33.558,13.768,23.963,1.3639,18.189,2.2663,4.7984,2.2152,0.030118,0.83357,0.099338,53.757,43.443,62.779,53.937,22.796,61.614,23.206,39.049,39.185,47.507,46.817,36.53,18.523
27,0.22823,3706.4,4487.6,9.3529,26.997,42.261,2717.0,75.571,120.41,0.33242,79.968,48.795,2647.3,24.467,48.627,3111.9,22.609,65.501,227.8,343.69,94.437,77.432,32.001,8.7229,26.434,6.6837,18.677,1.6464,33.119,13.795,24.05,1.4558,18.67,2.2402,4.8285,2.2909,0.030118,0.83357,0.099338,53.757,43.443,63.849,53.588,22.138,60.184,22.989,39.04,34.553,43.357,46.692,38.349,18.895
28,0.22899,3725.2,4500.1,9.4253,26.99,42.434,2713.7,74.944,120.38,0.33298,79.77,50.28,2642.8,25.722,50.883,3108.9,22.537,65.485,226.91,343.37,94.499,77.017,32.001,8.7229,26.434,6.6837,18.677,1.6464,33.119,13.795,24.05,1.4558,18.67,2.2402,4.8285,2.2909,0.030118,0.83357,0.099338,53.757,43.443,63.524,53.438,22.063,61.865,23.041,38.972,38.923,48.577,46.699,36.501,19.109
29,0.26501,3696.5,4510.7,9.4161,27.098,42.16,2714.0,74.529,120.42,0.33465,79.829,49.998,2643.4,25.847,50.192,3109.6,23.056,65.454,230.43,343.2,94.352,77.246,31.943,8.9076,26.695,6.836,18.98,1.6609,33.083,13.817,23.994,1.1754,18.436,2.2871,4.8041,2.3131,0.030118,0.83357,0.099338,53.757,43.443,64.222,54.062,26.07,60.693,23.067,39.414,38.094,46.978,46.315,37.645,17.862
30,0.26741,3729.3,4539.5,9.3948,26.409,42.328,2711.9,74.169,120.38,0.33381,79.75,50.976,2641.6,22.812,50.24,3106.2,22.717,65.436,225.29,343.5,94.402,76.82,31.943,8.9076,26.695,6.836,18.98,1.6609,33.083,13.817,23.994,1.1754,18.436,2.2871,4.8041,2.3131,0.030118,0.83357,0.099338,53.757,43.443,63.658,53.717,25.835,61.762,22.798,39.516,40.972,47.09,46.7,36.605,18.71
31,0.27294,3674.6,4460.7,9.4679,26.629,42.88,2709.2,74.881,120.49,0.33747,79.625,48.882,2638.6,25.091,50.01,3104.6,23.369,65.411,226.53,343.17,94.571,77.173,32.564,8.9138,26.345,6.7298,19.096,1.6353,32.997,13.87,24.069,1.3611,18.35,2.2585,4.7605,2.1866,0.027792,0.83403,0.094352,53.45,43.433,63.377,53.908,26.836,63.069,22.561,39.627,34.81,46.558,46.624,39.906,17.16
32,0.2727,3696.9,4469.6,9.2946,27.016,41.919,2709.4,75.026,120.58,0.33684,79.792,51.543,2638.4,25.294,49.198,3104.8,23.911,65.388,227.81,343.16,94.622,77.144,32.564,8.9138,26.345,6.7298,19.096,1.6353,32.997,13.87,24.069,1.3611,18.35,2.2585,4.7605,2.1866,0.027792,0.83403,0.094352,53.45,43.433,62.994,53.802,26.86,61.677,22.668,39.704,42.641,44.678,46.485,43.531,15.881
33,0.21093,3699.6,4467.0,9.295,26.904,42.302,2708.1,74.475,120.58,0.34052,79.999,49.62,2637.2,24.644,48.829,3103.6,23.201,65.458,228.9,342.65,94.63,77.574,32.34,8.8833,26.566,6.9739,18.579,1.6443,33.176,13.775,24.435,1.1036,17.744,2.2548,4.7892,2.2057,0.027792,0.83403,0.094352,53.45,43.433,63.972,53.503,20.991,60.88,22.836,40.713,36.983,43.825,46.358,45.153,17.531
34,0.21209,3688.8,4482.5,9.4491,26.707,42.192,2709.1,74.495,120.55,0.3391,80.362,50.438,2638.2,25.122,50.886,3104.6,22.722,65.581,225.93,342.6,94.427,77.737,32.34,8.8833,26.566,6.9739,18.579,1.6443,33.176,13.775,24.435,1.1036,17.744,2.2548,4.7892,2.2057,0.027792,0.83403,0.094352,53.45,43.433,64.158,53.318,20.876,61.723,22.694,40.887,39.388,48.584,46.588,45.142,18.634
35,0.23132,3638.7,4504.7,9.3854,27.081,42.315,2708.9,75.407,120.49,0.33016,80.409,48.906,2638.0,24.709,49.904,3103.4,22.471,65.696,226.44,342.72,94.584,77.462,31.899,8.9202,26.894,6.7155,18.881,1.6337,32.935,13.673,23.791,1.121,18.174,2.2355,4.7927,2.3481,0.027792,0.83403,0.094352,53.45,43.433,62.907,54.311,22.703,60.015,22.736,39.445,34.882,46.311,46.502,44.715,19.22
36,0.2305,3631.4,4515.1,9.3025,26.66,42.534,2707.2,74.668,120.45,0.3307,80.175,49.611,2635.9,25.644,51.281,3103.0,22.552,65.722,225.52,342.72,94.682,77.126,31.899,8.9202,26.894,6.7155,18.881,1.6337,32.935,13.673,23.791,1.121,18.174,2.2355,4.7927,2.3481,0.026527,0.82343,0.095444,53.654,43.495,63.033,54.186,22.783,61.491,22.235,39.38,36.955,49.498,46.551,44.968,19.059
37,0.27379,3704.5,4498.7,9.2596,26.707,42.472,2707.0,75.963,120.44,0.32148,79.982,48.866,2635.4,24.44,50.757,3103.7,22.996,65.672,225.43,342.25,94.653,77.383,31.954,9.0112,26.25,6.9577,18.437,1.6673,33.078,13.778,23.845,1.2702,18.384,2.2882,4.8257,2.3156,0.026527,0.82343,0.095444,53.654,43.495,64.078,53.65,27.063,63.805,22.162,37.612,34.762,48.287,46.528,45.626,17.994
38,0.27358,3685.8,4513.1,9.412,26.957,42.24,2708.3,75.419,120.46,0.31839,80.066,49.569,2637.9,25.793,49.359,3104.8,23.236,65.669,226.7,342.98,94.476,77.381,31.954,9.0112,26.25,6.9577,18.437,1.6673,33.078,13.778,23.845,1.2702,18.384,2.2882,4.8257,2.3156,0.026527,0.82343,0.095444,53.654,43.495,64.399,53.477,27.083,61.53,22.667,37.99,36.832,45.05,46.385,46.146,17.424
39,0.27183,3620.3,4541.2,9.389,26.949,42.185,2711.0,74.617,120.41,0.32914,80.132,50.508,2640.9,23.823,49.446,3104.5,22.159,65.648,224.73,343.08,94.497,77.168,32.342,8.9716,26.802,6.7989,18.695,1.6268,33.078,13.948,23.966,1.1806,18.292,2.2646,4.8663,2.2975,0.026527,0.82343,0.095444,53.654,43.495,63.445,54.251,26.731,60.048,22.95,39.358,39.596,45.253,46.529,44.413,19.986
40,0.27408,3678.6,4530.9,9.3917,27.036,42.023,2711.0,75.21,120.4,0.33036,80.094,48.627,2640.5,24.354,50.008,3105.9,22.549,65.622,225.3,342.7,94.522,77.406,32.342,8.9716,26.802,6.7989,18.695,1.6268,33.078,13.948,23.966,1.1806,18.292,2.2646,4.8663,2.2975,0.026527,0.82343,0.095444,53.654,43.495,62.441,54.374,26.51,61.481,22.821,39.209,34.06,46.552,46.447,45.252,19.044
41,0.23603,3731.4,4509.7,9.3778,26.851,42.412,2711.1,74.745,120.41,0.34638,80.11,48.977,2640.6,22.96,51.338,3105.0,22.275,65.609,225.02,342.78,94.56,77.444,32.302,8.9978,26.9,7.0643,18.593,1.7045,33.325,14.01,23.867,1.3248,18.583,2.2467,4.8507,2.2643,0.011513,0.82986,0.10047,53.559,44.686,62.93,54.028,22.954,59.586,23.036,41.856,35.091,49.63,46.158,45.597,19.684
42,0.23327,3707.8,4527.9,9.4085,27.053,42.362,2709.4,75.477,120.37,0.34995,80.068,48.993,2638.2,25.306,49.314,3105.6,22.4,65.594,224.34,342.45,94.573,77.36,32.302,8.9978,26.9,7.0643,18.593,1.7045,33.325,14.01,23.867,1.3248,18.583,2.2467,4.8507,2.2643,0.011513,0.82986,0.10047,53.559,44.686,63.335,53.811,23.225,62.99,22.556,41.421,35.137,44.945,46.066,45.153,19.392
43,0.23732,3625.8,4503.1,9.2709,26.784,42.389,2708.1,75.169,120.38,0.3582,80.021,49.152,2637.4,25.455,48.49,3102.7,22.658,65.575,224.72,343.07,94.634,77.204,32.105,9.0066,26.671,6.8418,18.013,1.6339,32.804,13.778,23.616,1.2477,18.637,2.2533,4.8465,2.3467,0.011513,0.82986,0.10047,53.559,44.686,62.372,54.38,23.326,61.432,22.476,42.305,35.605,43.04,45.879,45.729,18.786
44,0.23731,3616.8,4526.4,9.2715,26.871,42.067,2708.1,74.975,120.38,0.35666,79.954,48.991,2637.5,24.514,47.634,3103.1,22.712,65.52,224.78,342.83,94.741,77.388,32.105,9.0066,26.671,6.8418,18.013,1.6339,32.804,13.778,23.616,1.2477,18.637,2.2533,4.8465,2.3467,0.011513,0.82986,0.10047,53.559,44.686,62.526,54.103,23.328,60.897,22.876,42.494,35.13,41.059,45.727,46.149,18.654
45,0.25669,3644.1,4617.1,9.2158,26.948,42.062,2709.0,75.056,120.38,0.32974,79.887,49.828,2638.0,26.417,49.082,3104.8,22.597,65.475,222.78,342.57,94.675,77.217,31.957,8.9367,26.861,6.9067,18.698,1.6019,33.48,13.77,24.42,1.195,18.31,2.2086,4.8575,2.3521,0.011513,0.82986,0.10047,53.559,44.686,63.941,54.521,25.139,63.147,22.508,39.663,37.595,44.409,45.757,46.357,18.951
46,0.25573,3670.1,4582.2,9.3981,27.224,42.25,2711.3,74.531,120.38,0.33408,79.993,51.031,2640.4,25.493,49.422,3106.8,23.415,65.441,223.81,342.43,94.478,77.562,31.957,8.9367,26.861,6.9067,18.698,1.6019,33.48,13.77,24.42,1.195,18.31,2.2086,4.8575,2.3521,0.0083311,0.82614,0.10134,53.691,44.227,63.494,54.938,25.234,61.554,22.96,39.134,41.135,45.195,45.669,45.757,16.983
47,0.27196,3654.8,4515.6,9.3511,27.028,42.126,2711.9,74.758,120.31,0.33154,80.005,51.054,2641.6,23.291,50.364,3108.3,22.583,65.442,222.5,342.08,94.44,76.931,31.993,8.8097,26.789,7.0135,18.832,1.6766,32.953,13.674,24.694,1.1852,18.244,2.2512,4.8432,2.2329,0.0083311,0.82614,0.10134,53.691,44.227,63.195,54.124,26.776,61.098,22.678,39.169,41.201,47.376,45.702,42.326,18.999
48,0.27233,3659.0,4499.7,9.2289,26.734,42.428,2712.5,74.688,120.25,0.33065,79.778,50.275,2641.3,26.679,49.918,3107.9,22.873,65.393,224.01,342.49,94.522,77.126,31.993,8.8097,26.789,7.0135,18.832,1.6766,32.953,13.674,24.694,1.1852,18.244,2.2512,4.8432,2.2329,0.0083311,0.82614,0.10134,53.691,44.227,63.123,54.315,26.739,58.792,22.692,39.278,38.911,46.344,45.491,40.407,18.309
49,0.2716,3646.0,4480.9,9.3217,27.205,42.077,2714.7,74.611,120.23,0.32,79.817,48.765,2643.7,25.228,49.603,3109.7,23.633,65.317,222.0,342.91,94.568,77.32,32.558,8.8175,26.266,6.7264,18.943,1.6303,32.938,13.713,24.269,1.2288,18.228,2.2328,4.8227,2.2097,0.0083311,0.82614,0.10134,53.691,44.227,62.337,54.212,26.552,61.345,22.883,37.843,34.465,45.616,45.594,37.978,16.482
50,0.27096,3613.7,4529.1,9.3772,26.754,42.212,2715.3,75.342,120.25,0.32557,79.734,48.2,2644.8,25.63,52.06,3110.6,23.2,65.29,224.46,342.99,94.608,77.166,32.558,8.8175,26.266,6.7264,18.943,1.6303,32.938,13.713,24.269,1.2288,18.228,2.2328,4.8227,2.2097,0.0083311,0.82614,0.10134,53.691,44.227,62.893,53.636,26.615,60.881,22.968,37.164,32.803,51.302,45.298,37.607,17.529
51,0.21287,3734.1,4473.5,9.1847,26.559,42.095,2717.8,74.965,120.35,0.32778,79.966,49.269,2648.2,24.436,50.237,3111.4,21.326,65.259,225.08,343.24,94.335,77.534,31.966,8.9309,26.45,6.9435,18.311,1.5848,33.069,13.676,23.764,1.4045,18.048,2.2189,4.767,2.2365,0.012302,0.82549,0.10572,54.497,43.936,63.349,54.01,21.398,63.074,23.306,37.769,35.949,47.083,45.061,39.264,21.941
52,0.21527,3715.0,4497.4,9.4332,26.788,42.343,2713.9,74.961,120.36,0.32415,79.798,50.571,2642.1,25.476,50.941,3110.2,22.579,65.273,223.54,342.95,94.491,76.89,31.966,8.9309,26.45,6.9435,18.311,1.5848,33.069,13.676,23.764,1.4045,18.048,2.2189,4.767,2.2365,0.012302,0.82549,0.10572,54.497,43.936,63.678,53.724,21.161,59.759,22.583,38.212,39.779,48.712,45.073,38.165,19.009
53,0.27221,3692.1,4531.7,9.4808,27.044,42.391,2710.7,76.064,120.38,0.3187,79.574,48.49,2639.6,24.77,48.386,3106.9,22.744,65.227,221.87,342.56,94.518,76.786,32.198,8.9721,26.331,6.925,18.562,1.6199,33.002,13.743,24.02,1.2549,18.288,2.2598,4.8468,2.2835,0.012302,0.82549,0.10572,54.497,43.936,62.212,54.89,26.669,61.615,22.564,37.685,33.657,42.799,45.103,38.626,18.654
54,0.27288,3632.9,4581.9,9.2867,26.53,42.353,2713.6,75.348,120.42,0.31833,79.826,49.878,2644.4,29.49,49.313,3106.8,20.397,65.163,221.8,343.21,94.662,77.318,32.198,8.9721,26.331,6.925,18.562,1.6199,33.002,13.743,24.02,1.2549,18.288,2.2598,4.8468,2.2835,0.012302,0.82549,0.10572,54.497,43.936,63.23,54.288,26.604,61.642,23.097,37.731,37.741,44.945,44.993,40.364,24.199
55,0.24954,3637.4,4557.7,9.3254,27.025,41.721,2711.9,75.6,120.41,0.32252,79.952,48.846,2640.9,24.228,49.564,3108.0,22.742,65.224,219.46,342.37,94.578,77.444,32.265,8.9812,26.346,6.7914,18.694,1.6181,33.192,13.919,24.471,1.1947,18.475,2.268,4.7223,2.2531,0.012302,0.82549,0.10572,54.497,43.936,63.267,54.019,24.716,62.39,22.579,38.837,34.703,45.524,45.079,39.228,18.609
56,0.25092,3692.4,4561.2,9.2262,27.032,42.258,2711.6,75.339,120.45,0.32799,79.968,49.227,2640.1,24.173,50.514,3106.3,22.248,65.236,221.1,342.45,94.624,77.463,32.265,8.9812,26.346,6.7914,18.694,1.6181,33.192,13.919,24.471,1.1947,18.475,2.268,4.7223,2.2531,-0.0049337,0.83702,0.10027,54.86,43.99,62.32,53.977,24.581,61.117,22.736,38.169,35.825,47.723,44.774,40.719,19.784
57,0.24453,3722.1,4500.8,9.2847,26.741,42.483,2709.2,74.4,120.43,0.34407,79.928,50.173,2638.1,25.008,50.256,3105.7,21.514,65.275,219.88,341.79,94.605,77.1,32.393,8.8016,26.237,7.0123,18.458,1.6573,33.22,13.902,24.266,1.3077,18.407,2.2457,4.8762,2.2324,-0.0049337,0.83702,0.10027,54.86,43.99,63.004,54.403,23.849,61.171,22.493,40.949,38.608,47.125,44.743,40.78,21.56
58,0.24422,3701.2,4536.6,9.2383,27.071,42.852,2705.7,75.533,120.43,0.34315,79.82,49.727,2634.0,25.483,50.7,3103.1,22.994,65.241,218.88,341.86,94.655,77.184,32.393,8.8016,26.237,7.0123,18.458,1.6573,33.22,13.902,24.266,1.3077,18.407,2.2457,4.8762,2.2324,-0.0049337,0.83702,0.10027,54.86,43.99,63.364,53.974,23.879,61.947,22.232,41.062,37.296,48.153,44.698,41.049,18.054
59,0.22889,3659.7,4570.7,9.2377,26.794,42.462,2705.2,74.49,120.49,0.34549,79.99,50.869,2633.8,25.03,52.735,3101.7,22.878,65.228,220.6,341.53,94.779,76.911,31.987,8.875,26.353,6.8472,18.809,1.6626,32.578,13.857,24.423,1.2788,18.081,2.2566,4.8502,2.263,-0.0049337,0.83702,0.10027,54.86,43.99,62.121,54.177,22.663,61.295,22.218,40.447,40.657,52.863,44.407,42.731,18.35
60,0.23076,3628.0,4569.4,9.3389,26.69,42.538,2703.7,75.62,120.46,0.34021,80.042,50.021,2632.0,24.994,51.913,3101.0,23.235,65.262,219.06,341.19,94.729,77.451,31.987,8.875,26.353,6.8472,18.809,1.6626,32.578,13.857,24.423,1.2788,18.081,2.2566,4.8502,2.263,-0.0049337,0.83702,0.10027,54.86,43.99,62.668,54.193,22.479,61.634,22.152,41.092,38.161,50.961,44.406,42.99,17.473
61,0.26897,3704.0,4512.1,9.3312,27.126,42.065,2706.1,74.341,120.45,0.33739,80.201,49.194,2634.2,24.586,49.252,3103.7,22.758,65.292,217.67,340.91,94.724,77.489,31.987,8.9411,26.408,6.8478,18.376,1.703,32.722,13.891,23.74,1.4162,18.912,2.271,4.7394,2.3092,0.008987,0.86194,0.098542,54.291,42.474,62.763,54.041,26.431,59.283,22.101,40.31,35.729,44.802,44.678,42.893,18.589
62,0.26742,3635.4,4527.6,9.2798,27.013,41.884,2707.0,75.65,120.42,0.33653,80.277,49.28,2635.6,25.161,50.554,3104.2,23.029,65.356,218.49,341.55,94.477,77.569,31.987,8.9411,26.408,6.8478,18.376,1.703,32.722,13.891,23.74,1.4162,18.912,2.271,4.7394,2.3092,0.008987,0.86194,0.098542,54.291,42.474,63.943,53.855,26.584,60.323,22.327,40.415,35.981,47.817,44.587,42.314,17.93
63,0.26888,3697.4,4572.1,9.2723,27.032,42.693,2705.6,74.71,120.38,0.34204,80.121,51.067,2632.9,25.801,50.822,3103.3,24.311,65.389,217.95,340.96,94.659,77.18,32.194,8.952,26.213,6.9386,18.924,1.6318,32.863,13.947,24.454,1.2149,18.829,2.263,4.7634,2.2625,0.008987,0.86194,0.098542,54.291,42.474,62.903,54.416,26.856,63.192,21.987,40.734,41.24,48.436,44.617,40.971,14.907
64,0.26973,3687.0,4543.8,9.2827,26.732,42.06,2707.3,75.054,120.37,0.34075,80.309,49.844,2635.2,23.869,48.962,3104.8,23.146,65.399,218.47,341.03,94.495,77.49,32.194,8.952,26.213,6.9386,18.924,1.6318,32.863,13.947,24.454,1.2149,18.829,2.263,4.7634,2.2625,0.008987,0.86194,0.098542,54.291,42.474,63.081,54.755,26.772,63.305,21.978,40.891,37.642,44.132,44.553,40.738,17.632
65,0.25117,3647.1,4505.7,9.2105,26.607,42.218,2705.2,74.471,120.32,0.34777,80.231,50.164,2634.2,25.733,50.047,3103.0,22.6,65.412,217.9,340.69,94.558,77.254,32.307,8.7975,26.196,6.8818,18.53,1.6528,33.209,13.746,23.714,1.3353,18.953,2.2797,4.8349,2.2648,0.008987,0.86194,0.098542,54.291,42.474,62.961,53.887,24.862,62.003,21.996,41.67,38.583,46.642,44.586,39.297,18.941
66,0.25031,3655.1,4520.9,9.3008,27.312,42.011,2702.6,74.845,120.33,0.34907,80.034,50.186,2631.5,26.513,49.417,3100.7,22.113,65.383,220.19,341.12,94.674,77.295,32.307,8.7975,26.196,6.8818,18.53,1.6528,33.209,13.746,23.714,1.3353,18.953,2.2797,4.8349,2.2648,0.035693,0.85877,0.089477,54.101,43.734,62.824,53.705,24.947,61.07,22.181,41.512,38.648,45.184,45.027,38.838,20.105
67,0.23829,3624.2,4547.5,9.1647,26.836,42.563,2702.3,74.535,120.32,0.32902,80.015,50.23,2630.5,25.513,48.329,3100.1,21.617,65.367,220.68,340.84,94.628,76.969,31.685,8.9715,26.276,6.9098,18.744,1.6518,32.942,13.817,23.953,1.3277,18.868,2.2608,4.8677,2.3209,0.035693,0.85877,0.089477,54.101,43.734,63.826,54.364,23.844,61.065,21.807,38.623,38.778,42.668,45.256,37.783,21.308
68,0.24164,3689.6,4539.6,9.3323,26.905,41.804,2698.4,74.153,120.38,0.32712,79.729,50.374,2626.9,25.265,50.321,3098.0,22.725,65.311,221.23,340.36,94.706,76.899,31.685,8.9715,26.276,6.9098,18.744,1.6518,32.942,13.817,23.953,1.3277,18.868,2.2608,4.8677,2.3209,0.035693,0.85877,0.089477,54.101,43.734,62.702,54.459,23.515,59.806,21.676,38.855,39.2,47.276,45.482,38.807,18.719
69,0.30162,3667.8,4514.3,9.249,26.766,42.313,2701.4,75.158,120.38,0.33749,79.887,49.348,2630.6,25.738,49.769,3098.5,22.879,65.273,222.77,340.92,94.658,77.382,32.207,8.7962,26.67,6.7449,18.615,1.6218,33.38,13.762,24.143,1.4644,18.203,2.2387,4.8478,2.2937,0.035693,0.85877,0.089477,54.101,43.734,62.818,54.258,29.846,62.314,21.972,39.42,36.181,46.0,45.623,38.343,18.334
70,0.30187,3636.9,4549.1,9.3776,26.995,42.41,2703.2,76.176,120.41,0.33403,80.098,51.067,2631.5,24.364,51.906,3101.9,23.873,65.319,224.12,340.35,94.587,77.39,32.207,8.7962,26.67,6.7449,18.615,1.6218,33.38,13.762,24.143,1.4644,18.203,2.2387,4.8478,2.2937,0.035693,0.85877,0.089477,54.101,43.734,63.349,53.842,29.821,59.365,21.947,39.841,41.239,50.944,45.774,39.712,15.965
71,0.25269,3694.2,4523.5,9.1739,26.855,42.518,2705.0,75.549,120.42,0.33016,80.256,51.946,2633.3,25.886,50.233,3103.0,22.661,65.427,222.26,340.62,94.634,77.625,31.9,8.7779,25.962,6.7738,18.443,1.6851,32.803,13.933,23.91,1.1573,18.845,2.264,4.8598,2.3219,0.025504,0.85068,0.11614,53.992,43.844,63.862,54.482,25.221,63.562,22.041,38.799,43.827,47.072,46.172,39.29,18.817
72,0.25203,3680.7,4517.3,9.3298,26.978,42.361,2705.0,74.183,120.44,0.32585,80.456,48.372,2634.3,26.737,50.65,3103.9,23.123,65.524,226.62,340.76,94.36,77.279,31.9,8.7779,25.962,6.7738,18.443,1.6851,32.803,13.933,23.91,1.1573,18.845,2.264,4.8598,2.3219,0.025504,0.85068,0.11614,53.992,43.844,64.095,54.556,25.286,61.185,22.141,39.326,33.308,48.038,46.028,39.44,17.714
73,0.28476,3715.3,4563.7,9.2972,27.011,42.296,2702.1,75.635,120.41,0.34475,80.229,49.837,2630.3,25.332,51.097,3100.3,24.025,65.598,225.65,340.28,94.467,76.898,32.076,8.9931,26.788,7.0337,18.417,1.6316,33.018,13.81,23.646,1.2703,18.669,2.3017,4.8908,2.3181,0.025504,0.85068,0.11614,53.992,43.844,63.362,54.463,28.184,61.04,21.865,41.63,37.62,49.072,46.36,39.842,15.611
74,0.28266,3706.8,4571.3,9.2839,26.917,42.523,2699.7,75.089,120.47,0.34633,80.247,49.606,2628.3,25.084,49.544,3098.2,23.799,65.632,226.73,340.23,94.578,77.274,32.076,8.9931,26.788,7.0337,18.417,1.6316,33.018,13.81,23.646,1.2703,18.669,2.3017,4.8908,2.3181,0.025504,0.85068,0.11614,53.992,43.844,63.506,54.372,28.391,61.511,21.974,41.438,36.941,45.479,46.51,40.169,16.121
75,0.26913,3654.0,4558.9,9.2428,26.78,42.041,2698.1,75.152,120.44,0.33237,80.296,50.394,2626.8,25.537,51.938,3096.3,22.16,65.666,226.5,339.81,94.551,77.261,31.869,8.9923,26.341,6.8154,18.833,1.6535,33.057,13.97,23.849,1.2434,18.471,2.2508,4.89,2.3647,0.025504,0.85068,0.11614,53.992,43.844,62.115,54.642,26.773,59.273,21.978,39.91,39.259,51.02,46.772,40.862,20.006
76,0.2702,3634.4,4558.4,9.2981,26.64,41.962,2695.7,75.425,120.46,0.3322,80.174,49.826,2623.9,25.508,49.078,3094.1,21.468,65.682,225.71,339.38,94.816,76.937,31.869,8.9923,26.341,6.8154,18.833,1.6535,33.057,13.97,23.849,1.2434,18.471,2.2508,4.89,2.3647,0.027514,0.85407,0.11297,52.907,43.745,62.451,54.649,26.668,61.583,21.517,39.931,37.589,44.401,46.911,41.545,21.686
77,0.29276,3703.0,4519.2,9.1939,27.185,42.131,2693.2,75.489,120.47,0.35136,79.959,50.455,2620.6,25.334,50.14,3092.8,24.055,65.639,227.26,339.11,94.656,77.148,31.799,8.9582,25.898,7.1097,19.352,1.6506,32.631,13.85,23.918,1.1782,18.644,2.2516,4.9507,2.2899,0.027514,0.85407,0.11297,52.907,43.745,63.147,54.123,28.834,60.87,21.553,41.978,39.439,46.859,46.944,42.5,15.563
78,0.29287,3694.6,4534.1,9.3163,27.28,42.18,2695.2,75.328,120.47,0.35069,80.332,50.366,2623.3,23.554,49.425,3093.4,21.801,65.668,227.53,339.62,94.698,77.247,31.799,8.9582,25.898,7.1097,19.352,1.6506,32.631,13.85,23.918,1.1782,18.644,2.2516,4.9507,2.2899,0.027514,0.85407,0.11297,52.907,43.745,63.292,53.945,28.823,60.052,21.767,42.06,39.176,45.203,47.087,43.312,20.901
79,0.30235,3604.1,4407.6,9.358,26.742,42.357,2692.8,74.851,120.44,0.3394,80.224,51.229,2620.8,26.782,52.157,3091.1,23.529,65.715,228.5,339.5,94.716,77.316,32.269,9.0689,26.172,6.9245,18.491,1.7053,32.732,13.773,23.821,1.2873,19.23,2.2451,4.8807,2.2973,0.027514,0.85407,0.11297,52.907,43.745,62.191,54.133,29.94,59.249,21.754,40.359,41.716,51.526,47.168,43.07,16.804
80,0.30253,3586.1,4487.5,9.2928,26.834,42.392,2696.2,75.04,120.42,0.33982,80.541,49.552,2624.4,24.937,51.031,3093.6,24.828,65.76,231.0,339.87,94.801,77.698,32.269,9.0689,26.172,6.9245,18.491,1.7053,32.732,13.773,23.821,1.2873,19.23,2.2451,4.8807,2.2973,0.027514,0.85407,0.11297,52.907,43.745,62.5,53.177,29.922,60.612,21.795,40.308,36.782,48.919,47.107,42.629,13.669
81,0.25821,3653.1,4580.8,9.2801,26.968,42.136,2697.2,75.322,120.41,0.32923,80.644,49.89,2625.6,25.287,50.475,3096.4,22.914,65.887,231.38,339.65,94.694,77.462,31.806,8.7666,26.178,6.6776,19.353,1.6803,32.49,13.597,23.63,1.1957,18.882,2.3024,4.8869,2.3312,0.029236,0.85404,0.091212,54.291,43.386,62.845,54.147,25.666,62.047,21.829,39.518,37.778,47.634,47.345,42.442,18.205
82,0.25938,3677.2,4561.8,9.3419,26.741,42.495,2696.6,74.566,120.33,0.3313,80.58,51.694,2624.8,23.747,49.896,3096.6,22.47,65.971,230.19,339.74,94.61,77.391,31.806,8.7666,26.178,6.6776,19.353,1.6803,32.49,13.597,23.63,1.1957,18.882,2.3024,4.8869,2.3312,0.029236,0.85404,0.091212,54.291,43.386,62.43,54.374,25.551,59.628,21.413,39.266,43.086,46.294,47.655,39.952,19.241
83,0.30505,3733.3,4425.6,9.2169,26.815,42.584,2695.1,74.923,120.34,0.30653,80.268,48.889,2624.7,24.559,50.419,3094.6,22.512,65.959,231.73,340.05,94.438,77.062,32.426,8.9742,25.988,6.9795,19.393,1.6626,32.556,13.756,23.881,1.3073,19.348,2.2917,4.9229,2.4008,0.029236,0.85404,0.091212,54.291,43.386,63.707,53.866,30.163,61.434,21.758,37.372,34.832,47.503,47.727,40.513,19.18
84,0.30594,3717.2,4427.0,9.2762,26.794,42.375,2694.7,75.795,120.32,0.31013,80.158,50.894,2623.1,25.803,49.206,3093.6,22.973,65.905,230.61,340.01,94.418,76.833,32.426,8.9742,25.988,6.9795,19.393,1.6626,32.556,13.756,23.881,1.3073,19.348,2.2917,4.9229,2.4008,0.029236,0.85404,0.091212,54.291,43.386,63.985,53.849,30.075,59.362,21.507,36.933,40.731,44.696,48.036,38.023,18.112
85,0.24697,3644.3,4456.1,9.2593,26.907,42.19,2691.7,75.2,120.33,0.32317,80.148,50.946,2620.1,25.572,49.846,3089.6,22.811,65.869,231.99,340.06,94.557,77.194,32.378,8.9649,25.422,6.8735,19.012,1.6516,33.078,14.053,23.242,1.3417,19.142,2.2932,4.8535,2.3895,0.029236,0.85404,0.091212,54.291,43.386,62.64,53.301,24.225,59.549,21.627,39.376,40.883,46.177,48.126,38.718,18.48
86,0.24709,3634.3,4455.4,9.3765,26.876,41.963,2691.0,75.589,120.36,0.32767,80.24,50.376,2618.8,26.208,51.559,3087.9,22.003,65.898,232.64,339.99,94.777,76.936,32.378,8.9649,25.422,6.8735,19.012,1.6516,33.078,14.053,23.242,1.3417,19.142,2.2932,4.8535,2.3895,0.014774,0.86311,0.11242,53.024,43.521,62.814,53.31,24.213,60.756,21.672,38.826,39.206,50.141,48.309,38.798,20.42
87,0.24952,3643.1,4510.9,9.3837,26.312,41.829,2689.7,74.55,120.38,0.35829,80.246,50.203,2618.2,24.84,50.03,3087.1,23.248,65.896,235.07,340.12,94.682,77.323,32.404,8.9536,26.142,6.8253,18.915,1.6448,33.307,13.852,23.529,1.0802,18.776,2.2354,4.7883,2.3022,0.014774,0.86311,0.11242,53.024,43.521,63.549,53.507,24.453,59.517,21.505,43.173,38.697,46.604,48.317,39.835,17.441
88,0.2486,3638.5,4501.4,9.3226,26.926,42.368,2688.6,74.382,120.42,0.36128,80.346,50.094,2617.0,26.519,51.025,3087.5,22.229,65.916,232.91,339.57,94.701,77.446,32.404,8.9536,26.142,6.8253,18.915,1.6448,33.307,13.852,23.529,1.0802,18.776,2.2354,4.7883,2.3022,0.014774,0.86311,0.11242,53.024,43.521,63.628,53.621,24.544,61.387,21.623,42.809,38.376,48.906,48.731,39.744,19.846
89,0.2446,3687.9,4502.3,9.2689,26.785,42.112,2688.7,75.416,120.44,0.33643,80.52,50.356,2616.9,24.485,50.041,3088.3,22.609,66.026,234.73,339.25,94.706,77.565,32.068,8.8347,26.098,6.9902,19.386,1.6444,32.781,13.929,23.633,1.3257,19.118,2.2751,4.822,2.3022,0.014774,0.86311,0.11242,53.024,43.521,63.233,53.817,24.023,58.901,21.116,40.644,39.147,46.628,48.785,41.04,18.924
90,0.24631,3709.4,4497.3,9.1754,26.544,42.93,2686.3,74.605,120.45,0.33624,80.496,49.565,2613.6,25.433,49.817,3087.7,22.714,66.078,236.36,338.66,94.608,77.471,32.068,8.8347,26.098,6.9902,19.386,1.6444,32.781,13.929,23.633,1.3257,19.118,2.2751,4.822,2.3022,0.014774,0.86311,0.11242,53.024,43.521,62.862,53.877,23.855,60.802,20.918,40.667,36.819,46.111,48.854,41.721,18.68
91,0.27536,3629.6,4424.7,9.1711,26.449,42.35,2685.8,75.87,120.38,0.34559,80.429,50.768,2614.3,25.297,49.041,3084.3,22.164,66.129,238.45,338.94,94.793,77.028,32.271,8.9056,25.941,6.7267,18.883,1.6746,33.346,13.973,23.647,1.2526,18.772,2.2544,4.9151,2.2951,0.027555,0.86348,0.09998,53.512,43.498,62.765,53.528,27.303,61.765,21.213,41.695,40.359,44.314,49.153,40.281,20.027
92,0.27714,3628.9,4430.8,9.4535,27.179,42.655,2685.9,74.847,120.4,0.3475,80.33,49.536,2612.7,25.39,51.967,3083.9,22.338,66.124,237.46,339.67,94.709,77.05,32.271,8.9056,25.941,6.7267,18.883,1.6746,33.346,13.973,23.647,1.2526,18.772,2.2544,4.9151,2.2951,0.027555,0.86348,0.09998,53.512,43.498,62.776,53.456,27.127,60.495,21.557,41.461,36.736,51.086,49.576,40.687,19.624
93,0.25657,3732.2,4498.7,9.4245,26.532,42.223,2686.7,75.305,120.37,0.35358,80.452,51.123,2615.5,24.32,49.652,3085.6,24.051,66.145,238.77,339.26,94.723,77.367,31.963,8.8325,25.773,6.9595,19.394,1.6598,32.992,13.837,23.101,1.3913,19.264,2.2729,4.9255,2.3084,0.027555,0.86348,0.09998,53.512,43.498,63.333,53.816,25.329,60.626,21.269,42.08,41.405,45.729,49.793,39.201,15.53
94,0.25723,3681.9,4454.7,9.3108,26.896,42.057,2688.2,75.322,120.4,0.35383,80.674,51.085,2617.6,25.807,49.655,3088.3,23.524,66.234,238.38,339.14,94.391,77.745,31.963,8.8325,25.773,6.9595,19.394,1.6598,32.992,13.837,23.101,1.3913,19.264,2.2729,4.9255,2.3084,0.027555,0.86348,0.09998,53.512,43.498,64.198,54.343,25.264,59.393,21.466,42.05,41.293,45.735,50.154,39.336,16.729
95,0.28778,3619.0,4408.2,9.4156,27.055,42.58,2689.6,74.799,120.35,0.33441,80.792,50.378,2616.8,24.452,50.603,3090.0,23.11,66.378,239.43,339.11,94.629,77.623,32.176,8.7429,26.25,6.954,18.468,1.6489,32.762,14.082,23.69,1.366,19.351,2.2835,4.9002,2.3607,0.027555,0.86348,0.09998,53.512,43.498,63.275,53.584,28.269,59.246,21.302,40.905,39.213,47.929,50.38,37.901,17.687
96,0.28749,3648.5,4445.0,9.2107,26.638,42.358,2687.6,74.696,120.36,0.33897,80.715,49.678,2617.1,26.057,50.44,3088.6,22.816,66.468,241.77,339.12,94.576,77.403,32.176,8.7429,26.25,6.954,18.468,1.6489,32.762,14.082,23.69,1.366,19.351,2.2835,4.9002,2.3607,0.039034,0.85418,0.10788,53.516,43.923,62.767,53.143,28.297,63.721,21.316,40.347,37.153,47.551,50.549,37.816,18.393
97,0.26723,3652.6,4511.4,9.2778,26.827,42.719,2685.6,74.471,120.34,0.36663,80.351,49.622,2613.7,24.063,49.929,3087.0,23.436,66.457,241.33,338.92,94.655,77.037,32.181,9.0489,26.091,6.9876,19.207,1.6395,32.875,13.961,23.214,1.4305,18.618,2.297,4.9775,2.3539,0.039034,0.85418,0.10788,53.516,43.923,62.675,54.596,26.476,63.593,20.832,43.721,36.987,46.371,50.932,36.913,16.959
98,0.26631,3655.7,4508.4,9.3635,26.903,42.216,2687.6,74.618,120.39,0.36512,80.459,49.956,2616.2,23.554,49.447,3087.4,22.394,66.42,242.68,339.51,94.726,77.436,32.181,9.0489,26.091,6.9876,19.207,1.6395,32.875,13.961,23.214,1.4305,18.618,2.297,4.9775,2.3539,0.039034,0.85418,0.10788,53.516,43.923,62.622,54.632,26.567,61.007,21.371,43.905,37.97,45.254,51.162,37.886,19.41
99,0.26752,3648.6,4462.3,9.3922,26.587,42.236,2686.8,74.383,120.38,0.35358,80.279,50.842,2615.0,25.943,50.334,3085.9,23.739,66.377,243.86,339.72,94.737,77.156,32.116,8.9489,26.176,6.9372,18.725,1.7246,32.808,13.896,23.315,1.279,19.088,2.2379,4.9139,2.2954,0.039034,0.85418,0.10788,53.516,43.923,62.365,53.358,26.368,63.162,21.342,42.379,40.579,47.308,51.407,37.801,16.25
100,0.26835,3622.9,4451.2,9.4763,26.907,42.087,2689.2,74.928,120.47,0.35332,80.434,48.419,2617.8,25.072,49.568,3087.4,24.302,66.379,248.02,339.84,94.793,77.62,32.116,8.9489,26.176,6.9372,18.725,1.7246,32.808,13.896,23.315,1.279,19.088,2.2379,4.9139,2.2954,0.039034,0.85418,0.10788,53.516,43.923,62.807,53.491,26.286,61.626,21.641,42.41,33.448,45.534,51.386,40.535,14.878
101,0.27567,3628.3,4504.9,9.3881,27.035,42.162,2691.0,75.016,120.43,0.34845,80.566,49.539,2619.9,25.749,50.485,3090.4,22.878,66.447,245.09,339.94,94.649,77.513,32.367,8.869,25.539,6.9013,19.167,1.673,32.715,13.776,23.152,1.3252,18.51,2.3002,4.9591,2.4005,0.012208,0.84017,0.10262,54.24,43.279,63.08,53.999,26.889,62.313,21.595,41.422,36.744,47.657,51.795,39.223,18.256
102,0.27391,3660.0,4536.8,9.3636,26.606,41.984,2693.9,75.2,120.48,0.34811,80.686,52.351,2622.2,26.304,51.246,3093.3,23.221,66.509,246.41,340.42,94.621,77.613,32.367,8.869,25.539,6.9013,19.167,1.673,32.715,13.776,23.152,1.3252,18.51,2.3002,4.9591,2.4005,0.012208,0.84017,0.10262,54.24,43.279,62.536,53.617,27.062,61.317,21.554,41.464,45.018,49.417,51.933,41.553,17.419
103,0.24948,3667.1,4452.3,9.3587,27.165,42.213,2696.0,74.382,120.39,0.33422,80.807,50.225,2626.4,24.77,50.085,3094.7,22.533,66.565,245.84,340.06,94.479,77.918,31.88,9.0174,25.879,6.8337,19.314,1.6355,32.998,13.822,23.482,1.2568,18.761,2.2603,4.811,2.3117,0.012208,0.84017,0.10262,54.24,43.279,62.692,53.516,24.57,61.498,22.084,39.958,38.761,46.73,52.238,39.022,19.006
104,0.25122,3657.8,4481.6,9.3723,26.765,42.164,2695.1,75.14,120.34,0.33224,80.605,50.274,2624.2,25.808,47.782,3093.4,22.985,66.657,248.09,340.92,94.545,77.169,31.88,9.0174,25.879,6.8337,19.314,1.6355,32.998,13.822,23.482,1.2568,18.761,2.2603,4.811,2.3117,0.012208,0.84017,0.10262,54.24,43.279,62.853,53.165,24.399,61.312,21.711,40.2,38.907,41.402,52.286,37.563,17.972
105,0.29638,3700.9,4437.8,9.4315,26.833,42.708,2693.9,74.774,120.35,0.33828,80.274,49.388,2622.2,24.489,51.235,3093.2,23.471,66.604,247.5,341.03,94.419,77.014,32.845,8.9836,25.373,6.6168,18.88,1.6263,32.938,13.75,23.223,1.3415,18.846,2.2909,4.9876,2.3866,0.012208,0.84017,0.10262,54.24,43.279,62.717,53.25,29.366,61.053,21.688,40.655,36.299,49.392,52.594,37.662,16.842
106,0.29723,3660.5,4425.1,9.4902,27.113,42.202,2694.4,74.06,120.36,0.33966,80.084,51.304,2622.9,26.435,50.194,3091.6,23.805,66.512,246.71,341.57,94.756,77.337,32.845,8.9836,25.373,6.6168,18.88,1.6263,32.938,13.75,23.223,1.3415,18.846,2.2909,4.9876,2.3866,0.021573,0.84531,0.091261,54.358,44.565,63.413,53.402,29.283,60.875,21.99,40.487,41.938,46.982,52.588,36.597,16.053
107,0.20317,3703.3,4510.8,9.2734,26.988,42.151,2694.4,74.699,120.44,0.33333,80.189,50.563,2624.1,25.146,51.175,3091.1,22.973,66.469,247.95,341.81,94.313,77.381,32.182,8.7983,25.572,6.8273,19.225,1.6442,33.282,13.813,23.187,1.3276,18.646,2.3281,5.0227,2.3256,0.021573,0.84531,0.091261,54.358,44.565,64.727,53.388,19.802,64.015,22.378,39.275,39.757,49.253,52.591,38.464,18.026
108,0.20217,3732.8,4485.4,9.493,26.577,42.386,2692.3,73.682,120.51,0.33109,80.259,49.395,2621.5,24.076,49.972,3091.4,23.008,66.479,249.04,341.11,94.51,77.244,32.182,8.7983,25.572,6.8273,19.225,1.6442,33.282,13.813,23.187,1.3276,18.646,2.3281,5.0227,2.3256,0.021573,0.84531,0.091261,54.358,44.565,64.219,53.692,19.9,61.651,21.636,39.547,36.32,46.468,52.606,41.436,17.954
109,0.26349,3725.2,4426.5,9.5508,26.94,42.207,2692.6,74.394,120.41,0.34064,80.481,50.589,2622.4,24.496,48.833,3090.9,22.72,66.53,250.49,341.5,94.367,77.71,32.18,8.8244,26.229,6.6683,18.923,1.6651,33.133,14.013,23.532,1.3032,18.588,2.3073,4.959,2.2562,0.021573,0.84531,0.091261,54.358,44.565,62.654,53.504,25.833,61.8,22.071,40.021,39.832,43.834,52.586,38.966,18.589
110,0.26444,3686.3,4448.6,9.3896,26.943,42.544,2695.0,73.882,120.42,0.33492,80.608,49.893,2623.7,23.296,51.251,3092.7,24.663,66.597,247.89,341.24,94.463,77.962,32.18,8.8244,26.229,6.6683,18.923,1.6651,33.133,14.013,23.532,1.3032,18.588,2.3073,4.959,2.2562,0.021573,0.84531,0.091261,54.358,44.565,63.324,53.239,25.74,63.679,21.966,40.72,37.784,49.43,52.922,39.129,13.943
111,0.26381,3713.5,4487.6,9.3368,27.225,42.29,2696.1,75.16,120.34,0.36265,80.739,51.872,2625.4,25.835,52.178,3094.3,21.983,66.721,250.03,341.52,94.331,77.65,32.506,9.147,25.9,6.9453,18.569,1.65,33.6,14.024,23.223,1.2522,18.608,2.303,4.8655,2.2236,0.010507,0.8121,0.10674,53.754,43.568,64.377,53.463,25.843,61.441,21.988,42.817,43.61,51.575,52.974,36.441,20.294
112,0.26433,3735.9,4465.6,9.4245,26.858,42.305,2692.7,74.825,120.34,0.36253,80.424,52.196,2621.5,26.679,50.077,3092.8,22.686,66.762,249.19,341.45,94.273,77.201,32.506,9.147,25.9,6.9453,18.569,1.65,33.6,14.024,23.223,1.2522,18.608,2.303,4.8655,2.2236,0.010507,0.8121,0.10674,53.754,43.568,63.991,53.726,25.792,61.607,21.516,42.832,44.564,46.713,53.211,35.937,18.665
113,0.22918,3667.1,4472.2,9.2125,27.174,42.607,2689.7,75.292,120.35,0.36316,80.029,49.399,2617.7,24.487,50.07,3088.1,23.713,66.658,251.3,341.46,94.621,77.159,32.481,8.9978,26.298,6.8589,19.097,1.6782,33.554,13.917,23.822,1.3206,18.427,2.2911,4.8932,2.3842,0.010507,0.8121,0.10674,53.754,43.568,62.817,54.521,22.73,64.139,21.544,43.326,36.332,46.695,53.191,35.78,16.254
114,0.23067,3654.2,4518.5,9.4489,26.847,42.0,2690.9,74.271,120.43,0.36435,80.194,50.624,2618.8,26.114,50.078,3088.5,23.716,66.613,251.46,341.65,94.618,77.233,32.481,8.9978,26.298,6.8589,19.097,1.6782,33.554,13.917,23.822,1.3206,18.427,2.2911,4.8932,2.3842,0.010507,0.8121,0.10674,53.754,43.568,63.038,53.967,22.584,60.749,21.878,43.181,39.937,46.715,53.349,37.976,16.251
115,0.23039,3699.3,4462.6,9.2719,26.973,42.285,2693.1,74.721,120.55,0.34984,80.432,50.438,2622.1,25.298,50.683,3089.7,24.139,66.623,252.29,341.74,94.738,77.649,31.97,8.9566,26.551,6.9406,18.879,1.6704,33.367,14.0,23.686,1.3925,18.117,2.2458,4.8571,2.3893,0.010507,0.8121,0.10674,53.754,43.568,63.001,53.331,22.466,61.567,22.365,42.33,39.39,48.115,53.444,42.326,15.215
116,0.22826,3675.4,4497.5,9.3971,27.211,42.423,2694.0,73.964,120.56,0.35104,80.676,49.229,2622.1,27.133,50.395,3091.5,22.79,66.727,249.25,341.36,94.532,77.423,31.97,8.9566,26.551,6.9406,18.879,1.6704,33.367,14.0,23.686,1.3925,18.117,2.2458,4.8571,2.3893,0.01892,0.82047,0.099035,53.117,43.351,63.413,52.914,22.676,62.621,22.164,42.183,35.83,47.447,53.015,45.119,18.413
117,0.27831,3643.8,4456.4,9.3794,26.413,42.759,2693.0,74.778,120.52,0.36204,80.589,49.373,2621.1,24.561,50.259,3091.8,22.735,66.787,246.39,341.23,94.638,77.695,32.017,8.9089,26.409,6.8123,18.546,1.6753,33.681,13.884,23.734,1.2378,18.749,2.2506,4.8695,2.3062,0.01892,0.82047,0.099035,53.117,43.351,63.223,53.904,27.406,62.096,21.473,43.253,36.255,47.134,53.056,45.026,18.522
118,0.277,3694.1,4485.1,9.5182,26.973,42.177,2694.5,74.66,120.51,0.36345,80.711,49.147,2623.4,24.268,50.106,3092.7,22.271,66.778,247.97,341.4,94.613,77.769,32.017,8.9089,26.409,6.8123,18.546,1.6753,33.681,13.884,23.734,1.2378,18.749,2.2506,4.8695,2.3062,0.01892,0.82047,0.099035,53.117,43.351,62.357,53.561,27.535,64.15,21.782,43.081,35.591,46.779,52.702,44.714,19.606
119,0.27749,3694.4,4514.9,9.4865,26.721,42.41,2695.8,74.248,120.47,0.3505,80.581,50.072,2625.0,26.115,50.488,3093.2,22.04,66.771,249.07,341.96,94.482,77.575,32.051,8.7476,25.963,6.9616,18.603,1.7213,33.063,13.89,23.5,1.2446,18.951,2.2871,5.031,2.3153,0.01892,0.82047,0.099035,53.117,43.351,63.482,54.032,26.976,61.249,21.964,41.73,38.311,47.663,52.39,44.694,20.162
120,0.27725,3679.5,4511.3,9.3663,26.882,42.58,2698.0,74.328,120.3,0.3485,80.59,48.912,2627.0,23.88,49.645,3096.0,21.941,66.746,247.68,341.99,94.28,77.63,32.051,8.7476,25.963,6.9616,18.603,1.7213,33.063,13.89,23.5,1.2446,18.951,2.2871,5.031,2.3153,0.01892,0.82047,0.099035,53.117,43.351,63.739,54.075,27.0,60.985,22.07,41.975,34.898,45.712,52.302,40.332,20.379
121,0.27636,3659.2,4538.8,9.4334,27.027,42.029,2701.0,75.601,120.28,0.35193,80.402,50.528,2629.4,24.493,51.122,3097.3,22.151,66.684,247.56,343.1,94.391,77.647,32.603,8.8188,25.862,6.8441,18.682,1.6107,33.158,13.831,23.517,1.3268,18.504,2.321,4.9105,2.3066,0.018752,0.81212,0.10492,54.15,43.081,62.775,53.64,26.767,63.316,22.239,41.819,39.655,49.131,52.285,38.739,19.872
122,0.27444,3660.1,4520.9,9.4226,26.927,42.491,2703.0,75.2,120.26,0.35134,80.301,49.014,2631.5,27.143,49.53,3099.8,22.513,66.642,248.2,342.68,94.639,77.431,32.603,8.8188,25.862,6.8441,18.682,1.6107,33.158,13.831,23.517,1.3268,18.504,2.321,4.9105,2.3066,0.018752,0.81212,0.10492,54.15,43.081,62.759,53.854,26.955,61.671,22.389,41.891,35.2,45.446,52.101,37.042,19.024
123,0.22097,3684.0,4469.2,9.4962,26.995,42.131,2703.8,74.763,120.3,0.34745,80.328,50.287,2632.9,26.594,49.454,3099.8,22.785,66.567,245.9,343.52,94.2,77.574,32.177,8.9758,25.985,6.7297,18.735,1.6302,33.508,13.764,23.702,1.2415,18.341,2.2765,4.9074,2.4029,0.018752,0.81212,0.10492,54.15,43.081,63.359,54.301,21.418,61.485,22.68,40.847,38.946,45.27,52.181,37.424,18.356
124,0.21982,3684.9,4512.5,9.4123,27.014,42.183,2702.1,74.651,120.32,0.34804,80.04,50.58,2630.4,25.034,49.399,3098.2,22.17,66.505,246.66,343.22,94.558,77.161,32.177,8.9758,25.985,6.7297,18.735,1.6302,33.508,13.764,23.702,1.2415,18.341,2.2765,4.9074,2.4029,0.018752,0.81212,0.10492,54.15,43.081,63.344,53.783,21.53,64.071,22.283,40.775,39.808,45.143,51.991,37.277,19.863
125,0.25821,3709.9,4501.7,9.2212,26.6,42.502,2703.9,74.971,120.33,0.34155,80.047,49.978,2632.9,23.211,49.922,3097.8,24.146,66.402,246.14,343.63,94.256,77.401,32.513,8.8293,26.197,6.8213,18.852,1.6639,33.089,13.633,23.754,1.396,18.464,2.228,4.9191,2.3618,0.018752,0.81212,0.10492,54.15,43.081,64.005,53.793,25.451,62.789,22.908,39.714,38.036,46.354,51.92,36.675,15.163
126,0.26215,3737.2,4510.1,9.272,26.765,42.448,2702.5,74.987,120.42,0.34083,79.982,49.796,2631.8,24.241,48.723,3099.1,22.341,66.376,246.17,343.63,94.404,77.383,32.513,8.8293,26.197,6.8213,18.852,1.6639,33.089,13.633,23.754,1.396,18.464,2.228,4.9191,2.3618,0.011744,0.79783,0.08667,53.409,43.554,63.536,53.692,25.063,62.956,22.447,39.802,37.501,43.578,51.554,38.775,19.46
127,0.22549,3659.5,4485.0,9.4223,26.794,42.32,2703.6,75.054,120.41,0.32402,80.239,51.251,2633.1,25.427,51.775,3097.7,23.497,66.355,244.72,343.82,94.373,77.773,32.655,8.7347,26.186,6.82,18.309,1.6346,33.208,13.764,23.85,1.3535,18.281,2.2564,4.759,2.355,0.011744,0.79783,0.08667,53.409,43.554,64.169,53.705,21.963,62.966,22.918,38.17,41.782,50.643,51.458,38.328,16.681
128,0.22588,3714.0,4476.8,9.3938,26.692,42.181,2704.0,75.331,120.47,0.32374,80.519,49.752,2633.5,25.127,50.649,3100.0,21.921,66.417,242.73,343.16,94.376,77.495,32.655,8.7347,26.186,6.82,18.309,1.6346,33.208,13.764,23.85,1.3535,18.281,2.2564,4.759,2.355,0.011744,0.79783,0.08667,53.409,43.554,63.231,53.803,21.924,61.992,22.342,38.205,37.37,48.036,51.402,41.512,20.407
129,0.20489,3689.2,4598.7,9.5796,26.975,42.42,2699.7,75.631,120.49,0.33892,80.211,50.684,2628.4,25.117,48.762,3097.2,22.548,66.422,243.61,342.8,94.542,77.06,32.123,8.799,26.139,7.1436,18.868,1.69,33.685,13.924,23.411,1.1661,18.573,2.2563,4.7971,2.2914,0.011744,0.79783,0.08667,53.409,43.554,63.728,53.71,20.478,58.846,22.146,39.67,40.113,43.67,51.095,41.344,18.965
130,0.20552,3695.3,4561.0,9.2512,26.881,42.408,2696.8,75.077,120.5,0.33954,79.989,50.921,2626.7,24.721,49.225,3092.1,23.275,66.336,244.42,342.98,94.461,77.106,32.123,8.799,26.139,7.1436,18.868,1.69,33.685,13.924,23.411,1.1661,18.573,2.2563,4.7971,2.2914,0.011744,0.79783,0.08667,53.409,43.554,63.623,54.161,20.416,62.103,22.613,39.593,40.811,44.741,50.8,42.901,17.268
131,0.25696,3625.2,4493.5,9.251,26.749,42.276,2699.2,74.308,120.46,0.35415,80.329,50.014,2627.8,25.989,50.022,3094.3,22.648,66.327,240.68,342.4,94.767,77.811,32.033,8.8807,26.239,6.8594,18.775,1.7089,33.416,13.836,24.084,1.4273,18.374,2.2605,4.9591,2.3519,0.015946,0.79491,0.095489,53.504,43.997,61.898,53.628,25.062,61.266,22.339,42.133,38.142,46.586,50.489,42.229,18.699
132,0.25499,3615.0,4534.1,9.3994,26.876,42.514,2701.5,75.036,120.49,0.35446,80.495,50.338,2630.0,25.401,49.803,3096.4,22.377,66.329,240.22,342.85,94.789,77.58,32.033,8.8807,26.239,6.8594,18.775,1.7089,33.416,13.836,24.084,1.4273,18.374,2.2605,4.9591,2.3519,0.015946,0.79491,0.095489,53.504,43.997,62.073,53.143,25.256,62.456,22.558,42.096,39.094,46.078,50.119,45.102,19.338
133,0.26604,3651.2,4498.1,9.3786,27.26,42.441,2701.3,74.732,120.5,0.34162,80.439,50.486,2631.2,25.431,50.023,3098.1,23.538,66.369,237.33,342.72,94.621,77.544,32.684,8.9591,26.234,6.8084,18.654,1.648,33.111,13.782,23.673,1.2237,18.747,2.2925,4.9123,2.3099,0.015946,0.79491,0.095489,53.504,43.997,63.829,53.794,26.115,61.262,22.547,41.385,39.531,46.586,49.966,46.342,16.586
134,0.26647,3696.6,4460.9,9.3837,26.595,42.452,2702.7,74.493,120.5,0.34327,80.459,51.14,2632.0,24.484,49.808,3098.8,23.901,66.346,238.33,342.95,94.558,77.592,32.684,8.9591,26.234,6.8084,18.654,1.648,33.111,13.782,23.673,1.2237,18.747,2.2925,4.9123,2.3099,0.015946,0.79491,0.095489,53.504,43.997,63.05,54.239,26.072,62.675,22.241,41.183,41.454,46.089,49.469,47.372,15.713
135,0.20248,3696.7,4532.1,9.3964,26.781,42.386,2702.2,75.156,120.46,0.3419,80.458,50.902,2631.8,26.449,52.388,3098.1,21.353,66.302,237.61,343.05,94.537,77.427,32.279,8.8408,26.349,6.87,18.633,1.6551,33.718,13.732,23.544,1.1521,18.22,2.2513,5.0153,2.3198,0.015946,0.79491,0.095489,53.504,43.997,63.541,53.693,19.623,62.73,22.502,39.9,40.754,52.061,49.127,46.693,21.766
136,0.20196,3672.4,4567.3,9.287,26.914,42.493,2699.1,74.996,120.44,0.33832,80.22,50.772,2628.8,25.177,50.363,3096.1,22.098,66.261,234.62,342.73,94.594,77.259,32.279,8.8408,26.349,6.87,18.633,1.6551,33.718,13.732,23.544,1.1521,18.22,2.2513,5.0153,2.3198,0.018237,0.81087,0.10325,53.938,43.371,63.958,53.272,19.675,59.962,22.349,40.336,40.372,47.375,48.845,47.039,20.014
137,0.23744,3678.0,4508.1,9.3461,27.092,42.366,2700.0,75.327,120.41,0.33541,80.224,50.774,2629.3,26.339,49.502,3096.2,22.215,66.167,232.98,342.83,94.556,77.359,32.32,8.8872,26.34,6.8333,19.37,1.637,33.107,13.846,23.802,1.0871,18.579,2.2589,4.9256,2.3907,0.018237,0.81087,0.10325,53.938,43.371,63.361,54.055,23.298,63.005,22.397,39.253,40.377,45.381,48.528,47.727,19.737
138,0.23543,3695.4,4521.4,9.2853,26.973,42.024,2701.1,75.132,120.44,0.33375,80.211,49.428,2629.7,27.399,49.767,3096.4,24.309,66.072,232.67,342.53,94.533,77.223,32.32,8.8872,26.34,6.8333,19.37,1.637,33.107,13.846,23.802,1.0871,18.579,2.2589,4.9256,2.3907,0.018237,0.81087,0.10325,53.938,43.371,63.061,53.896,23.497,61.418,22.398,39.456,36.416,45.994,48.097,47.813,14.783
139,0.23037,3696.6,4394.0,9.3045,27.101,42.678,2701.8,75.062,120.4,0.34499,80.291,49.669,2630.3,23.852,49.833,3096.2,22.17,66.011,233.54,342.86,94.587,77.568,32.74,8.8854,26.108,6.8039,18.431,1.6768,33.225,13.856,23.904,1.3831,18.671,2.2676,4.9296,2.2847,0.018237,0.81087,0.10325,53.938,43.371,63.392,53.575,22.98,62.12,22.57,41.091,37.127,46.148,47.563,47.381,19.832
140,0.23242,3694.4,4463.4,9.4162,26.94,42.393,2701.8,73.952,120.42,0.34796,80.345,50.251,2631.2,25.223,49.052,3096.4,23.105,65.963,231.07,342.97,94.496,77.852,32.74,8.8854,26.108,6.8039,18.431,1.6768,33.225,13.856,23.904,1.3831,18.671,2.2676,4.9296,2.2847,0.018237,0.81087,0.10325,53.938,43.371,63.43,52.744,22.779,61.342,22.62,40.729,38.837,44.34,47.328,48.499,17.584
141,0.18988,3719.4,4509.0,9.4432,26.597,42.406,2702.2,75.325,120.39,0.34963,80.463,51.29,2631.5,25.936,48.868,3097.7,21.556,65.992,231.85,342.74,94.477,77.502,32.479,9.1357,25.885,6.9739,18.5,1.6419,33.272,13.704,24.057,1.1926,18.353,2.2604,4.8992,2.2702,0.028921,0.81086,0.098919,54.124,43.481,63.316,54.481,18.272,62.351,22.413,40.822,41.898,43.914,47.151,48.376,21.264
142,0.18834,3684.1,4527.6,9.4098,26.539,42.394,2700.4,74.285,120.33,0.34895,80.36,48.869,2629.9,23.913,51.671,3096.2,23.297,65.959,227.7,342.72,94.485,77.353,32.479,9.1357,25.885,6.9739,18.5,1.6419,33.272,13.704,24.057,1.1926,18.353,2.2604,4.8992,2.2702,0.028921,0.81086,0.098919,54.124,43.481,63.924,54.258,18.423,60.292,22.154,40.905,34.771,50.4,47.216,47.154,17.144
143,0.20792,3675.1,4518.9,9.5303,27.027,42.167,2701.3,74.624,120.28,0.33258,80.275,50.821,2630.0,26.696,51.018,3097.2,22.827,65.91,227.57,342.63,94.505,77.019,32.329,8.8856,26.366,6.9041,18.902,1.6752,33.116,13.738,23.742,1.2828,18.651,2.238,4.9245,2.3968,0.028921,0.81086,0.098919,54.124,43.481,62.581,54.245,20.602,63.15,22.45,38.778,40.516,48.889,46.927,43.633,18.279
144,0.20788,3638.1,4520.5,9.4502,26.749,42.252,2702.3,74.756,120.2,0.32937,80.072,49.702,2631.8,23.612,50.113,3097.9,22.681,65.819,228.36,342.64,94.525,77.181,32.329,8.8856,26.366,6.9041,18.902,1.6752,33.116,13.738,23.742,1.2828,18.651,2.238,4.9245,2.3968,0.028921,0.81086,0.098919,54.124,43.481,63.218,54.226,20.606,61.718,22.559,39.169,37.223,46.796,46.56,40.772,18.624
145,0.22042,3622.6,4493.0,9.4477,26.691,42.379,2703.8,75.745,120.18,0.33316,79.982,50.267,2632.7,25.744,49.801,3099.5,22.787,65.703,228.18,342.03,94.468,77.392,32.075,8.7664,26.332,6.9599,18.716,1.707,32.995,13.771,23.648,1.3629,18.503,2.3001,4.9107,2.3428,0.028921,0.81086,0.098919,54.124,43.481,64.045,53.582,21.778,62.019,22.284,39.454,38.887,46.073,46.288,38.771,18.369
146,0.22197,3692.1,4476.5,9.3913,26.887,42.052,2707.3,75.863,120.22,0.33251,80.136,51.598,2637.2,24.763,48.801,3102.1,21.252,65.608,225.87,342.51,94.543,77.574,32.075,8.7664,26.332,6.9599,18.716,1.707,32.995,13.771,23.648,1.3629,18.503,2.3001,4.9107,2.3428,0.02474,0.80935,0.10008,54.85,43.232,62.847,53.779,21.626,62.836,22.909,39.534,42.802,43.76,46.16,37.853,21.993
147,0.24333,3645.1,4491.3,9.3045,26.727,42.328,2707.0,75.153,120.27,0.33612,80.102,47.737,2636.1,24.335,50.417,3103.0,21.585,65.589,223.54,342.72,94.461,77.109,32.154,8.9374,26.434,7.0294,18.683,1.6838,33.436,13.823,23.758,1.2292,18.494,2.2396,4.7561,2.2743,0.02474,0.80935,0.10008,54.85,43.232,63.121,54.052,24.34,61.593,22.695,39.89,31.441,47.498,46.061,38.035,21.234
148,0.24692,3645.4,4463.1,9.355,26.975,42.389,2704.2,75.399,120.33,0.33297,79.637,50.86,2632.4,24.733,50.044,3100.8,23.976,65.459,223.87,342.37,94.621,76.789,32.154,8.9374,26.434,7.0294,18.683,1.6838,33.436,13.823,23.758,1.2292,18.494,2.2396,4.7561,2.2743,0.02474,0.80935,0.10008,54.85,43.232,63.115,54.39,23.986,62.968,22.414,40.273,40.632,46.635,45.73,39.351,15.622
149,0.23854,3636.4,4497.9,9.4024,26.487,42.045,2705.9,75.086,120.37,0.33988,79.737,50.394,2634.8,25.484,51.029,3101.0,23.103,65.332,222.66,342.53,94.744,77.383,32.434,8.8455,26.42,6.829,18.617,1.6551,32.869,13.796,23.762,1.3674,18.46,2.2487,4.7882,2.3196,0.02474,0.80935,0.10008,54.85,43.232,62.555,54.068,23.442,63.075,22.445,40.766,39.259,48.915,45.545,40.0,17.678
150,0.23857,3627.6,4479.7,9.2549,26.535,42.486,2708.5,75.246,120.44,0.34143,80.033,51.332,2637.9,26.001,49.773,3103.6,23.248,65.339,222.05,342.17,94.766,77.539,32.434,8.8455,26.42,6.829,18.617,1.6551,32.869,13.796,23.762,1.3674,18.46,2.2487,4.7882,2.3196,0.02474,0.80935,0.10008,54.85,43.232,62.705,54.285,23.44,61.915,22.48,40.577,42.02,46.008,45.301,41.146,17.319
151,0.21072,3651.2,4521.2,9.4004,26.674,42.328,2709.7,74.359,120.45,0.33797,80.304,48.872,2638.6,24.388,49.463,3105.9,22.811,65.379,222.68,342.14,94.551,77.688,32.501,8.8642,26.866,6.8087,18.707,1.6251,33.512,13.704,24.197,1.3699,18.509,2.2464,4.7936,2.2221,0.031877,0.81812,0.11546,53.952,43.625,64.012,53.973,20.634,60.929,22.231,40.272,34.779,45.292,44.859,42.204,18.329
152,0.21036,3696.6,4494.5,9.3731,26.763,42.346,2709.0,75.007,120.5,0.33622,80.305,49.557,2637.9,26.458,50.444,3105.7,22.299,65.413,217.47,342.02,94.626,77.442,32.501,8.8642,26.866,6.8087,18.707,1.6251,33.512,13.704,24.197,1.3699,18.509,2.2464,4.7936,2.2221,0.031877,0.81812,0.11546,53.952,43.625,63.231,54.292,20.67,63.019,22.418,40.487,36.795,47.56,44.983,44.181,19.555
153,0.20158,3695.3,4484.3,9.3618,26.98,42.233,2707.8,75.119,120.48,0.32542,80.271,49.64,2636.5,25.846,49.761,3103.9,22.442,65.422,218.49,341.82,94.484,77.369,31.991,8.8798,26.556,6.9593,18.759,1.6873,33.072,13.765,24.63,1.2757,18.586,2.2776,4.835,2.1986,0.031877,0.81812,0.11546,53.952,43.625,63.492,54.212,19.692,62.074,22.582,39.227,37.042,45.982,44.552,44.274,19.217
154,0.20084,3674.9,4502.3,9.4349,26.9,42.522,2705.7,75.69,120.5,0.32996,80.227,49.978,2634.4,25.134,48.89,3103.0,23.432,65.389,216.48,341.72,94.615,77.568,31.991,8.8798,26.556,6.9593,18.759,1.6873,33.072,13.765,24.63,1.2757,18.586,2.2776,4.835,2.1986,0.031877,0.81812,0.11546,53.952,43.625,63.843,53.997,19.765,60.527,22.156,38.674,38.035,43.965,44.394,44.727,16.858
155,0.25008,3635.2,4520.9,9.3486,26.874,42.333,2705.7,75.477,120.46,0.33106,80.288,50.524,2634.8,23.326,50.679,3103.1,22.547,65.397,217.07,341.78,94.585,77.473,32.286,8.9385,26.793,6.774,18.645,1.6824,32.854,13.929,23.838,1.2226,18.417,2.276,4.8781,2.2979,0.031877,0.81812,0.11546,53.952,43.625,63.202,53.653,24.514,62.497,22.171,40.028,39.643,48.106,44.004,43.937,18.958
156,0.24867,3658.6,4477.2,9.2765,27.08,41.916,2707.9,75.094,120.45,0.33532,80.422,48.385,2637.2,25.019,50.523,3104.4,23.686,65.405,215.34,341.85,94.678,77.711,32.286,8.9385,26.793,6.774,18.645,1.6824,32.854,13.929,23.838,1.2226,18.417,2.276,4.8781,2.2979,0.020564,0.83908,0.12083,54.274,43.108,62.8,54.175,24.652,61.24,22.603,39.508,33.348,47.745,44.005,43.955,16.221
157,0.22111,3708.0,4511.9,9.3292,27.354,42.486,2706.6,74.964,120.46,0.35288,80.458,49.932,2635.3,26.034,50.616,3106.3,23.176,65.448,214.15,340.94,94.502,77.359,32.149,8.9586,26.338,6.8911,18.788,1.648,33.199,13.966,23.805,1.3295,18.904,2.2895,4.8378,2.2225,0.020564,0.83908,0.12083,54.274,43.108,63.591,54.053,21.849,60.526,22.274,41.788,37.9,47.959,43.849,45.236,17.439
158,0.22137,3688.0,4494.2,9.2407,26.767,42.744,2704.0,74.444,120.45,0.35291,80.262,48.705,2632.3,25.515,50.152,3102.0,20.921,65.415,214.77,341.33,94.55,77.093,32.149,8.9586,26.338,6.8911,18.788,1.648,33.199,13.966,23.805,1.3295,18.904,2.2895,4.8378,2.2225,0.020564,0.83908,0.12083,54.274,43.108,63.934,54.265,21.823,63.268,21.768,41.785,34.29,46.887,43.538,45.511,22.818
159,0.23442,3657.9,4499.3,9.301,26.389,42.39,2700.0,75.551,120.42,0.35438,79.926,47.623,2628.3,25.775,50.337,3098.2,22.275,65.312,213.77,341.29,94.722,76.906,31.871,8.8167,26.587,6.8134,18.801,1.6477,33.306,13.777,23.978,1.3423,18.31,2.2684,4.9785,2.3329,0.020564,0.83908,0.12083,54.274,43.108,63.473,53.861,23.074,61.199,21.575,42.796,31.104,47.313,43.378,45.698,19.651
160,0.23457,3634.3,4462.7,9.349,27.518,42.406,2698.9,75.621,120.39,0.3558,79.878,52.232,2627.3,25.584,50.093,3097.5,23.003,65.163,213.93,340.79,94.808,77.096,31.871,8.8167,26.587,6.8134,18.801,1.6477,33.306,13.777,23.978,1.3423,18.31,2.2684,4.9785,2.3329,0.020564,0.83908,0.12083,54.274,43.108,63.878,54.3,23.059,61.86,22.136,42.623,44.67,46.75,43.123,45.406,17.944
161,0.26418,3681.9,4524.6,9.2702,26.581,42.178,2702.7,75.389,120.44,0.33642,80.061,49.556,2631.4,25.381,50.126,3098.9,24.243,65.108,215.22,341.24,94.57,77.656,32.455,8.9017,25.962,6.8154,18.798,1.6113,32.874,13.827,23.871,1.436,18.231,2.2464,4.8789,2.3149,0.0101,0.84596,0.089992,54.323,43.865,63.767,53.524,25.808,60.593,21.953,39.996,36.795,46.826,43.288,46.858,14.968
162,0.26371,3711.2,4484.2,9.4159,26.575,42.26,2705.0,75.286,120.38,0.33312,80.353,48.516,2633.2,26.019,50.573,3102.7,23.555,65.164,213.57,340.76,94.564,77.673,32.455,8.9017,25.962,6.8154,18.798,1.6113,32.874,13.827,23.871,1.436,18.231,2.2464,4.8789,2.3149,0.0101,0.84596,0.089992,54.323,43.865,63.264,54.008,25.854,61.806,21.95,40.398,33.734,47.861,43.414,44.421,16.577
163,0.20387,3713.0,4495.8,9.5827,26.954,42.169,2706.2,75.296,120.34,0.34007,80.529,49.538,2635.1,24.506,51.556,3103.5,22.439,65.238,213.17,340.89,94.405,77.69,32.42,8.8174,26.477,6.9175,18.66,1.6652,33.079,13.828,24.41,1.3561,18.403,2.2577,4.6965,2.1754,0.0101,0.84596,0.089992,54.323,43.865,63.28,53.873,20.681,59.951,22.332,40.869,36.742,50.135,43.423,43.337,19.195
164,0.20675,3717.5,4478.2,9.3208,27.044,42.514,2705.1,74.913,120.26,0.34125,80.364,48.668,2633.4,26.643,50.375,3103.3,22.286,65.284,214.53,340.86,94.38,77.395,32.42,8.8174,26.477,6.9175,18.66,1.6652,33.079,13.828,24.41,1.3561,18.403,2.2577,4.6965,2.1754,0.0101,0.84596,0.089992,54.323,43.865,63.202,54.083,20.398,61.003,22.091,40.724,34.179,47.402,43.276,40.8,19.574
165,0.20678,3661.1,4509.3,9.3493,27.067,42.259,2701.9,75.263,120.26,0.34031,80.039,50.873,2630.4,25.969,50.426,3100.1,23.268,65.244,214.97,340.42,94.551,77.089,32.294,8.7822,26.436,7.1473,18.26,1.6739,32.282,13.757,23.974,1.4004,18.251,2.2306,4.9854,2.3042,0.0101,0.84596,0.089992,54.323,43.865,63.291,54.058,20.547,63.943,21.945,40.852,40.67,47.52,43.216,38.795,17.277
166,0.2079,3692.0,4465.7,9.3982,27.288,42.33,2702.1,74.213,120.23,0.34433,79.92,50.393,2630.7,25.579,48.779,3099.6,23.193,65.141,214.86,340.75,94.515,77.038,32.294,8.7822,26.436,7.1473,18.26,1.6739,32.282,13.757,23.974,1.4004,18.251,2.2306,4.9854,2.3042,0.026695,0.83371,0.097489,54.642,43.121,62.759,54.58,20.436,61.426,22.213,40.361,39.257,43.708,43.398,36.806,17.47
167,0.21901,3594.1,4578.5,9.3255,27.264,41.964,2703.1,74.889,120.26,0.33269,79.827,47.231,2630.9,24.449,48.735,3100.1,22.97,65.072,214.04,340.32,94.76,77.039,32.052,8.8399,26.102,6.993,18.695,1.6716,33.369,13.804,24.653,1.1781,18.795,2.3055,4.9217,2.3479,0.026695,0.83371,0.097489,54.642,43.121,62.287,54.266,21.389,59.679,22.073,39.848,29.952,43.605,43.54,36.475,18.022
168,0.21987,3611.9,4546.4,9.3284,26.994,41.952,2705.4,75.636,120.29,0.33663,79.861,48.388,2632.9,24.718,51.959,3101.5,23.031,65.002,215.02,340.4,94.867,77.4,32.052,8.8399,26.102,6.993,18.695,1.6716,33.369,13.804,24.653,1.1781,18.795,2.3055,4.9217,2.3479,0.026695,0.83371,0.097489,54.642,43.121,61.98,54.651,21.305,60.682,22.211,39.367,33.356,51.067,43.525,34.793,17.871
169,0.24214,3635.3,4527.1,9.3891,26.764,42.336,2708.6,74.278,120.38,0.33966,80.025,50.538,2637.0,25.219,50.322,3105.7,23.481,65.005,216.15,340.84,94.732,77.3,31.875,8.8321,26.355,7.0359,18.297,1.6482,32.697,13.998,23.929,1.3845,18.655,2.2143,4.8932,2.318,0.026695,0.83371,0.097489,54.642,43.121,62.754,53.862,23.76,63.029,22.218,40.187,39.684,47.279,43.494,37.356,16.81
170,0.24334,3612.1,4541.2,9.4415,27.079,42.444,2708.5,75.539,120.4,0.33897,80.018,50.058,2636.2,25.915,50.13,3107.5,22.493,65.048,216.08,340.18,94.822,77.251,31.875,8.8321,26.355,7.0359,18.297,1.6482,32.697,13.998,23.929,1.3845,18.655,2.2143,4.8932,2.318,0.026695,0.83371,0.097489,54.642,43.121,63.153,53.693,23.642,59.652,22.054,40.271,38.271,46.835,43.567,37.655,19.16
171,0.26039,3617.9,4576.9,9.377,26.96,42.078,2709.8,75.052,120.49,0.36103,80.129,48.25,2638.5,23.807,49.7,3107.8,23.739,65.049,214.22,340.32,94.71,77.733,31.962,9.0067,26.207,6.8368,19.051,1.6654,32.838,13.854,24.315,1.3102,18.75,2.2523,4.8538,2.3646,0.017312,0.83269,0.099485,54.271,43.95,62.552,54.289,25.785,61.274,22.112,42.885,32.951,45.84,43.493,39.914,16.169
172,0.25989,3652.3,4573.3,9.3546,26.776,42.46,2711.7,74.225,120.49,0.3566,80.327,49.071,2640.4,25.45,49.299,3110.0,22.896,65.082,215.03,340.53,94.669,77.67,31.962,9.0067,26.207,6.8368,19.051,1.6654,32.838,13.854,24.315,1.3102,18.75,2.2523,4.8538,2.3646,0.017312,0.83269,0.099485,54.271,43.95,61.96,54.332,25.835,61.767,22.105,43.425,35.367,44.912,43.351,40.361,18.167
173,0.2554,3651.0,4471.9,9.3319,26.681,42.147,2710.9,74.724,120.49,0.34503,80.288,50.99,2639.9,25.616,49.949,3110.1,23.633,65.154,213.5,340.16,94.77,77.266,31.743,8.943,26.52,6.8819,18.89,1.6546,32.857,13.783,24.277,1.2091,18.839,2.2584,4.8405,2.2896,0.017312,0.83269,0.099485,54.271,43.95,63.678,53.713,25.18,61.709,22.004,41.144,41.014,46.417,43.416,40.647,16.439
174,0.25616,3682.1,4511.0,9.3515,26.751,42.739,2709.4,75.44,120.47,0.34425,80.223,49.955,2638.2,25.274,49.45,3109.8,22.837,65.138,214.0,339.99,94.442,77.819,31.743,8.943,26.52,6.8819,18.89,1.6546,32.857,13.783,24.277,1.2091,18.839,2.2584,4.8405,2.2896,0.017312,0.83269,0.099485,54.271,43.95,63.143,53.245,25.106,61.106,21.574,41.238,37.968,45.261,43.301,41.415,18.291
175,0.28203,3685.5,4474.4,9.2769,27.354,42.098,2711.0,75.096,120.45,0.33884,80.247,50.236,2639.4,26.557,49.378,3110.0,23.264,65.154,213.41,340.85,94.658,77.305,32.202,8.8434,26.874,6.7345,18.486,1.6025,32.454,13.823,24.441,1.3313,18.608,2.2044,4.8417,2.2669,0.017312,0.83269,0.099485,54.271,43.95,62.71,54.048,27.42,63.71,22.12,39.995,38.796,45.095,43.282,41.433,17.308
176,0.28114,3643.4,4524.3,9.2114,26.978,42.265,2711.2,74.887,120.44,0.33408,80.283,48.716,2639.9,24.627,48.634,3110.0,22.812,65.166,212.05,341.28,94.507,77.401,32.202,8.8434,26.874,6.7345,18.486,1.6025,32.454,13.823,24.441,1.3313,18.608,2.2044,4.8417,2.2669,0.012716,0.8518,0.10606,53.257,42.985,63.434,53.45,27.507,64.492,22.007,40.576,34.321,43.373,43.303,40.27,18.364
177,0.23877,3711.2,4549.0,9.39,26.74,42.312,2708.3,75.082,120.44,0.3423,80.014,48.792,2636.0,25.545,51.036,3108.3,22.558,65.134,214.7,340.77,94.627,76.771,31.846,8.8171,26.391,6.9315,18.451,1.644,32.873,13.748,24.415,1.2828,18.488,2.2631,4.9181,2.3789,0.012716,0.8518,0.10606,53.257,42.985,63.631,54.159,23.374,62.141,21.774,40.598,34.545,48.932,42.984,40.535,19.028
178,0.23775,3705.9,4553.7,9.4266,26.851,42.615,2706.4,75.31,120.46,0.34524,79.912,49.508,2635.5,25.475,49.448,3105.2,22.407,65.061,213.08,341.37,94.463,77.254,31.846,8.8171,26.391,6.9315,18.451,1.644,32.873,13.748,24.415,1.2828,18.488,2.2631,4.9181,2.3789,0.012716,0.8518,0.10606,53.257,42.985,63.722,54.103,23.475,61.304,22.239,40.24,36.651,45.255,43.052,41.607,19.378
179,0.27328,3682.5,4553.2,9.3692,26.794,42.505,2707.1,75.696,120.4,0.33025,79.947,49.539,2635.9,25.686,49.428,3105.2,23.048,65.019,212.51,341.08,94.671,77.414,32.425,8.87,26.108,7.0116,18.766,1.6779,32.636,13.67,24.541,1.1771,18.82,2.2459,4.8277,2.2838,0.012716,0.8518,0.10606,53.257,42.985,62.442,54.247,27.079,62.14,22.252,40.026,36.744,45.211,43.027,39.805,17.851
180,0.27361,3641.7,4496.5,9.2856,26.641,42.622,2709.2,75.053,120.46,0.33766,80.146,51.229,2638.6,25.434,50.797,3108.0,22.987,65.002,211.92,341.0,94.425,77.631,32.425,8.87,26.108,7.0116,18.766,1.6779,32.636,13.67,24.541,1.1771,18.82,2.2459,4.8277,2.2838,0.012716,0.8518,0.10606,53.257,42.985,63.145,54.926,27.047,61.528,21.966,39.122,41.717,48.378,43.002,41.767,17.972
181,0.2173,3677.6,4530.1,9.3846,26.95,42.051,2709.9,75.422,120.41,0.32473,80.198,50.973,2638.9,24.572,50.646,3107.3,22.824,65.062,213.08,340.97,94.713,77.173,32.143,8.9061,26.614,6.8461,18.663,1.631,33.223,13.649,24.543,1.3273,17.744,2.2898,4.8034,2.3139,0.035791,0.85294,0.08651,53.625,43.114,61.74,53.778,21.68,59.884,22.162,38.427,40.963,48.029,43.317,41.186,18.385
182,0.21676,3619.3,4519.8,9.2769,27.217,42.493,2710.0,75.04,120.42,0.32441,80.161,49.752,2639.2,23.886,50.667,3106.6,22.457,65.103,212.96,341.57,94.655,77.463,32.143,8.9061,26.614,6.8461,18.663,1.631,33.223,13.649,24.543,1.3273,17.744,2.2898,4.8034,2.3139,0.035791,0.85294,0.08651,53.625,43.114,62.742,53.901,21.733,61.901,22.483,38.466,37.371,48.079,43.465,41.689,19.232
183,0.24545,3703.4,4512.5,9.4075,27.05,42.609,2709.5,74.316,120.4,0.32393,80.003,50.131,2638.3,26.133,48.908,3107.1,21.961,65.089,214.74,341.11,94.72,77.026,31.92,8.9785,26.609,6.9998,18.513,1.6147,32.559,13.75,24.09,1.297,18.324,2.2236,4.9014,2.2048,0.035791,0.85294,0.08651,53.625,43.114,62.703,54.252,24.094,62.535,22.305,37.735,38.487,44.007,43.442,41.156,20.451
184,0.24436,3622.9,4530.5,9.2254,27.114,42.398,2708.1,74.429,120.43,0.32293,79.869,50.371,2636.6,26.414,50.621,3107.2,21.906,65.059,215.14,340.75,94.671,77.139,31.92,8.9785,26.609,6.9998,18.513,1.6147,32.559,13.75,24.09,1.297,18.324,2.2236,4.9014,2.2048,0.035791,0.85294,0.08651,53.625,43.114,64.087,54.037,24.202,62.332,22.245,37.857,39.193,47.971,43.548,41.858,20.599
185,0.26862,3640.8,4543.2,9.4246,26.967,42.351,2709.6,75.317,120.45,0.32901,79.895,49.289,2639.0,25.047,51.287,3105.9,23.534,65.004,214.9,341.22,94.697,77.288,31.935,8.8921,26.436,6.7256,18.953,1.6801,32.707,13.787,24.213,1.1087,18.813,2.2774,4.8,2.286,0.035791,0.85294,0.08651,53.625,43.114,62.393,54.285,26.361,61.612,22.502,39.631,36.008,49.513,43.711,43.248,16.732
186,0.2682,3625.5,4515.7,9.3498,26.475,42.136,2712.1,74.688,120.46,0.33334,80.222,50.6,2641.9,25.762,49.917,3109.0,22.391,65.048,216.85,341.32,94.615,77.666,31.935,8.8921,26.436,6.7256,18.953,1.6801,32.707,13.787,24.213,1.1087,18.813,2.2774,4.8,2.286,0.03381,0.85053,0.094899,54.871,44.151,62.656,54.614,26.403,62.857,22.355,39.102,39.867,46.343,43.734,43.76,19.404
187,0.27026,3682.1,4508.2,9.3595,27.339,42.162,2712.3,74.053,120.47,0.33894,80.245,50.466,2641.0,24.022,50.16,3110.4,23.049,65.152,217.97,341.05,94.59,77.527,32.104,9.0023,26.753,6.7024,18.818,1.6298,32.877,13.732,24.385,1.3856,18.528,2.2288,4.7302,2.3009,0.03381,0.85053,0.094899,54.871,44.151,64.105,53.631,26.464,61.379,22.53,39.339,39.472,46.904,43.792,44.745,17.838
188,0.2691,3739.1,4517.0,9.3296,27.119,42.081,2710.7,75.196,120.49,0.33435,80.18,49.012,2640.3,24.363,50.271,3108.5,23.137,65.207,217.06,341.51,94.441,77.253,32.104,9.0023,26.753,6.7024,18.818,1.6298,32.877,13.732,24.385,1.3856,18.528,2.2288,4.7302,2.3009,0.03381,0.85053,0.094899,54.871,44.151,63.125,53.526,26.577,62.339,22.323,39.9,35.192,47.162,44.029,47.155,17.646
189,0.25436,3713.4,4523.3,9.1859,26.525,42.225,2709.6,75.415,120.44,0.32718,80.15,50.311,2637.9,26.063,49.465,3107.8,22.133,65.244,215.68,341.28,94.398,77.436,31.999,8.9456,26.479,6.8184,18.823,1.6148,32.865,13.818,24.11,1.1368,18.687,2.2736,4.8259,2.2651,0.03381,0.85053,0.094899,54.871,44.151,63.93,53.764,25.145,63.394,22.012,39.201,39.015,45.296,44.309,46.537,20.019
190,0.25294,3741.6,4558.9,9.3633,27.134,42.662,2706.1,75.793,120.43,0.32419,80.03,50.621,2635.3,25.585,49.695,3105.6,23.171,65.234,217.21,340.8,94.541,77.248,31.999,8.9456,26.479,6.8184,18.823,1.6148,32.865,13.818,24.11,1.1368,18.687,2.2736,4.8259,2.2651,0.03381,0.85053,0.094899,54.871,44.151,63.444,53.337,25.284,62.3,22.19,39.565,39.927,45.828,44.329,45.822,17.571
191,0.26757,3699.2,4518.9,9.143,26.432,42.12,2706.3,75.593,120.43,0.33557,80.119,49.123,2634.9,25.237,49.596,3104.2,22.815,65.237,217.26,341.19,94.469,77.522,32.238,8.8167,26.703,6.8345,18.967,1.6146,32.584,13.779,24.492,1.3606,18.488,2.2647,4.8313,2.2567,0.024967,0.85946,0.10153,53.03,44.224,63.271,53.795,26.117,62.291,21.913,40.401,35.518,45.6,44.448,46.563,18.395
192,0.26592,3681.6,4512.3,9.3787,26.873,42.435,2704.6,75.571,120.42,0.33674,80.071,49.749,2633.7,25.975,50.129,3102.9,23.546,65.29,218.57,341.04,94.632,77.068,32.238,8.8167,26.703,6.8345,18.967,1.6146,32.584,13.779,24.492,1.3606,18.488,2.2647,4.8313,2.2567,0.024967,0.85946,0.10153,53.03,44.224,63.573,53.874,26.279,62.073,22.038,40.26,37.36,46.832,44.47,46.939,16.693
193,0.24463,3712.5,4458.3,9.3264,26.599,41.87,2705.2,75.255,120.42,0.33773,80.196,49.807,2633.5,27.011,50.454,3102.4,22.599,65.295,219.08,340.97,94.504,77.436,32.131,8.9381,26.506,7.0991,18.554,1.6388,32.754,13.697,24.188,1.2996,17.975,2.2729,4.8574,2.2669,0.024967,0.85946,0.10153,53.03,44.224,62.952,54.149,23.98,61.688,22.063,39.074,37.531,47.586,44.564,48.074,18.914
194,0.24544,3683.7,4431.0,9.2055,26.894,42.3,2705.0,76.077,120.43,0.331,80.244,50.343,2634.0,24.677,50.522,3101.6,21.628,65.346,221.33,341.3,94.556,77.2,32.131,8.9381,26.506,7.0991,18.554,1.6388,32.754,13.697,24.188,1.2996,17.975,2.2729,4.8574,2.2669,0.024967,0.85946,0.10153,53.03,44.224,63.449,54.476,23.901,60.66,22.251,39.895,39.109,47.742,44.5,48.699,21.229
195,0.25737,3598.0,4546.8,9.3938,27.016,42.683,2702.5,74.452,120.39,0.32539,79.982,51.911,2630.4,26.06,48.733,3100.9,23.698,65.348,218.42,340.42,94.735,77.252,32.016,8.9891,26.518,6.8028,18.617,1.6672,32.843,13.73,24.684,1.4564,18.18,2.2613,4.8168,2.3418,0.024967,0.85946,0.10153,53.03,44.224,62.522,54.105,24.76,60.842,21.98,38.248,43.723,43.602,44.897,48.521,16.33
196,0.25443,3604.7,4545.9,9.366,26.459,42.231,2703.4,75.444,120.36,0.32341,80.071,50.214,2631.4,25.614,52.219,3102.1,23.057,65.351,221.51,340.58,94.77,76.988,32.016,8.9891,26.518,6.8028,18.617,1.6672,32.843,13.73,24.684,1.4564,18.18,2.2613,4.8168,2.3418,0.028763,0.83264,0.10654,53.673,43.158,62.408,54.116,25.049,61.259,21.545,38.489,38.73,51.67,45.023,47.592,17.873
197,0.26655,3660.6,4529.5,9.3554,27.109,42.203,2706.2,75.499,120.39,0.3253,80.129,50.457,2635.6,26.128,48.92,3102.9,23.366,65.359,221.99,340.99,94.724,77.366,32.395,9.0144,26.471,7.0151,18.718,1.6959,32.372,13.667,24.362,1.191,18.69,2.2653,4.9075,2.2157,0.028763,0.83264,0.10654,53.673,43.158,63.98,54.189,26.28,60.456,22.182,38.985,39.445,44.035,45.232,49.225,17.115
198,0.26774,3708.6,4507.4,9.2794,27.136,42.299,2707.6,75.945,120.39,0.32501,80.334,48.235,2636.3,24.822,48.79,3106.3,23.164,65.411,223.3,340.76,94.417,77.776,32.395,9.0144,26.471,7.0151,18.718,1.6959,32.372,13.667,24.362,1.191,18.69,2.2653,4.9075,2.2157,0.028763,0.83264,0.10654,53.673,43.158,63.154,54.454,26.163,62.5,22.2,39.021,32.906,43.735,45.363,49.152,17.545
199,0.22978,3610.2,4542.4,9.3806,27.458,42.408,2707.3,74.565,120.31,0.31873,80.301,51.164,2635.6,24.358,51.633,3104.3,23.903,65.513,221.22,340.89,94.584,77.167,32.058,9.0169,26.906,6.9927,18.903,1.6185,32.744,13.815,24.089,1.3407,18.273,2.2628,4.8975,2.2431,0.028763,0.83264,0.10654,53.673,43.158,62.958,53.804,22.657,58.749,22.366,37.919,41.524,50.312,45.791,46.3,15.817
200,0.23015,3617.7,4501.1,9.3171,26.985,42.174,2704.8,75.609,120.27,0.32222,79.939,49.968,2633.7,24.005,49.355,3102.8,23.514,65.507,223.32,341.02,94.602,76.775,32.058,9.0169,26.906,6.9927,18.903,1.6185,32.744,13.815,24.089,1.3407,18.273,2.2628,4.8975,2.2431,0.028763,0.83264,0.10654,53.673,43.158,62.829,54.299,22.621,59.548,22.443,37.494,38.006,45.042,45.851,43.91,16.785
201,0.2618,3613.0,4509.3,9.3202,27.202,42.784,2704.7,75.638,120.24,0.33279,79.654,51.193,2632.6,25.039,48.583,3101.2,23.151,65.375,221.22,340.97,94.64,76.845,32.185,8.9764,26.414,6.8219,18.85,1.6357,32.529,13.863,24.431,1.1537,18.616,2.2554,4.9477,2.2722,0.0078051,0.84362,0.098951,54.562,43.688,62.993,53.74,25.837,61.714,22.332,40.035,41.612,43.256,45.626,42.709,17.679
202,0.26148,3643.2,4467.6,9.3592,26.99,42.262,2705.4,74.807,120.24,0.33717,79.59,50.177,2634.1,24.122,50.507,3102.8,23.411,65.257,224.11,341.27,94.784,77.013,32.185,8.9764,26.414,6.8219,18.85,1.6357,32.529,13.863,24.431,1.1537,18.616,2.2554,4.9477,2.2722,0.0078051,0.84362,0.098951,54.562,43.688,62.472,54.239,25.868,61.261,22.274,39.501,38.62,47.707,45.338,40.711,17.075
203,0.24949,3680.3,4543.5,9.3017,26.585,42.518,2708.9,74.774,120.27,0.3388,79.838,50.946,2637.8,25.241,48.952,3105.0,23.964,65.201,222.08,341.51,94.536,77.368,31.862,8.7499,26.193,6.8579,18.68,1.58,33.039,13.883,23.889,1.2496,18.524,2.2152,4.8456,2.3163,0.0078051,0.84362,0.098951,54.562,43.688,63.308,53.445,24.769,60.807,22.249,40.617,40.884,44.108,45.489,40.449,15.734
204,0.25082,3695.8,4482.8,9.3261,26.777,42.094,2709.2,75.138,120.3,0.33863,79.948,49.165,2637.8,24.038,48.378,3105.7,23.547,65.235,225.29,341.07,94.517,77.123,31.862,8.7499,26.193,6.8579,18.68,1.58,33.039,13.883,23.889,1.2496,18.524,2.2152,4.8456,2.3163,0.0078051,0.84362,0.098951,54.562,43.688,63.041,54.171,24.639,60.949,22.311,40.637,35.641,42.78,45.167,39.854,16.732
205,0.28496,3680.3,4565.3,9.2057,26.933,42.501,2708.8,75.336,120.34,0.34192,79.978,51.451,2637.2,23.346,49.096,3107.0,23.596,65.293,223.58,340.99,94.536,77.066,31.608,8.8322,26.394,6.9153,18.99,1.6737,33.213,13.856,24.551,1.2494,18.458,2.2661,4.7736,2.2099,0.0078051,0.84362,0.098951,54.562,43.688,63.033,53.603,27.754,60.45,21.981,40.847,42.37,44.441,45.283,40.333,16.62
206,0.28301,3670.1,4556.2,9.2411,27.008,42.658,2707.4,75.681,120.35,0.34104,79.808,51.378,2635.2,27.49,50.389,3105.6,23.159,65.28,223.74,340.9,94.542,76.927,31.608,8.8322,26.394,6.9153,18.99,1.6737,33.213,13.856,24.551,1.2494,18.458,2.2661,4.7736,2.2099,0.027652,0.86117,0.095292,53.955,44.309,63.207,53.712,27.945,61.909,21.978,40.955,42.157,47.434,45.518,40.306,17.679
207,0.31459,3673.9,4451.7,9.3447,27.084,42.126,2709.2,74.705,120.35,0.34042,80.008,51.149,2638.7,25.482,50.514,3104.6,22.422,65.283,223.95,341.81,94.494,77.205,32.126,8.891,26.7,6.9576,19.192,1.6879,32.867,13.732,24.134,1.3519,18.366,2.272,4.8095,2.323,0.027652,0.86117,0.095292,53.955,44.309,62.634,54.191,30.607,63.332,22.449,40.377,41.481,47.723,45.587,39.989,19.407
208,0.31042,3627.7,4453.5,9.1725,27.219,42.434,2708.5,74.542,120.39,0.3385,80.054,49.532,2637.8,26.521,48.961,3106.8,22.052,65.342,223.13,341.29,94.602,77.17,32.126,8.891,26.7,6.9576,19.192,1.6879,32.867,13.732,24.134,1.3519,18.366,2.272,4.8095,2.323,0.027652,0.86117,0.095292,53.955,44.309,63.429,54.17,31.017,62.146,22.229,40.611,36.723,44.13,45.745,39.332,20.278
209,0.26597,3639.6,4445.4,9.2985,26.835,42.39,2708.4,76.108,120.41,0.3271,80.054,50.9,2637.4,26.357,51.192,3103.6,22.164,65.394,224.49,341.43,94.546,77.247,31.892,8.7371,26.315,7.0063,18.707,1.6409,32.847,13.824,24.413,1.4132,18.449,2.2113,4.7931,2.2839,0.027652,0.86117,0.095292,53.955,44.309,62.803,53.72,26.193,61.518,22.553,38.627,40.748,49.293,45.707,39.117,20.01
210,0.26661,3626.0,4442.7,9.4079,27.019,42.201,2706.9,74.246,120.38,0.32645,79.993,48.913,2635.8,23.773,48.852,3103.4,22.756,65.407,223.7,342.0,94.666,76.901,31.892,8.7371,26.315,7.0063,18.707,1.6409,32.847,13.824,24.413,1.4132,18.449,2.2113,4.7931,2.2839,0.027652,0.86117,0.095292,53.955,44.309,63.036,53.752,26.13,60.399,22.315,38.706,34.9,43.878,45.86,39.775,18.628
211,0.28991,3624.2,4546.4,9.3301,27.088,42.614,2705.3,74.856,120.43,0.33607,79.871,49.769,2633.4,25.484,49.874,3103.2,22.471,65.418,224.76,341.57,94.741,76.982,32.227,8.9208,26.822,6.8172,18.543,1.6269,32.89,13.694,24.11,1.3025,19.37,2.3107,4.831,2.3479,0.017518,0.84944,0.096276,53.774,43.743,62.547,53.671,28.663,60.515,22.107,39.927,37.421,46.243,46.329,40.273,19.315
212,0.29021,3635.8,4514.9,9.3817,26.602,41.98,2707.6,74.872,120.43,0.33686,80.035,50.289,2637.2,25.983,51.301,3102.4,22.751,65.42,227.18,341.98,94.682,77.502,32.227,8.9208,26.822,6.8172,18.543,1.6269,32.89,13.694,24.11,1.3025,19.37,2.3107,4.831,2.3479,0.017518,0.84944,0.096276,53.774,43.743,62.348,54.048,28.633,60.27,22.523,39.831,38.95,49.544,46.404,40.772,18.615
213,0.26038,3684.6,4504.8,9.3688,26.818,42.343,2708.4,75.853,120.48,0.32182,80.049,47.521,2637.6,23.438,49.989,3103.2,23.599,65.492,226.19,342.25,94.704,77.207,32.279,8.7842,26.069,6.9286,18.869,1.6789,32.717,13.687,24.389,1.0474,18.929,2.2397,4.7841,2.3273,0.017518,0.84944,0.096276,53.774,43.743,63.138,54.597,25.444,61.402,22.631,38.085,30.804,46.508,46.78,42.056,16.62
214,0.25837,3640.9,4527.1,9.4664,26.892,42.408,2706.6,75.655,120.47,0.31847,80.024,50.095,2635.5,25.858,49.088,3102.7,23.468,65.539,226.03,342.23,94.558,77.222,32.279,8.7842,26.069,6.9286,18.869,1.6789,32.717,13.687,24.389,1.0474,18.929,2.2397,4.7841,2.3273,0.017518,0.84944,0.096276,53.774,43.743,63.889,54.33,25.641,58.528,22.509,38.494,38.378,44.424,47.08,41.339,16.931
215,0.25152,3662.9,4552.7,9.483,27.164,42.748,2705.8,75.24,120.44,0.31873,80.062,48.733,2634.1,24.615,49.15,3101.7,23.386,65.594,227.8,341.94,94.651,77.318,32.06,8.732,26.677,6.8988,18.83,1.6906,33.544,13.989,23.85,1.1658,18.572,2.2846,4.8074,2.2979,0.017518,0.84944,0.096276,53.774,43.743,62.542,53.235,25.192,58.454,22.47,38.097,34.371,44.568,47.205,42.136,17.113
216,0.25264,3657.8,4505.5,9.3771,26.878,42.041,2705.1,74.479,120.41,0.3232,79.965,49.855,2633.9,25.438,51.89,3100.4,24.059,65.631,231.37,342.28,94.661,76.896,32.06,8.732,26.677,6.8988,18.83,1.6906,33.544,13.989,23.85,1.1658,18.572,2.2846,4.8074,2.2979,0.020848,0.85179,0.10365,53.853,44.081,62.63,53.8,25.082,62.153,22.596,37.551,37.673,50.908,46.903,40.868,15.553
217,0.27522,3679.5,4494.3,9.3552,27.156,42.237,2704.0,75.37,120.41,0.35738,79.972,49.756,2632.7,26.407,49.343,3099.8,22.141,65.623,227.88,341.95,94.608,77.445,32.084,8.901,26.414,6.7591,18.911,1.6972,33.187,13.743,23.792,1.0965,18.409,2.2783,4.823,2.2569,0.020848,0.85179,0.10365,53.853,44.081,62.488,54.019,27.074,61.498,22.554,41.468,37.383,45.013,47.384,40.624,20.077
218,0.27487,3666.7,4520.3,9.2055,26.717,42.239,2706.6,75.915,120.39,0.35389,80.193,50.524,2635.7,24.826,50.074,3099.9,23.485,65.653,229.72,342.41,94.626,77.437,32.084,8.901,26.414,6.7591,18.911,1.6972,33.187,13.743,23.792,1.0965,18.409,2.2783,4.823,2.2569,0.020848,0.85179,0.10365,53.853,44.081,62.709,53.708,27.109,62.406,22.673,41.894,39.642,46.706,47.386,39.428,16.866
219,0.27532,3694.5,4493.1,9.2778,26.718,42.12,2705.2,75.002,120.46,0.3256,80.135,49.93,2634.3,22.808,51.193,3101.6,23.36,65.721,231.58,341.94,94.556,77.142,32.321,8.9446,26.339,6.9726,18.857,1.6424,33.238,13.831,24.265,1.3591,18.215,2.2798,4.8186,2.2726,0.020848,0.85179,0.10365,53.853,44.081,63.507,53.819,26.847,62.53,22.447,38.843,37.895,49.295,47.382,42.832,17.176
220,0.27524,3643.1,4468.1,9.3329,27.285,42.16,2702.5,75.043,120.44,0.32676,80.076,50.852,2631.2,24.431,50.82,3100.4,23.174,65.745,229.9,341.69,94.472,77.204,32.321,8.9446,26.339,6.9726,18.857,1.6424,33.238,13.831,24.265,1.3591,18.215,2.2798,4.8186,2.2726,0.020848,0.85179,0.10365,53.853,44.081,64.39,54.118,26.854,60.414,22.262,38.701,40.606,48.433,47.694,42.161,17.612
221,0.25144,3683.0,4523.8,9.3464,27.1,42.202,2702.5,75.516,120.45,0.33678,80.165,49.729,2630.7,27.464,50.257,3097.9,22.469,65.785,232.22,342.07,94.679,77.155,32.146,8.8549,26.67,6.7497,18.886,1.6345,33.23,13.648,24.237,1.2153,18.031,2.2679,4.8506,2.3003,0.018704,0.86015,0.10479,54.128,43.709,61.846,53.565,24.655,61.613,22.604,39.767,37.303,47.13,47.733,42.293,19.282
222,0.25163,3614.2,4544.0,9.4036,26.991,42.252,2702.2,75.063,120.5,0.33564,80.247,50.343,2631.3,24.967,50.271,3096.8,23.537,65.811,232.21,342.12,94.703,77.567,32.146,8.8549,26.67,6.7497,18.886,1.6345,33.23,13.648,24.237,1.2153,18.031,2.2679,4.8506,2.3003,0.018704,0.86015,0.10479,54.128,43.709,63.03,53.323,24.635,61.525,22.606,39.906,39.109,47.161,47.932,44.213,16.716
223,0.26734,3734.1,4503.0,9.2276,26.894,42.316,2703.1,75.777,120.55,0.31426,80.467,49.671,2632.6,26.455,47.504,3099.2,22.529,65.916,232.23,341.64,94.701,77.599,31.879,8.6566,25.806,6.8865,18.502,1.6156,33.936,13.824,24.037,1.1769,18.177,2.2956,4.8451,2.3368,0.018704,0.86015,0.10479,54.128,43.709,62.941,53.726,26.325,59.898,22.564,37.496,37.132,40.757,48.121,48.319,19.088
224,0.26909,3681.9,4508.6,9.3784,27.137,42.775,2699.8,76.117,120.53,0.31611,80.339,47.864,2628.7,25.706,49.633,3097.6,22.936,65.983,232.64,341.65,94.521,77.288,31.879,8.6566,25.806,6.8865,18.502,1.6156,33.936,13.824,24.037,1.1769,18.177,2.2956,4.8451,2.3368,0.018704,0.86015,0.10479,54.128,43.709,63.839,53.659,26.153,61.428,22.126,37.271,31.813,45.685,48.272,49.168,18.14
225,0.29461,3684.6,4533.1,9.2856,26.645,42.632,2697.7,75.484,120.44,0.33462,80.141,48.939,2625.9,24.681,50.653,3095.7,22.604,65.98,232.34,341.59,94.583,77.251,32.183,8.9683,26.15,6.8736,19.054,1.667,33.244,13.882,23.672,1.2864,18.259,2.2881,4.8939,2.3118,0.018704,0.86015,0.10479,54.128,43.709,62.653,54.323,29.086,59.534,21.873,39.594,34.978,48.046,48.491,46.482,18.95
226,0.29629,3665.6,4526.9,9.2213,26.526,42.652,2698.5,74.939,120.29,0.33309,80.041,48.473,2627.9,26.135,50.658,3094.6,21.212,65.955,234.11,342.18,94.537,77.093,32.183,8.9683,26.15,6.8736,19.054,1.667,33.244,13.882,23.672,1.2864,18.259,2.2881,4.8939,2.3118,0.026268,0.84204,0.10452,53.34,42.817,62.98,54.397,28.921,62.523,22.075,39.78,33.606,48.057,48.776,42.473,22.28
227,0.26666,3685.2,4481.0,9.3907,26.722,42.203,2700.2,74.827,120.22,0.34517,79.973,50.739,2629.2,24.759,48.887,3094.1,23.441,65.931,236.27,342.49,94.623,77.265,32.679,8.8084,26.533,6.955,18.227,1.6671,32.989,13.903,23.74,1.3189,18.245,2.2942,4.8986,2.3793,0.026268,0.84204,0.10452,53.34,42.817,62.759,53.591,26.368,59.712,22.655,39.92,40.273,43.957,48.89,38.874,16.977
228,0.26636,3669.3,4486.2,9.4016,27.364,42.391,2701.2,74.645,120.19,0.34014,80.069,49.666,2630.3,25.253,49.971,3097.7,22.302,65.932,235.83,341.94,94.42,77.303,32.679,8.8084,26.533,6.955,18.227,1.6671,32.989,13.903,23.74,1.3189,18.245,2.2942,4.8986,2.3793,0.026268,0.84204,0.10452,53.34,42.817,63.032,53.529,26.397,61.205,22.477,40.534,37.118,46.467,49.231,36.051,19.67
229,0.21736,3649.4,4563.8,9.1792,27.055,42.679,2701.2,74.701,120.27,0.34624,79.877,49.543,2630.0,26.575,49.415,3096.7,23.1,65.892,236.59,342.1,94.602,76.941,32.262,8.8628,26.01,7.1297,18.428,1.6131,33.476,13.792,23.888,1.234,18.119,2.2815,4.8249,2.3506,0.026268,0.84204,0.10452,53.34,42.817,62.63,54.651,21.283,64.128,22.612,40.438,36.754,45.179,49.467,36.719,17.813
230,0.21437,3643.8,4549.4,9.324,27.191,42.043,2704.0,74.151,120.29,0.34491,80.224,49.2,2633.3,25.839,50.419,3099.9,22.687,65.954,238.22,342.01,94.729,77.722,32.262,8.8628,26.01,7.1297,18.428,1.6131,33.476,13.792,23.888,1.234,18.119,2.2815,4.8249,2.3506,0.026268,0.84204,0.10452,53.34,42.817,62.725,54.823,21.577,60.274,22.571,40.6,35.747,47.504,49.622,36.618,18.709
231,0.25486,3590.9,4527.2,9.2975,26.957,42.194,2704.0,74.209,120.39,0.33196,80.16,48.958,2632.9,24.665,48.654,3099.7,22.066,66.009,237.93,342.06,94.613,77.021,32.43,8.7987,26.149,6.8894,18.992,1.6628,32.984,13.649,24.433,1.2102,18.594,2.2761,4.8707,2.2893,0.027233,0.8383,0.11028,53.865,43.993,61.952,54.672,24.958,60.205,22.267,39.238,35.033,43.418,49.51,38.967,20.226
232,0.25569,3617.7,4560.0,9.1952,26.517,42.586,2702.6,74.179,120.47,0.33047,79.966,51.427,2630.6,25.27,52.875,3098.7,23.757,65.997,238.02,342.28,95.039,77.285,32.43,8.7987,26.149,6.8894,18.992,1.6628,32.984,13.649,24.433,1.2102,18.594,2.2761,4.8707,2.2893,0.027233,0.8383,0.11028,53.865,43.993,61.49,54.279,24.877,62.1,22.014,39.419,42.3,53.187,49.612,40.046,16.214
233,0.23646,3651.8,4444.6,9.3541,26.882,42.821,2704.2,75.595,120.52,0.31491,80.238,49.514,2632.9,25.21,48.034,3100.5,23.872,66.021,237.77,341.51,94.674,77.257,32.274,8.7863,26.484,6.8389,18.745,1.6637,33.249,13.936,24.052,1.1447,18.907,2.2409,4.8921,2.2455,0.027233,0.8383,0.11028,53.865,43.993,62.892,54.29,23.244,60.916,22.448,37.359,36.669,41.985,49.742,44.069,15.933
234,0.2348,3640.9,4477.6,9.3212,26.542,42.055,2703.0,75.174,120.57,0.31475,80.243,50.329,2632.0,24.407,48.683,3099.0,23.504,66.085,238.88,341.63,94.737,77.296,32.274,8.7863,26.484,6.8389,18.745,1.6637,33.249,13.936,24.052,1.1447,18.907,2.2409,4.8921,2.2455,0.027233,0.8383,0.11028,53.865,43.993,63.08,53.895,23.407,61.184,22.167,37.378,39.067,43.486,49.749,46.347,16.802
235,0.25071,3689.1,4491.6,9.3701,26.722,42.152,2698.5,74.608,120.6,0.34667,80.101,49.819,2626.7,24.646,50.552,3096.6,22.883,66.123,240.34,341.42,94.796,77.062,32.42,8.6523,26.307,6.8456,18.93,1.6822,32.505,13.933,23.734,1.3578,18.147,2.2857,4.8244,2.2543,0.027233,0.8383,0.11028,53.865,43.993,62.71,54.318,24.469,59.783,21.934,41.124,37.566,47.81,49.723,48.319,18.31
236,0.24948,3684.5,4551.1,9.3442,26.977,42.214,2697.3,74.493,120.54,0.34694,80.146,49.357,2625.3,27.041,49.569,3096.1,23.648,66.083,241.7,341.08,94.719,77.47,32.42,8.6523,26.307,6.8456,18.93,1.6822,32.505,13.933,23.734,1.3578,18.147,2.2857,4.8244,2.2543,0.00515,0.83853,0.11131,53.987,44.242,62.789,53.605,24.59,61.228,21.868,41.092,36.208,45.536,49.62,49.468,16.48
237,0.23284,3663.7,4468.1,9.3751,26.667,42.203,2698.6,74.641,120.46,0.34364,80.352,50.319,2627.4,25.325,49.607,3094.7,23.111,66.137,238.92,341.63,94.606,77.472,31.904,9.0454,26.082,6.9505,18.532,1.6486,33.449,13.673,23.472,1.1117,19.135,2.2213,4.8187,2.326,0.00515,0.83853,0.11131,53.987,44.242,63.125,54.132,23.122,61.741,22.371,41.58,39.04,45.624,49.932,47.359,17.739
238,0.23461,3684.8,4489.9,9.3521,26.983,42.451,2698.3,74.138,120.34,0.34844,80.344,50.597,2626.4,25.546,50.462,3096.9,23.571,66.198,237.36,340.91,94.557,77.561,31.904,9.0454,26.082,6.9505,18.532,1.6486,33.449,13.673,23.472,1.1117,19.135,2.2213,4.8187,2.326,0.00515,0.83853,0.11131,53.987,44.242,62.762,53.872,22.948,62.388,21.81,40.995,39.856,47.604,50.133,43.63,16.632
239,0.28697,3657.7,4566.9,9.3787,26.691,42.425,2703.2,74.9,120.34,0.31768,80.521,52.233,2632.9,24.436,49.948,3100.0,22.024,66.236,239.37,341.49,94.643,77.693,32.127,8.9047,26.42,6.8762,18.462,1.6386,32.738,14.002,23.894,1.2105,18.743,2.2971,4.7484,2.2991,0.00515,0.83853,0.11131,53.987,44.242,62.294,53.934,27.676,62.655,22.229,37.749,44.671,46.413,50.015,44.133,20.269
240,0.28304,3628.4,4558.3,9.4262,26.929,42.168,2705.9,74.491,120.31,0.31708,80.549,49.879,2634.5,25.86,50.328,3103.8,22.491,66.294,240.18,341.28,94.489,77.71,32.127,8.9047,26.42,6.8762,18.462,1.6386,32.738,14.002,23.894,1.2105,18.743,2.2971,4.7484,2.2991,0.00515,0.83853,0.11131,53.987,44.242,62.797,54.037,28.062,60.171,22.101,37.823,37.745,47.294,50.0,43.019,19.136
241,0.26389,3651.9,4542.7,9.356,26.955,42.602,2703.7,75.062,120.29,0.35529,80.331,49.951,2632.3,25.041,48.353,3103.3,21.781,66.31,240.85,341.1,94.589,77.549,32.444,8.8947,26.135,6.776,18.837,1.6717,32.645,13.814,23.797,1.2166,18.467,2.2842,4.8809,2.3621,0.000166,0.83347,0.091916,52.322,43.858,63.015,54.443,26.062,61.076,21.927,41.98,37.954,42.722,50.01,42.099,20.818
242,0.26365,3659.7,4505.7,9.3985,26.84,42.3,2701.9,75.141,120.31,0.35706,80.1,48.651,2630.6,25.427,48.86,3101.3,22.774,66.26,239.49,341.5,94.406,77.345,32.444,8.8947,26.135,6.776,18.837,1.6717,32.645,13.814,23.797,1.2166,18.467,2.2842,4.8809,2.3621,0.000166,0.83347,0.091916,52.322,43.858,62.881,54.886,26.085,60.791,21.806,41.764,34.131,43.896,50.2,40.663,18.482
243,0.23308,3698.8,4528.2,9.2678,27.124,42.042,2703.3,75.093,120.3,0.33315,80.104,49.921,2632.9,24.46,50.915,3099.2,22.941,66.196,241.32,342.18,94.62,77.202,32.215,8.7546,26.137,6.8616,18.642,1.6186,32.71,13.862,23.69,1.3237,18.585,2.2595,4.8235,2.2558,0.000166,0.83347,0.091916,52.322,43.858,63.14,53.719,22.849,61.793,22.455,39.772,37.868,48.651,50.106,40.269,18.096
244,0.2317,3721.9,4512.1,9.3376,26.798,42.303,2701.6,75.592,120.29,0.33803,79.969,50.473,2630.3,24.572,51.826,3098.8,23.582,66.153,240.3,341.95,94.347,77.008,32.215,8.7546,26.137,6.8616,18.642,1.6186,32.71,13.862,23.69,1.3237,18.585,2.2595,4.8235,2.2558,0.000166,0.83347,0.091916,52.322,43.858,62.743,53.91,22.985,58.92,22.11,39.177,39.493,50.761,50.269,38.798,16.596
245,0.25457,3678.5,4523.3,9.4394,26.801,42.555,2700.7,75.095,120.33,0.34507,79.953,51.365,2628.9,24.352,48.86,3098.9,23.44,66.091,241.6,341.43,94.643,76.941,32.549,8.9535,26.123,6.7192,18.492,1.6643,32.908,13.763,23.542,1.1597,18.847,2.2216,4.8517,2.3127,0.000166,0.83347,0.091916,52.322,43.858,62.798,54.261,24.804,61.377,21.916,39.626,42.118,43.895,50.226,38.055,16.945
246,0.25476,3710.7,4521.6,9.4048,26.611,41.963,2700.3,74.61,120.27,0.34008,79.875,50.855,2629.2,26.537,49.187,3097.2,21.861,66.05,243.04,341.69,94.514,77.098,32.549,8.9535,26.123,6.7192,18.492,1.6643,32.908,13.763,23.542,1.1597,18.847,2.2216,4.8517,2.3127,0.032702,0.82404,0.095836,53.904,43.59,62.245,54.281,24.786,58.692,21.881,40.234,40.616,44.652,50.044,36.175,20.702
247,0.21772,3714.9,4531.5,9.4338,27.051,42.578,2698.7,74.386,120.39,0.32522,79.769,47.836,2627.7,24.89,49.923,3096.8,23.68,66.002,243.27,341.71,94.544,76.941,32.575,8.8286,26.771,6.8404,19.06,1.6079,33.504,13.753,23.688,1.4333,18.277,2.2947,4.7063,2.287,0.032702,0.82404,0.095836,53.904,43.59,63.508,54.567,21.681,61.819,21.96,39.39,31.731,46.356,50.044,38.193,16.423
248,0.21799,3727.8,4519.6,9.3052,27.311,42.572,2699.5,75.645,120.44,0.32669,79.966,50.942,2627.8,24.085,49.038,3096.3,24.268,65.983,241.16,341.05,94.512,77.197,32.575,8.8286,26.771,6.8404,19.06,1.6079,33.504,13.753,23.688,1.4333,18.277,2.2947,4.7063,2.287,0.032702,0.82404,0.095836,53.904,43.59,63.286,54.71,21.654,60.743,22.403,39.211,40.871,44.309,50.254,39.42,15.014
249,0.21122,3668.8,4474.2,9.4015,26.691,41.975,2700.7,74.082,120.49,0.32547,80.355,50.238,2629.8,24.831,48.549,3098.0,23.134,66.05,242.37,341.13,94.576,77.644,32.713,8.8612,25.937,6.7572,18.613,1.622,33.264,13.844,23.623,1.0058,18.534,2.2743,4.8552,2.0994,0.032702,0.82404,0.095836,53.904,43.59,63.333,53.859,21.056,60.584,22.092,38.986,38.8,43.177,50.163,41.114,17.653
250,0.21355,3656.4,4489.9,9.3378,27.004,42.132,2697.7,74.331,120.54,0.32621,80.41,49.583,2626.1,24.036,51.464,3097.5,23.816,66.185,241.41,340.16,94.643,77.087,32.713,8.8612,25.937,6.7572,18.613,1.622,33.264,13.844,23.623,1.0058,18.534,2.2743,4.8552,2.0994,0.032702,0.82404,0.095836,53.904,43.59,63.547,53.67,20.828,60.695,21.704,38.896,36.873,49.922,50.257,43.243,16.065
251,0.19432,3717.5,4534.8,9.2902,26.899,42.603,2694.5,75.63,120.54,0.3358,80.325,51.164,2623.1,25.771,49.662,3093.5,23.336,66.222,242.2,340.19,94.636,77.099,32.404,8.8491,26.403,7.0679,18.935,1.6322,33.212,13.845,23.633,1.2238,18.557,2.2567,4.696,2.3357,0.0059833,0.81551,0.089039,53.663,43.782,63.304,54.22,19.169,61.009,21.745,40.127,41.526,45.751,49.941,44.504,17.209
252,0.19347,3694.4,4499.9,9.2915,26.731,42.544,2692.5,74.934,120.54,0.3353,80.409,49.471,2621.2,26.819,50.958,3092.7,22.968,66.248,238.99,339.41,94.6,77.697,32.404,8.8491,26.403,7.0679,18.935,1.6322,33.212,13.845,23.633,1.2238,18.557,2.2567,4.696,2.3357,0.0059833,0.81551,0.089039,53.663,43.782,63.702,54.638,19.252,61.803,21.381,40.187,36.543,48.75,50.126,45.652,18.047
253,0.22106,3626.2,4464.3,9.2457,27.24,42.112,2696.4,75.407,120.5,0.3359,80.928,50.13,2625.1,25.253,51.486,3094.1,22.332,66.328,238.07,339.09,94.721,77.931,31.839,8.8469,26.289,6.8579,18.788,1.614,32.812,13.881,23.94,1.397,18.975,2.2764,4.8901,2.2967,0.0059833,0.81551,0.089039,53.663,43.782,62.121,54.274,21.662,60.095,22.114,40.191,38.484,49.973,50.101,45.837,19.499
254,0.22001,3602.6,4501.1,9.4001,26.866,42.668,2694.0,75.872,120.42,0.33437,80.698,50.165,2622.1,24.773,49.135,3094.0,22.664,66.434,239.14,338.77,94.68,77.288,31.839,8.8469,26.289,6.8579,18.788,1.614,32.812,13.881,23.94,1.397,18.975,2.2764,4.8901,2.2967,0.0059833,0.81551,0.089039,53.663,43.782,62.528,53.833,21.765,59.359,21.218,40.378,38.585,44.531,49.894,44.034,18.743
255,0.27637,3657.8,4554.1,9.4339,26.912,42.558,2692.7,76.497,120.35,0.34059,80.355,49.469,2620.6,24.392,50.408,3093.1,22.097,66.389,237.49,338.86,94.799,77.05,32.104,8.8635,26.601,6.7946,18.719,1.6404,32.723,13.936,24.008,1.2968,18.898,2.2978,4.978,2.3338,0.0059833,0.81551,0.089039,53.663,43.782,63.343,53.544,27.092,58.544,21.231,40.62,36.538,47.478,49.935,42.502,20.121
256,0.27616,3675.8,4515.9,9.3764,26.665,42.018,2692.1,74.833,120.32,0.34071,80.147,50.296,2619.8,24.848,51.311,3092.8,21.75,66.28,238.86,339.21,94.667,76.991,32.104,8.8635,26.601,6.7946,18.719,1.6404,32.723,13.936,24.008,1.2968,18.898,2.2978,4.978,2.3338,0.018317,0.83924,0.10341,53.286,44.283,63.033,54.001,27.112,62.068,21.136,40.604,38.972,49.569,49.467,40.811,20.971
257,0.25298,3664.8,4548.6,9.3535,27.104,42.178,2693.6,75.395,120.28,0.34665,80.087,49.7,2621.7,24.017,48.541,3093.0,22.203,66.144,235.99,339.01,94.656,77.348,31.247,8.8781,26.493,6.6435,18.294,1.6683,32.728,13.84,23.877,1.482,19.041,2.2932,5.0032,2.3066,0.018317,0.83924,0.10341,53.286,44.283,63.83,53.784,24.806,61.422,21.557,41.5,37.216,43.157,49.524,39.12,19.888
258,0.25386,3732.3,4497.8,9.4063,26.689,42.413,2694.6,74.462,120.3,0.34988,80.141,51.089,2623.0,25.459,48.531,3094.8,22.391,66.068,237.96,339.24,94.477,77.177,31.247,8.8781,26.493,6.6435,18.294,1.6683,32.728,13.84,23.877,1.482,19.041,2.2932,5.0032,2.3066,0.018317,0.83924,0.10341,53.286,44.283,62.668,54.391,24.72,62.228,21.581,41.105,41.303,43.135,49.15,37.855,19.462
259,0.3408,3730.7,4562.8,9.2317,26.918,42.368,2697.9,74.673,120.37,0.33526,80.214,50.415,2625.4,26.489,49.629,3098.6,22.978,66.036,237.28,339.15,94.454,77.268,31.571,8.9273,26.269,6.8764,18.911,1.66,32.346,13.838,24.016,1.2571,18.888,2.3028,4.8233,2.2669,0.018317,0.83924,0.10341,53.286,44.283,64.176,54.702,33.523,62.105,21.549,40.419,39.322,45.676,49.012,39.356,18.061
260,0.33852,3754.6,4630.2,9.3957,26.88,42.614,2699.2,76.038,120.4,0.33771,80.334,51.62,2627.9,25.766,50.232,3100.4,23.04,66.044,235.51,339.1,94.33,77.668,31.571,8.9273,26.269,6.8764,18.911,1.66,32.346,13.838,24.016,1.2571,18.888,2.3028,4.8233,2.2669,0.018317,0.83924,0.10341,53.286,44.283,63.765,53.896,33.747,59.762,21.446,40.12,42.868,47.072,48.97,39.912,17.884
261,0.31806,3681.0,4517.2,9.2898,26.945,42.545,2696.9,74.576,120.44,0.33588,80.326,51.298,2624.9,25.806,50.416,3098.6,22.333,66.055,235.23,339.08,94.403,76.894,32.237,8.927,26.315,7.0014,18.81,1.676,32.439,13.808,23.613,1.1941,18.777,2.2852,4.8088,2.3177,0.01632,0.82153,0.10267,53.655,44.486,63.102,53.762,31.186,61.991,21.208,40.313,41.921,47.498,49.385,41.17,19.611
262,0.31998,3699.8,4504.2,9.2563,27.304,42.173,2695.1,75.014,120.47,0.33562,80.168,50.041,2623.3,27.185,49.507,3095.8,23.129,66.034,238.14,339.46,94.591,77.391,32.237,8.927,26.315,7.0014,18.81,1.676,32.439,13.808,23.613,1.1941,18.777,2.2852,4.8088,2.3177,0.01632,0.82153,0.10267,53.655,44.486,62.78,53.918,30.998,62.479,21.554,40.345,38.221,45.392,49.186,42.425,17.708
263,0.25684,3644.5,4494.9,9.4011,26.773,42.349,2695.7,75.478,120.48,0.33169,80.445,49.791,2624.2,26.309,51.277,3095.1,22.208,66.062,238.15,339.37,94.623,77.645,32.106,9.0242,26.086,7.0306,19.129,1.6499,32.502,13.698,23.414,1.2309,19.419,2.271,4.892,2.2587,0.01632,0.82153,0.10267,53.655,44.486,62.581,54.264,25.116,60.34,21.555,40.008,37.484,49.49,49.241,43.321,19.862
264,0.25511,3627.4,4521.0,9.421,27.108,42.428,2694.1,76.014,120.46,0.33229,80.561,50.341,2622.1,24.89,49.602,3095.0,22.513,66.161,235.56,338.88,94.766,77.501,32.106,9.0242,26.086,7.0306,19.129,1.6499,32.502,13.698,23.414,1.2309,19.419,2.271,4.892,2.2587,0.01632,0.82153,0.10267,53.655,44.486,62.875,53.952,25.286,59.173,21.447,39.935,39.103,45.614,49.523,44.111,19.132
265,0.26869,3647.5,4516.3,9.3675,26.736,42.382,2692.8,75.184,120.46,0.32051,80.424,49.747,2620.9,27.36,50.095,3092.5,23.848,66.203,234.75,339.69,94.627,77.447,32.348,8.8738,26.625,6.8353,19.144,1.6625,32.942,13.813,23.743,1.1275,18.997,2.2621,4.8136,2.2263,0.01632,0.82153,0.10267,53.655,44.486,62.147,53.193,26.481,62.67,21.636,38.333,37.356,46.753,49.646,43.998,15.968
266,0.26948,3647.9,4464.0,9.4834,26.591,42.134,2695.3,75.122,120.47,0.32206,80.64,50.55,2624.0,24.798,50.27,3092.9,23.352,66.213,236.22,339.54,94.883,77.495,32.348,8.8738,26.625,6.8353,19.144,1.6625,32.942,13.813,23.743,1.1275,18.997,2.2621,4.8136,2.2263,0.025637,0.84719,0.10594,54.768,43.817,62.139,53.818,26.403,59.178,21.783,38.144,39.718,47.16,49.103,45.1,17.135
267,0.24361,3671.7,4485.7,9.3661,26.911,42.467,2692.9,74.979,120.5,0.33033,80.61,49.101,2621.1,24.406,49.042,3092.8,23.49,66.266,234.38,339.38,94.686,77.214,31.681,8.9214,26.62,6.8257,19.176,1.659,33.169,13.902,23.622,1.2268,19.212,2.2596,5.0025,2.3708,0.025637,0.84719,0.10594,54.768,43.817,63.395,53.462,24.254,61.384,21.494,40.118,35.454,44.317,49.113,47.184,16.81
268,0.24424,3652.4,4450.5,9.2634,26.895,42.662,2688.3,74.216,120.5,0.3345,80.281,50.321,2616.1,23.531,50.612,3088.5,22.724,66.22,231.42,339.21,94.738,76.772,31.681,8.9214,26.62,6.8257,19.176,1.659,33.169,13.902,23.622,1.2268,19.212,2.2596,5.0025,2.3708,0.025637,0.84719,0.10594,54.768,43.817,63.727,53.884,24.191,62.296,21.195,39.609,39.046,47.95,49.226,48.276,18.688
269,0.31088,3688.6,4489.2,9.37,27.115,42.261,2686.2,75.019,120.48,0.34137,80.064,50.213,2613.6,25.102,50.738,3086.3,22.013,66.102,235.06,339.51,94.769,76.874,31.73,8.7834,25.703,6.7134,18.95,1.6579,32.879,13.837,23.698,1.1293,19.167,2.298,4.9798,2.3259,0.025637,0.84719,0.10594,54.768,43.817,63.236,53.277,30.679,60.507,21.184,41.189,38.728,48.241,48.76,48.661,20.409
270,0.31132,3687.0,4480.3,9.2941,26.906,42.241,2690.3,75.171,120.38,0.34146,80.313,48.675,2618.8,25.42,51.092,3088.5,23.905,66.035,235.72,340.28,94.518,77.498,31.73,8.7834,25.703,6.7134,18.95,1.6579,32.879,13.837,23.698,1.1293,19.167,2.298,4.9798,2.3259,0.025637,0.84719,0.10594,54.768,43.817,63.265,53.383,30.636,61.771,21.768,41.177,34.2,49.061,48.562,46.282,15.877
271,0.31075,3718.6,4485.0,9.364,26.709,42.664,2694.4,74.799,120.29,0.33217,80.586,51.627,2621.9,27.015,51.942,3093.1,23.349,66.084,236.02,339.94,94.455,77.774,32.599,8.9939,25.758,6.7292,18.847,1.6934,33.149,13.84,23.363,1.4251,18.559,2.2545,4.913,2.2842,0.009431,0.82978,0.094888,53.747,42.949,63.813,53.833,30.744,62.509,21.423,40.645,42.889,51.029,49.044,43.594,17.146
272,0.31132,3682.1,4430.2,9.3724,26.841,42.526,2697.6,75.521,120.36,0.33355,80.843,48.562,2625.6,23.903,51.104,3096.4,22.976,66.206,234.53,340.16,94.222,77.827,32.599,8.9939,25.758,6.7292,18.847,1.6934,33.149,13.84,23.363,1.4251,18.559,2.2545,4.913,2.2842,0.009431,0.82978,0.094888,53.747,42.949,64.44,54.488,30.689,59.329,21.822,40.477,33.869,49.089,49.307,44.364,17.99
273,0.22948,3715.0,4479.4,9.4207,26.735,42.512,2693.8,74.69,120.29,0.33764,80.669,49.334,2622.1,25.776,51.112,3093.5,23.505,66.269,236.17,339.88,94.369,77.128,32.397,8.8654,25.741,6.9037,18.895,1.6661,33.125,13.969,23.259,1.4189,18.641,2.2739,4.8398,2.3726,0.009431,0.82978,0.094888,53.747,42.949,63.887,54.133,22.252,60.12,21.194,40.089,36.139,49.107,49.292,42.593,16.759
274,0.22915,3673.1,4519.3,9.2299,26.627,42.904,2689.8,74.678,120.27,0.33903,80.29,49.478,2618.0,26.199,49.399,3088.0,22.589,66.252,234.49,339.85,94.414,76.876,32.397,8.8654,25.741,6.9037,18.895,1.6661,33.125,13.969,23.259,1.4189,18.641,2.2739,4.8398,2.3726,0.009431,0.82978,0.094888,53.747,42.949,64.608,53.654,22.284,60.605,21.512,39.92,36.563,45.143,49.575,40.296,18.966
275,0.24357,3651.2,4498.1,9.3625,27.157,42.483,2686.6,75.446,120.27,0.35115,80.154,49.461,2614.8,24.012,49.602,3086.5,21.956,66.125,239.24,339.62,94.434,77.287,32.244,9.0453,25.752,6.8432,18.875,1.6603,32.552,13.664,23.418,1.3825,18.871,2.2613,4.8215,2.3212,0.009431,0.82978,0.094888,53.747,42.949,63.516,53.775,24.079,61.09,21.487,42.005,36.515,45.614,49.292,39.327,20.454
276,0.2448,3628.0,4481.9,9.2253,26.872,42.213,2686.0,75.363,120.3,0.35005,80.158,49.728,2614.4,25.582,48.917,3084.6,22.488,66.08,237.84,339.43,94.563,76.844,32.244,9.0453,25.752,6.8432,18.875,1.6603,32.552,13.664,23.418,1.3825,18.871,2.2613,4.8215,2.3212,0.015884,0.8696,0.10087,53.97,44.024,63.915,53.969,23.958,59.41,21.513,42.14,37.299,44.027,49.118,39.611,19.24
277,0.25559,3671.3,4463.2,9.3937,26.937,42.282,2685.5,74.462,120.32,0.3149,80.061,48.984,2613.2,25.526,50.084,3085.9,22.609,66.043,236.49,339.34,94.726,77.019,31.821,8.9218,25.934,6.9758,19.021,1.6841,33.01,13.916,23.173,1.2584,18.791,2.3013,4.7429,2.3282,0.015884,0.8696,0.10087,53.97,44.024,63.71,54.222,25.54,61.179,21.236,38.243,35.11,46.727,49.19,38.846,18.963
278,0.25582,3686.8,4484.6,9.3302,27.236,42.527,2688.4,75.198,120.39,0.31553,80.354,49.58,2616.4,25.5,50.656,3087.0,22.8,66.033,236.56,339.32,94.494,77.411,31.821,8.9218,25.934,6.9758,19.021,1.6841,33.01,13.916,23.173,1.2584,18.791,2.3013,4.7429,2.3282,0.015884,0.8696,0.10087,53.97,44.024,63.443,53.966,25.517,59.602,21.741,38.166,36.863,48.052,49.135,39.982,18.479
279,0.30082,3647.7,4496.1,9.256,26.854,42.108,2690.2,74.402,120.39,0.34462,80.669,49.892,2618.8,24.622,48.964,3089.0,22.183,66.109,237.91,339.17,94.613,77.715,32.606,8.928,25.968,7.032,19.377,1.6596,32.905,13.893,23.063,1.2551,18.852,2.3054,4.9428,2.3762,0.015884,0.8696,0.10087,53.97,44.024,62.926,53.442,29.455,63.532,21.326,41.331,37.783,44.137,48.961,40.217,19.901
280,0.29849,3695.6,4489.3,9.4921,26.956,42.281,2690.4,74.739,120.35,0.34556,80.605,51.753,2617.7,25.048,51.074,3090.3,22.196,66.162,235.12,339.02,94.659,77.313,32.606,8.928,25.968,7.032,19.377,1.6596,32.905,13.893,23.063,1.2551,18.852,2.3054,4.9428,2.3762,0.015884,0.8696,0.10087,53.97,44.024,62.101,53.523,29.684,59.612,21.292,41.217,43.258,49.02,49.151,39.076,19.888
281,0.22381,3607.0,4474.5,9.3552,26.757,42.236,2687.0,74.136,120.31,0.34445,80.324,51.495,2614.3,25.722,51.213,3085.3,22.936,66.182,238.25,339.75,94.816,77.442,32.309,8.9378,25.434,6.9031,19.237,1.6775,33.216,13.738,23.067,1.2447,19.217,2.2589,4.9269,2.3796,0.0067834,0.83924,0.10781,53.843,42.812,63.018,52.754,22.052,60.616,21.441,40.859,42.499,49.342,49.861,37.304,18.138
282,0.22826,3617.0,4472.8,9.3679,26.613,42.187,2688.9,74.566,120.34,0.34343,80.565,52.745,2617.3,24.789,48.865,3086.5,22.637,66.212,238.27,339.77,94.57,77.557,32.309,8.9378,25.434,6.9031,19.237,1.6775,33.216,13.738,23.067,1.2447,19.217,2.2589,4.9269,2.3796,0.0067834,0.83924,0.10781,53.843,42.812,62.847,52.774,21.614,61.931,21.716,40.984,46.178,43.907,50.256,37.307,18.822
283,0.25066,3676.5,4445.7,9.3761,26.923,42.418,2691.0,75.231,120.37,0.32565,80.693,49.938,2619.1,26.412,47.166,3089.2,22.726,66.269,238.96,339.54,94.767,77.411,32.203,9.1004,26.218,6.9334,18.931,1.6464,32.966,13.891,23.412,1.4407,19.125,2.3157,4.9742,2.2486,0.0067834,0.83924,0.10781,53.843,42.812,62.873,53.353,24.502,61.146,21.629,38.978,37.916,39.974,50.586,36.32,18.602
284,0.25103,3625.2,4459.8,9.3858,26.949,42.224,2690.0,74.69,120.36,0.32721,80.542,48.98,2618.2,24.197,49.186,3089.5,22.077,66.358,240.68,339.76,94.491,77.472,32.203,9.1004,26.218,6.9334,18.931,1.6464,32.966,13.891,23.412,1.4407,19.125,2.3157,4.9742,2.2486,0.0067834,0.83924,0.10781,53.843,42.812,63.756,53.184,24.465,61.94,21.565,38.788,35.099,44.65,50.824,35.832,20.138
285,0.25993,3664.5,4455.1,9.35,26.788,42.447,2688.0,73.748,120.4,0.34365,80.355,49.059,2616.1,23.529,49.196,3088.3,22.357,66.349,241.74,339.18,94.717,77.016,32.375,8.7831,25.74,6.8433,18.605,1.685,32.87,13.89,23.377,1.3305,19.33,2.2499,4.9706,2.3196,0.0067834,0.83924,0.10781,53.843,42.812,62.78,53.94,25.478,61.397,21.104,40.878,35.331,44.673,51.122,36.36,19.513
286,0.25987,3695.0,4450.5,9.4247,27.07,42.661,2686.8,74.497,120.37,0.34406,80.178,50.074,2614.6,24.335,49.616,3086.3,22.911,66.293,241.65,339.71,94.813,77.595,32.375,8.7831,25.74,6.8433,18.605,1.685,32.87,13.89,23.377,1.3305,19.33,2.2499,4.9706,2.3196,0.020581,0.84351,0.11553,54.205,43.76,62.255,53.995,25.484,62.772,21.516,40.827,38.317,45.646,50.781,34.531,18.188
287,0.24263,3714.1,4528.3,9.4339,26.854,41.974,2688.7,74.707,120.44,0.33897,80.311,47.393,2616.5,25.897,48.663,3086.8,24.117,66.285,242.61,339.67,94.516,77.153,32.772,8.9922,26.262,6.808,19.092,1.7119,33.181,14.021,23.351,1.2965,18.595,2.3093,4.9774,2.3405,0.020581,0.84351,0.11553,54.205,43.76,62.709,53.865,23.698,59.343,21.535,41.513,30.427,43.44,50.768,36.81,15.357
288,0.24216,3670.6,4540.3,9.3067,26.682,42.628,2691.1,74.933,120.46,0.3419,80.583,49.824,2619.7,24.957,49.84,3089.9,22.817,66.304,241.32,339.65,94.783,77.771,32.772,8.9922,26.262,6.808,19.092,1.7119,33.181,14.021,23.351,1.2965,18.595,2.3093,4.9774,2.3405,0.020581,0.84351,0.11553,54.205,43.76,63.458,53.722,23.744,61.691,21.669,41.156,37.583,46.163,50.952,37.438,18.39
289,0.19893,3680.7,4493.5,9.4344,26.524,42.58,2688.9,75.221,120.45,0.35872,80.578,52.803,2616.3,24.5,50.172,3089.1,24.088,66.37,241.66,339.22,94.353,77.32,32.299,8.8789,26.198,6.8511,18.956,1.6729,33.23,13.809,23.65,1.2147,18.983,2.26,4.8992,2.3043,0.020581,0.84351,0.11553,54.205,43.76,63.648,53.076,19.643,59.912,21.098,42.803,46.349,46.932,50.986,37.247,15.39
290,0.19678,3672.7,4463.3,9.3253,26.877,42.114,2688.7,74.859,120.49,0.35738,80.729,49.139,2617.9,24.367,47.993,3088.4,23.795,66.416,242.14,339.41,94.735,77.596,32.299,8.8789,26.198,6.8511,18.956,1.6729,33.23,13.809,23.65,1.2147,18.983,2.26,4.8992,2.3043,0.020581,0.84351,0.11553,54.205,43.76,63.785,53.438,19.854,61.515,21.506,42.967,35.567,41.889,51.008,39.449,16.05
291,0.24067,3660.2,4433.8,9.3376,26.913,41.943,2689.3,74.521,120.42,0.33507,80.83,48.592,2617.7,23.81,50.656,3088.3,22.828,66.515,241.27,339.46,94.54,77.735,32.399,8.831,25.673,6.9016,18.979,1.7018,32.811,13.715,23.311,1.2321,18.82,2.3037,4.8199,2.3214,0.019868,0.82302,0.097879,53.372,43.575,63.671,54.082,23.838,63.143,21.562,40.163,33.957,48.052,51.264,37.936,18.313
292,0.24006,3679.1,4492.0,9.3846,26.93,42.147,2686.0,73.748,120.5,0.3346,80.589,49.51,2614.2,24.404,49.994,3087.2,22.989,66.588,244.82,338.87,94.702,77.268,32.399,8.831,25.673,6.9016,18.979,1.7018,32.811,13.715,23.311,1.2321,18.82,2.3037,4.8199,2.3214,0.019868,0.82302,0.097879,53.372,43.575,63.347,53.385,23.897,63.728,20.909,40.22,36.659,46.521,51.057,39.487,17.97
293,0.22971,3684.1,4459.8,9.3706,27.132,42.42,2688.6,74.096,120.44,0.32623,80.743,49.464,2616.3,24.86,49.209,3087.5,21.178,66.539,242.28,339.34,94.579,77.61,32.133,8.8706,25.693,6.7814,18.907,1.6758,33.023,13.746,23.391,1.2896,19.244,2.3007,4.89,2.3223,0.019868,0.82302,0.097879,53.372,43.575,62.824,53.683,22.684,61.319,21.709,38.637,36.522,44.704,51.396,38.763,22.245
294,0.2309,3631.9,4489.7,9.4289,27.15,42.334,2688.0,74.73,120.51,0.32438,80.613,52.239,2615.5,23.847,49.841,3088.1,22.067,66.536,243.5,339.12,94.651,77.737,32.133,8.8706,25.693,6.7814,18.907,1.6758,33.023,13.746,23.391,1.2896,19.244,2.3007,4.89,2.3223,0.019868,0.82302,0.097879,53.372,43.575,63.722,53.324,22.567,60.118,21.192,38.863,44.689,46.166,51.399,41.68,20.127
295,0.2553,3688.7,4450.8,9.4564,27.175,42.683,2687.8,74.346,120.46,0.32704,80.653,50.475,2615.9,25.421,49.21,3089.3,23.76,66.564,244.71,338.94,94.602,77.536,32.134,8.8774,25.862,6.7741,19.228,1.67,33.299,13.7,23.403,1.2496,19.257,2.2921,4.9002,2.3756,0.019868,0.82302,0.097879,53.372,43.575,63.836,53.939,25.063,61.016,21.157,39.213,39.499,44.707,51.402,41.652,16.115
296,0.2538,3661.5,4474.3,9.3189,27.395,42.156,2689.4,74.371,120.54,0.32438,80.716,49.908,2617.0,24.095,50.508,3091.3,23.045,66.557,242.17,338.75,94.638,77.806,32.134,8.8774,25.862,6.7741,19.228,1.67,33.299,13.7,23.403,1.2496,19.257,2.2921,4.9002,2.3756,0.015563,0.83114,0.088657,53.823,43.268,64.304,53.657,25.21,63.551,21.07,39.537,37.828,47.71,51.213,43.885,17.788
297,0.25421,3737.0,4414.5,9.5442,26.915,42.515,2689.1,75.122,120.49,0.32232,80.738,49.182,2617.5,23.86,48.988,3091.6,24.05,66.576,239.77,338.74,94.51,77.258,32.508,8.9605,26.014,6.9999,19.505,1.6816,33.164,13.914,23.577,1.265,19.075,2.2955,4.98,2.3791,0.015563,0.83114,0.088657,53.823,43.268,63.167,53.536,25.267,60.431,21.044,38.431,35.694,44.192,51.307,44.093,15.432
298,0.25744,3715.0,4415.5,9.3351,27.182,42.861,2688.9,74.816,120.48,0.32048,80.569,47.915,2615.8,26.645,49.199,3089.5,24.355,66.56,242.04,338.95,94.608,77.167,32.508,8.9605,26.014,6.9999,19.505,1.6816,33.164,13.914,23.577,1.265,19.075,2.2955,4.98,2.3791,0.015563,0.83114,0.088657,53.823,43.268,63.546,53.524,24.949,62.336,21.324,38.656,31.965,44.679,50.985,44.957,14.723
299,0.21806,3633.3,4422.1,9.3485,27.221,42.521,2689.6,74.144,120.44,0.34711,80.61,50.177,2618.8,25.486,49.604,3087.1,24.436,66.51,242.22,339.92,94.636,77.957,32.292,9.0663,26.183,6.9209,19.078,1.6512,32.899,14.069,23.848,1.3204,19.357,2.2939,4.9528,2.2694,0.015563,0.83114,0.088657,53.823,43.268,62.966,52.667,21.435,63.479,22.109,41.104,38.62,45.617,50.856,44.22,14.477
300,0.21869,3620.0,4421.9,9.3242,26.794,42.449,2691.5,74.163,120.4,0.34425,80.831,50.987,2619.6,25.218,51.851,3090.3,22.729,66.56,240.66,340.13,94.628,77.907,32.292,9.0663,26.183,6.9209,19.078,1.6512,32.899,14.069,23.848,1.3204,19.357,2.2939,4.9528,2.2694,0.015563,0.83114,0.088657,53.823,43.268,63.196,52.669,21.373,59.675,21.737,41.452,41.006,50.818,50.875,44.529,18.503
301,0.23785,3661.6,4466.3,9.3657,26.661,41.917,2693.9,74.954,120.41,0.36672,81.052,49.569,2623.1,23.085,51.333,3093.3,22.135,66.626,241.51,339.67,94.559,77.765,32.251,8.9064,26.061,6.9165,18.92,1.7135,32.944,13.834,23.565,1.2201,18.568,2.2496,4.97,2.2714,0.0028536,0.84088,0.097519,53.506,43.068,63.099,53.097,23.166,62.601,21.432,43.1,36.83,49.619,50.868,44.463,19.885
302,0.23656,3655.7,4450.9,9.3504,26.698,42.648,2692.0,74.413,120.38,0.36538,80.653,49.786,2620.3,24.223,50.237,3092.0,23.432,66.628,242.3,339.83,94.574,77.143,32.251,8.9064,26.061,6.9165,18.92,1.7135,32.944,13.834,23.565,1.2201,18.568,2.2496,4.97,2.2714,0.0028536,0.84088,0.097519,53.506,43.068,63.2,53.281,23.292,59.878,21.467,43.263,37.47,47.082,50.761,44.328,16.851
303,0.24059,3688.0,4486.8,9.3697,26.771,42.511,2691.2,75.071,120.38,0.34031,80.294,51.075,2620.0,24.44,51.075,3090.4,23.766,66.518,241.72,340.2,94.771,77.122,32.492,8.9288,26.054,6.9162,18.77,1.6517,32.973,13.848,23.438,1.4172,18.835,2.291,4.9507,2.3756,0.0028536,0.84088,0.097519,53.506,43.068,62.648,53.201,23.506,63.374,21.679,40.223,41.263,49.022,50.782,43.63,16.082
304,0.23892,3668.2,4475.8,9.4278,27.127,42.356,2692.6,74.819,120.38,0.33747,80.198,49.249,2620.9,26.293,49.643,3092.2,22.604,66.374,242.27,340.48,94.639,77.351,32.492,8.9288,26.054,6.9162,18.77,1.6517,32.973,13.848,23.438,1.4172,18.835,2.291,4.9507,2.3756,0.0028536,0.84088,0.097519,53.506,43.068,62.989,53.333,23.669,65.512,21.615,40.57,35.89,45.709,50.709,44.211,18.846
305,0.21365,3683.1,4461.5,9.5213,26.983,42.928,2695.7,74.809,120.37,0.33864,80.223,51.9,2624.0,28.626,50.309,3093.7,23.579,66.307,241.71,341.01,94.695,77.599,32.406,8.827,26.3,6.9369,18.645,1.6791,33.324,13.839,23.691,1.2233,18.589,2.3039,5.033,2.4255,0.0028536,0.84088,0.097519,53.506,43.068,62.702,53.862,21.199,59.481,21.779,40.835,43.692,47.248,50.74,43.676,16.521
306,0.2144,3670.1,4441.7,9.3778,26.624,42.438,2701.0,75.349,120.41,0.33776,80.631,51.328,2629.9,26.3,50.122,3097.9,23.235,66.313,240.77,340.82,94.538,78.177,32.406,8.827,26.3,6.9369,18.645,1.6791,33.324,13.839,23.691,1.2233,18.589,2.3039,5.033,2.4255,0.023034,0.8334,0.10349,54.042,43.264,62.926,54.099,21.125,62.341,21.993,40.942,42.009,46.817,51.047,44.129,17.269
307,0.22119,3669.8,4475.1,9.4095,26.693,42.195,2702.9,74.388,120.28,0.34015,80.654,50.044,2632.4,25.008,51.696,3102.1,23.518,66.393,242.59,341.51,94.395,77.443,32.049,8.8915,26.353,6.7955,18.986,1.6522,33.253,13.942,23.774,1.3233,18.447,2.2539,4.9425,2.3675,0.023034,0.8334,0.10349,54.042,43.264,62.708,54.018,21.55,61.057,21.837,40.424,38.23,50.458,50.963,41.087,16.622
308,0.21908,3636.2,4508.1,9.3862,27.065,42.141,2705.2,74.277,120.24,0.34221,80.529,48.991,2634.0,24.159,50.471,3103.3,23.733,66.421,243.46,341.23,94.53,77.856,32.049,8.8915,26.353,6.7955,18.986,1.6522,33.253,13.942,23.774,1.3233,18.447,2.2539,4.9425,2.3675,0.023034,0.8334,0.10349,54.042,43.264,63.286,53.623,21.758,63.2,22.018,40.173,35.131,47.624,50.965,38.181,16.069
309,0.25414,3689.1,4436.3,9.4845,26.967,42.654,2705.6,74.611,120.26,0.35159,80.281,48.677,2633.0,25.073,47.34,3105.4,23.376,66.411,243.73,341.64,94.325,76.926,32.498,8.8428,26.287,6.9175,18.974,1.6766,32.672,13.883,24.051,1.2076,18.638,2.299,4.9429,2.3434,0.023034,0.8334,0.10349,54.042,43.264,63.631,53.637,25.021,61.206,21.666,41.902,34.205,40.377,51.02,36.997,16.975
310,0.25573,3708.3,4449.5,9.4029,26.966,42.154,2705.2,74.641,120.37,0.34879,79.925,51.144,2633.0,25.138,48.351,3101.7,22.681,66.283,245.67,341.97,94.592,77.418,32.498,8.8428,26.287,6.9175,18.974,1.6766,32.672,13.883,24.051,1.2076,18.638,2.299,4.9429,2.3434,0.023034,0.8334,0.10349,54.042,43.264,63.301,53.479,24.864,61.568,22.37,42.243,41.466,42.718,50.937,39.266,18.628
311,0.21044,3617.1,4465.5,9.318,26.874,42.335,2702.1,75.297,120.48,0.34516,79.829,48.401,2630.8,25.561,50.509,3100.2,22.966,66.173,244.56,342.06,94.633,77.036,32.488,8.7898,26.275,6.985,18.736,1.6944,33.24,13.822,23.94,1.0893,18.165,2.2765,4.9088,2.2831,0.0062275,0.81943,0.090225,53.473,43.515,63.823,53.283,20.608,61.665,22.135,41.243,33.396,47.711,50.941,43.12,18.004
312,0.20719,3677.3,4484.1,9.438,26.818,42.64,2703.0,74.207,120.55,0.34504,79.95,50.159,2631.7,24.943,50.765,3099.5,23.74,66.08,244.4,342.23,94.736,77.326,32.488,8.7898,26.275,6.985,18.736,1.6944,33.24,13.822,23.94,1.0893,18.165,2.2765,4.9088,2.2831,0.0062275,0.81943,0.090225,53.473,43.515,62.788,53.061,20.928,60.353,22.181,41.258,38.568,48.305,50.97,46.986,16.165
313,0.20923,3616.6,4476.2,9.5965,26.589,42.407,2703.7,75.357,120.52,0.33925,80.122,52.287,2631.8,25.411,49.885,3101.1,23.015,66.141,245.72,342.25,94.691,77.476,32.433,8.8254,26.72,6.6818,18.279,1.7048,33.25,13.881,24.21,1.1227,18.768,2.2876,4.7808,2.2735,0.0062275,0.81943,0.090225,53.473,43.515,63.176,53.726,20.286,59.208,22.127,40.379,44.831,46.268,50.86,47.336,17.882
314,0.20691,3645.1,4458.9,9.5132,26.792,41.939,2709.1,74.968,120.43,0.34034,80.466,49.551,2639.1,25.782,49.434,3103.8,23.231,66.218,243.69,342.53,94.547,77.972,32.433,8.8254,26.72,6.6818,18.279,1.7048,33.25,13.881,24.21,1.1227,18.768,2.2876,4.7808,2.2735,0.0062275,0.81943,0.090225,53.473,43.515,62.685,53.933,20.513,63.27,22.773,40.246,36.779,45.224,51.045,45.089,17.311
315,0.20937,3726.6,4537.4,9.463,26.665,42.476,2712.4,74.474,120.41,0.34519,80.565,50.874,2641.7,23.389,49.613,3109.2,23.308,66.301,243.66,342.38,94.406,77.814,32.383,8.986,26.584,6.9658,18.356,1.6491,32.802,13.973,24.023,1.0908,18.583,2.2885,4.7999,2.2779,0.0062275,0.81943,0.090225,53.473,43.515,63.987,54.161,20.771,61.816,22.355,41.252,40.671,45.639,51.047,44.263,17.104
316,0.20994,3717.6,4537.4,9.4254,26.569,42.461,2713.2,75.539,120.33,0.34389,80.487,50.354,2642.4,25.551,50.56,3110.4,23.103,66.372,240.3,342.45,94.186,77.476,32.383,8.986,26.584,6.9658,18.356,1.6491,32.802,13.973,24.023,1.0908,18.583,2.2885,4.7999,2.2779,0.042815,0.78705,0.090041,54.694,43.079,64.143,54.161,20.715,63.108,22.177,41.41,39.142,47.831,50.969,41.915,17.596
317,0.2123,3619.0,4495.2,9.4605,27.132,42.396,2712.2,74.655,120.25,0.35182,80.236,49.96,2641.0,23.919,48.612,3109.9,22.093,66.34,240.52,342.15,94.335,77.567,32.362,9.0525,27.235,6.794,18.39,1.6742,32.784,13.803,24.391,1.2825,18.743,2.314,4.866,2.2559,0.042815,0.78705,0.090041,54.694,43.079,63.404,54.554,20.968,62.224,22.508,43.075,37.983,43.322,50.787,38.84,19.984
318,0.21171,3635.6,4506.5,9.4135,27.007,42.924,2710.1,76.083,120.25,0.36049,79.856,49.841,2639.2,25.973,49.788,3108.5,23.684,66.243,243.58,342.21,94.425,76.974,32.362,9.0525,27.235,6.794,18.39,1.6742,32.784,13.803,24.391,1.2825,18.743,2.314,4.866,2.2559,0.042815,0.78705,0.090041,54.694,43.079,63.118,54.419,21.026,60.778,22.196,42.017,37.632,46.043,50.359,37.138,16.269
319,0.21178,3694.7,4498.0,9.4621,26.801,41.969,2711.9,73.627,120.27,0.33835,79.623,49.355,2640.9,25.915,49.336,3108.7,22.93,66.06,242.2,342.85,94.476,77.32,32.159,8.7869,26.126,7.0096,18.353,1.6774,33.118,13.856,24.505,1.3265,18.162,2.2913,4.9048,2.3081,0.042815,0.78705,0.090041,54.694,43.079,63.61,54.506,21.043,61.005,22.581,40.266,36.201,44.998,50.337,36.895,18.063
320,0.21329,3676.9,4512.0,9.4148,27.053,42.526,2714.5,75.661,120.32,0.33995,79.713,49.958,2644.3,23.392,48.104,3109.5,22.451,65.956,242.66,342.8,94.393,77.207,32.159,8.7869,26.126,7.0096,18.353,1.6774,33.118,13.856,24.505,1.3265,18.162,2.2913,4.9048,2.3081,0.042815,0.78705,0.090041,54.694,43.079,63.916,54.338,20.894,60.768,23.037,40.071,37.975,42.145,50.152,36.514,19.22
321,0.23369,3625.4,4520.5,9.6167,26.912,42.797,2714.6,75.499,120.34,0.34408,79.689,49.444,2643.9,26.495,49.916,3109.8,22.679,65.908,238.82,343.15,94.482,77.001,32.216,8.959,26.674,7.0263,18.624,1.7008,33.085,13.71,23.811,1.2863,18.381,2.266,4.7508,2.2042,0.016315,0.81782,0.094203,53.688,43.566,62.892,54.395,22.607,57.618,22.798,40.981,36.463,46.34,49.466,36.652,18.707
322,0.23158,3629.1,4525.4,9.3968,26.831,42.164,2716.4,74.56,120.39,0.34072,79.779,48.399,2645.9,26.364,50.474,3112.4,22.366,65.805,237.31,342.9,94.591,77.582,32.216,8.959,26.674,7.0263,18.624,1.7008,33.085,13.71,23.811,1.2863,18.381,2.266,4.7508,2.2042,0.016315,0.81782,0.094203,53.688,43.566,62.829,54.335,22.815,62.546,22.624,41.391,33.389,47.631,49.074,37.454,19.423
323,0.22375,3667.6,4501.0,9.383,26.838,42.327,2719.9,74.655,120.41,0.32782,79.965,49.925,2649.1,25.547,51.195,3114.4,23.583,65.794,235.1,343.03,94.447,77.383,32.293,8.759,26.989,6.9164,18.568,1.7107,33.152,13.905,24.54,1.1814,18.223,2.2887,4.7419,2.2389,0.016315,0.81782,0.094203,53.688,43.566,61.891,54.012,22.503,60.938,22.814,39.003,37.878,49.3,48.746,37.831,16.539
324,0.22746,3630.3,4524.9,9.4229,26.801,42.16,2719.5,74.737,120.43,0.32887,79.858,50.503,2648.7,26.04,51.268,3115.5,23.995,65.776,235.76,343.33,94.718,77.332,32.293,8.759,26.989,6.9164,18.568,1.7107,33.152,13.905,24.54,1.1814,18.223,2.2887,4.7419,2.2389,0.016315,0.81782,0.094203,53.688,43.566,62.533,53.726,22.139,63.446,22.806,38.875,39.581,49.47,48.16,39.012,15.568
325,0.2178,3673.0,4467.6,9.4288,26.796,42.356,2720.9,75.725,120.44,0.34751,79.874,49.894,2650.8,24.189,49.251,3117.1,22.859,65.706,233.15,343.47,94.574,77.343,31.914,8.9455,26.359,6.8163,19.04,1.6508,32.929,13.592,24.726,1.1488,18.135,2.2564,4.7984,2.2463,0.016315,0.81782,0.094203,53.688,43.566,62.678,54.579,21.482,62.938,23.004,41.79,37.787,44.801,47.871,38.125,18.264
326,0.21729,3675.2,4529.3,9.4366,27.085,42.158,2721.1,74.969,120.45,0.35113,79.927,50.228,2650.7,25.45,50.283,3117.4,22.715,65.671,233.63,343.29,94.482,77.587,31.914,8.9455,26.359,6.8163,19.04,1.6508,32.929,13.592,24.726,1.1488,18.135,2.2564,4.7984,2.2463,0.026156,0.81888,0.09189,53.987,43.404,62.641,53.841,21.533,61.606,23.071,41.347,38.771,47.189,48.036,39.313,18.591
327,0.25549,3658.4,4457.8,9.3525,26.727,42.502,2722.7,75.179,120.46,0.31893,79.923,50.313,2651.9,23.381,49.6,3119.3,23.663,65.685,234.26,343.36,94.467,77.469,32.222,8.8075,26.36,6.6443,18.456,1.6235,32.865,13.555,24.398,1.2577,18.728,2.223,4.7524,2.2725,0.026156,0.81888,0.09189,53.987,43.404,63.821,53.533,25.154,63.121,22.58,36.807,39.02,45.608,47.774,40.099,16.344
328,0.25501,3690.2,4422.9,9.3721,27.583,42.108,2723.1,74.765,120.46,0.31393,79.903,49.238,2652.7,24.717,50.423,3119.1,22.916,65.676,232.14,343.76,94.514,77.252,32.222,8.8075,26.36,6.6443,18.456,1.6235,32.865,13.555,24.398,1.2577,18.728,2.223,4.7524,2.2725,0.026156,0.81888,0.09189,53.987,43.404,63.274,53.951,25.202,62.656,23.185,37.417,35.858,47.513,47.758,40.836,18.131
329,0.22556,3752.8,4503.5,9.3569,26.77,42.585,2723.0,75.18,120.49,0.3111,79.823,49.498,2652.7,24.972,50.721,3119.0,22.858,65.664,231.27,343.94,94.31,77.197,32.41,8.7752,26.854,6.9088,18.398,1.7026,33.359,13.77,24.478,1.0532,18.182,2.2741,4.7874,2.2057,0.026156,0.81888,0.09189,53.987,43.404,63.849,54.425,22.486,61.404,23.281,36.389,36.623,48.202,47.632,41.288,18.279
330,0.22765,3785.1,4517.7,9.5088,26.999,42.281,2722.5,74.583,120.46,0.31021,79.813,50.149,2651.7,24.645,50.941,3118.3,23.762,65.638,231.49,343.73,94.428,77.082,32.41,8.7752,26.854,6.9088,18.398,1.7026,33.359,13.77,24.478,1.0532,18.182,2.2741,4.7874,2.2057,0.026156,0.81888,0.09189,53.987,43.404,63.293,54.255,22.281,61.521,23.018,36.498,38.538,48.711,47.41,41.334,16.138
331,0.20604,3676.7,4481.3,9.356,26.697,42.197,2720.9,74.365,120.48,0.33657,79.869,50.938,2650.7,24.621,50.042,3116.0,23.844,65.625,230.92,343.98,94.307,77.338,32.245,8.8587,27.078,6.7638,18.052,1.6478,33.111,13.638,24.57,1.2268,17.986,2.2103,4.8349,2.342,0.023124,0.83185,0.09581,54.205,44.194,62.938,54.892,20.575,60.82,22.935,38.817,40.859,46.631,47.256,42.583,15.927
332,0.20796,3670.2,4503.1,9.2773,26.742,42.07,2719.8,75.874,120.42,0.3347,79.794,48.784,2649.7,23.626,51.464,3113.4,23.059,65.602,231.21,343.91,94.625,76.977,32.245,8.8587,27.078,6.7638,18.052,1.6478,33.111,13.638,24.57,1.2268,17.986,2.2103,4.8349,2.342,0.023124,0.83185,0.09581,54.205,44.194,63.05,54.631,20.386,62.441,23.199,39.046,34.521,49.923,47.026,42.374,17.821
333,0.22396,3710.7,4595.8,9.3535,26.776,42.289,2720.2,75.416,120.41,0.31551,79.877,50.567,2649.6,24.256,48.426,3115.8,23.919,65.59,229.0,343.18,94.378,77.334,32.211,8.8055,26.462,6.9353,18.567,1.6097,32.974,13.624,24.422,1.1657,18.333,2.2607,4.8096,2.2705,0.023124,0.83185,0.09581,54.205,44.194,63.668,54.463,21.659,61.797,22.852,37.662,39.768,42.89,47.022,41.731,15.754
334,0.22226,3707.7,4584.7,9.3626,26.766,42.106,2719.6,75.044,120.37,0.31634,79.773,48.214,2649.2,26.253,50.974,3115.6,22.669,65.59,227.28,343.32,94.507,76.705,32.211,8.8055,26.462,6.9353,18.567,1.6097,32.974,13.624,24.422,1.1657,18.333,2.2607,4.8096,2.2705,0.023124,0.83185,0.09581,54.205,44.194,63.721,54.595,21.826,62.451,22.949,37.561,32.844,48.788,46.972,39.994,18.773
335,0.2247,3675.4,4545.6,9.3287,27.515,42.142,2717.9,75.779,120.31,0.31678,79.6,50.731,2647.1,22.545,47.208,3113.6,23.702,65.52,226.77,343.12,94.358,77.005,31.935,8.898,26.659,6.8245,17.967,1.6389,33.202,13.811,24.468,1.3436,18.035,2.2136,4.8083,2.2064,0.023124,0.83185,0.09581,54.205,44.194,62.803,53.878,22.159,60.037,23.183,36.849,40.252,40.073,46.821,38.153,16.319
336,0.22386,3686.8,4507.4,9.4125,26.784,42.152,2719.0,76.174,120.29,0.31682,79.675,49.751,2649.0,24.359,50.721,3112.7,22.528,65.464,229.29,343.29,94.663,77.163,31.935,8.898,26.659,6.8245,17.967,1.6389,33.202,13.811,24.468,1.3436,18.035,2.2136,4.8083,2.2064,0.029828,0.83781,0.11345,53.66,43.9,62.605,54.336,22.242,59.812,23.031,36.844,37.366,48.203,46.714,37.005,19.1
337,0.25366,3678.0,4546.9,9.2939,27.015,42.362,2718.8,75.509,120.28,0.33621,79.57,49.685,2648.9,24.812,48.829,3114.0,22.119,65.452,228.83,342.74,94.429,76.919,32.261,8.9536,26.584,6.7323,18.997,1.6519,32.856,13.701,24.106,1.4219,17.78,2.2289,4.7894,2.3124,0.029828,0.83781,0.11345,53.66,43.9,63.731,55.42,24.793,61.909,23.196,39.321,37.174,43.825,46.695,35.049,20.099
338,0.25191,3684.0,4565.0,9.2801,26.847,42.292,2721.0,75.57,120.35,0.3341,79.782,49.261,2649.9,22.75,50.626,3116.4,22.255,65.405,228.0,342.5,94.419,77.329,32.261,8.9536,26.584,6.7323,18.997,1.6519,32.856,13.701,24.106,1.4219,17.78,2.2289,4.7894,2.3124,0.029828,0.83781,0.11345,53.66,43.9,63.628,55.203,24.965,63.021,22.734,39.579,35.925,47.982,46.711,37.145,19.751
339,0.22332,3720.5,4493.1,9.2984,26.974,42.201,2720.5,76.046,120.37,0.32136,79.861,48.904,2648.8,24.764,51.103,3115.4,21.678,65.446,227.19,342.55,94.541,76.978,32.213,8.9233,27.052,6.9139,18.732,1.6266,32.498,13.661,24.748,1.3752,18.359,2.2493,4.786,2.2175,0.029828,0.83781,0.11345,53.66,43.9,63.907,53.586,21.758,60.556,23.159,38.108,34.876,49.088,46.722,36.173,21.135
340,0.22051,3713.6,4503.1,9.4312,26.932,42.699,2714.6,74.902,120.44,0.32352,79.615,50.92,2643.6,25.015,49.187,3111.6,23.434,65.445,229.66,342.17,94.321,76.896,32.213,8.9233,27.052,6.9139,18.732,1.6266,32.498,13.661,24.748,1.3752,18.359,2.2493,4.786,2.2175,0.029828,0.83781,0.11345,53.66,43.9,64.025,53.466,22.034,60.07,22.309,37.845,40.807,44.652,46.442,38.14,16.995
341,0.22604,3698.7,4517.0,9.3807,26.634,42.22,2713.2,75.399,120.44,0.31807,79.708,49.142,2642.2,24.757,50.784,3108.5,22.243,65.422,229.57,341.3,94.739,77.044,31.712,8.7267,27.312,6.9553,18.598,1.6366,32.775,13.558,24.629,1.1012,18.255,2.2746,4.7542,2.1676,0.018163,0.82044,0.099342,53.516,43.279,62.744,53.936,22.295,59.775,22.291,37.234,35.576,48.348,46.542,39.162,19.826
342,0.22734,3664.3,4525.8,9.2225,26.993,42.246,2709.9,75.27,120.46,0.31313,79.719,50.487,2638.7,24.992,52.739,3106.7,22.297,65.429,227.95,341.06,94.627,77.031,31.712,8.7267,27.312,6.9553,18.598,1.6366,32.775,13.558,24.629,1.1012,18.255,2.2746,4.7542,2.1676,0.018163,0.82044,0.099342,53.516,43.279,63.336,53.831,22.167,59.917,22.455,37.836,39.534,52.873,46.692,40.258,19.712
343,0.2769,3667.8,4541.1,9.2169,26.689,42.12,2711.7,76.114,120.46,0.30213,79.919,48.314,2640.1,25.373,52.209,3107.8,23.046,65.462,226.55,341.24,94.76,77.249,31.827,8.8312,27.165,7.0409,18.832,1.6349,33.164,13.974,25.093,1.2451,18.503,2.2596,4.7009,2.2939,0.018163,0.82044,0.099342,53.516,43.279,62.863,53.994,27.294,60.226,22.536,36.087,33.14,51.647,46.82,40.226,17.925
344,0.27771,3647.7,4502.3,9.2349,26.956,42.002,2712.0,75.462,120.44,0.30053,80.104,51.109,2641.3,25.427,50.408,3108.6,22.938,65.56,226.35,340.88,94.678,77.311,31.827,8.8312,27.165,7.0409,18.832,1.6349,33.164,13.974,25.093,1.2451,18.503,2.2596,4.7009,2.2939,0.018163,0.82044,0.099342,53.516,43.279,63.209,54.459,27.214,60.033,22.542,36.282,41.363,47.478,46.838,40.559,18.169
345,0.27149,3664.5,4450.6,9.2624,27.25,42.406,2712.3,75.506,120.45,0.34724,80.248,50.467,2640.7,24.163,50.257,3109.1,23.427,65.626,226.41,340.71,94.703,77.477,31.762,8.8693,27.137,6.7868,19.172,1.6594,32.882,13.759,24.567,1.301,18.246,2.2174,4.8214,2.2336,0.018163,0.82044,0.099342,53.516,43.279,62.059,54.513,26.491,61.444,22.373,41.636,39.473,47.129,46.828,41.395,16.976
346,0.26992,3665.4,4506.8,9.4435,26.877,42.27,2709.8,75.33,120.44,0.34966,80.067,48.772,2637.9,25.429,50.683,3107.2,23.428,65.668,225.43,340.78,94.763,76.701,31.762,8.8693,27.137,6.7868,19.172,1.6594,32.882,13.759,24.567,1.301,18.246,2.2174,4.8214,2.2336,0.026622,0.83531,0.098661,53.675,43.4,62.044,53.84,26.644,60.266,21.95,41.341,34.486,48.115,46.454,42.24,17.034
347,0.28078,3686.2,4441.7,9.2843,26.705,41.86,2706.1,75.605,120.46,0.3262,79.797,51.056,2634.0,26.555,52.967,3105.7,23.539,65.627,225.54,340.46,94.767,76.862,32.164,8.9137,26.516,7.0021,18.438,1.6195,33.11,13.759,24.426,1.1845,18.413,2.2285,4.8444,2.2635,0.026622,0.83531,0.098661,53.675,43.4,63.884,53.747,27.618,60.824,21.857,38.527,41.209,53.402,46.244,42.625,16.788
348,0.28317,3696.3,4461.4,9.362,27.183,42.507,2708.5,75.858,120.45,0.32594,79.999,49.563,2636.5,25.845,51.268,3104.3,23.782,65.547,225.0,340.75,94.658,77.406,32.164,8.9137,26.516,7.0021,18.438,1.6195,33.11,13.759,24.426,1.1845,18.413,2.2285,4.8444,2.2635,0.026622,0.83531,0.098661,53.675,43.4,63.711,53.512,27.382,59.855,22.438,38.558,36.813,49.469,46.096,44.288,16.174
349,0.24354,3630.8,4549.8,9.1911,26.591,42.381,2708.3,75.288,120.48,0.32641,80.195,50.318,2636.7,26.78,49.767,3104.5,22.216,65.593,223.76,340.36,94.77,77.446,31.619,9.0155,27.405,6.841,18.803,1.6516,32.657,13.672,24.751,1.2102,18.542,2.2156,4.8484,2.3226,0.026622,0.83531,0.098661,53.675,43.4,62.939,54.25,24.096,60.423,22.128,38.394,39.037,45.995,46.007,43.893,19.877
350,0.24361,3630.7,4564.4,9.1482,26.921,42.323,2707.6,75.651,120.44,0.3226,80.178,47.823,2635.4,26.889,49.643,3104.6,22.422,65.577,224.24,340.31,94.738,77.166,31.619,9.0155,27.405,6.841,18.803,1.6516,32.657,13.672,24.751,1.2102,18.542,2.2156,4.8484,2.3226,0.026622,0.83531,0.098661,53.675,43.4,62.94,54.076,24.089,62.752,22.177,38.859,31.692,45.708,45.764,45.023,19.403
351,0.30067,3699.2,4516.8,9.2207,27.3,42.38,2706.5,75.662,120.5,0.31593,80.142,51.267,2634.4,23.128,48.48,3105.5,22.88,65.599,223.67,340.22,94.692,77.365,31.75,8.9767,27.197,7.0289,19.184,1.6611,32.884,13.881,24.027,1.0373,18.651,2.2356,4.8473,2.2958,0.01959,0.8346,0.10436,53.114,44.401,63.137,53.775,29.449,59.957,22.065,37.198,41.829,43.017,45.982,46.601,18.306
352,0.30204,3670.9,4489.0,9.2418,26.603,42.528,2704.3,74.67,120.46,0.31599,80.044,50.854,2632.9,26.13,51.245,3103.1,22.622,65.598,222.31,340.1,94.701,76.999,31.75,8.9767,27.197,7.0289,19.184,1.6611,32.884,13.881,24.027,1.0373,18.651,2.2356,4.8473,2.2958,0.01959,0.8346,0.10436,53.114,44.401,63.623,54.108,29.314,61.197,21.797,37.191,40.613,49.415,46.063,47.967,18.961
353,0.29088,3647.5,4441.2,9.2184,27.014,42.114,2704.1,75.328,120.44,0.33926,80.035,49.982,2632.5,25.566,51.09,3101.2,23.822,65.568,225.94,340.22,94.746,77.445,32.286,8.9308,26.471,6.8006,18.532,1.601,32.548,13.688,24.168,1.1719,18.343,2.2742,4.8362,2.1947,0.01959,0.8346,0.10436,53.114,44.401,62.327,53.709,28.948,60.154,22.143,39.854,38.046,49.057,45.702,48.046,16.087
354,0.29436,3622.7,4445.4,9.2684,26.866,42.032,2705.7,75.507,120.41,0.33969,80.297,50.382,2634.8,24.555,48.582,3101.8,21.744,65.588,224.65,340.27,94.732,77.409,32.286,8.9308,26.471,6.8006,18.532,1.601,32.548,13.688,24.168,1.1719,18.343,2.2742,4.8362,2.1947,0.01959,0.8346,0.10436,53.114,44.401,62.755,53.658,28.606,59.972,22.419,39.801,39.225,43.253,45.778,46.404,21.002
355,0.24216,3675.2,4502.5,9.0849,26.746,42.292,2704.8,75.743,120.42,0.31488,80.162,52.836,2633.2,25.663,50.557,3102.0,22.813,65.596,224.67,340.36,94.732,76.982,31.548,8.9332,26.512,6.7887,18.669,1.6394,32.586,13.838,24.138,1.2382,18.637,2.2602,4.8396,2.3326,0.01959,0.8346,0.10436,53.114,44.401,63.823,54.562,23.897,62.268,22.168,37.631,46.446,47.824,45.735,47.215,18.497
356,0.24397,3684.0,4565.7,9.1415,27.083,42.312,2701.4,74.951,120.38,0.31941,79.943,49.028,2629.8,25.971,51.313,3100.7,24.085,65.578,224.42,340.05,94.559,77.034,31.548,8.9332,26.512,6.7887,18.669,1.6394,32.586,13.838,24.138,1.2382,18.637,2.2602,4.8396,2.3326,0.045296,0.83356,0.11171,53.724,44.222,63.672,53.805,23.719,62.121,21.847,37.077,35.24,49.572,45.7,46.474,15.492
357,0.31836,3673.7,4521.7,9.1534,27.072,42.219,2703.1,76.129,120.29,0.33143,80.158,49.103,2630.9,25.098,49.286,3101.4,22.152,65.545,221.24,339.27,94.614,77.243,32.37,9.0316,26.482,6.7688,18.264,1.6926,32.735,13.929,23.94,1.2181,18.315,2.2926,4.964,2.3304,0.045296,0.83356,0.11171,53.724,44.222,64.035,54.025,30.999,62.911,21.747,39.513,35.46,44.882,45.937,44.411,20.055
358,0.31726,3684.1,4525.9,9.136,27.077,42.171,2702.1,74.913,120.23,0.33105,79.964,48.713,2630.9,24.257,50.65,3100.6,23.431,65.544,223.71,339.86,94.398,77.08,32.37,9.0316,26.482,6.7688,18.264,1.6926,32.735,13.929,23.94,1.2181,18.315,2.2926,4.964,2.3304,0.045296,0.83356,0.11171,53.724,44.222,63.856,53.975,31.107,59.891,22.138,39.56,34.313,48.039,45.673,40.485,17.038
359,0.23978,3682.0,4528.5,9.2151,27.118,42.09,2702.0,76.378,120.23,0.34372,80.09,51.827,2631.4,26.169,50.721,3099.3,22.289,65.539,224.66,340.0,94.491,77.119,32.379,8.8605,26.515,6.7373,19.441,1.6719,32.629,13.78,24.076,1.2785,18.868,2.2895,4.9199,2.3738,0.045296,0.83356,0.11171,53.724,44.222,64.164,54.99,23.556,61.386,22.049,40.552,43.478,48.202,45.543,38.72,19.74
360,0.23748,3752.5,4525.6,9.288,27.142,42.403,2698.1,75.552,120.28,0.33997,79.994,48.913,2626.4,26.869,50.734,3098.6,22.28,65.476,222.05,339.06,94.579,77.026,32.379,8.8605,26.515,6.7373,19.441,1.6719,32.629,13.78,24.076,1.2785,18.868,2.2895,4.9199,2.3738,0.045296,0.83356,0.11171,53.724,44.222,62.952,55.026,23.782,59.4,21.7,41.01,34.902,48.233,45.733,39.541,19.769
361,0.23677,3707.8,4400.2,9.1974,27.261,42.345,2696.0,75.296,120.28,0.3264,79.926,51.118,2624.6,25.884,49.061,3095.3,21.845,65.473,220.85,338.64,94.492,76.774,31.955,8.8212,26.323,6.9567,18.516,1.6972,33.265,13.773,23.967,1.4502,18.872,2.3233,4.8914,2.3158,0.03981,0.84539,0.10744,54.459,42.994,64.119,53.623,23.301,60.97,21.734,38.727,41.391,44.361,45.769,38.642,20.835
362,0.23552,3725.6,4463.4,9.2336,26.783,42.339,2692.0,74.953,120.29,0.32584,79.724,51.716,2619.6,26.072,49.127,3091.5,22.058,65.365,222.98,338.57,94.559,76.95,31.955,8.8212,26.323,6.9567,18.516,1.6972,33.265,13.773,23.967,1.4502,18.872,2.3233,4.8914,2.3158,0.03981,0.84539,0.10744,54.459,42.994,63.812,52.867,23.424,60.222,21.566,38.795,43.15,44.514,45.53,37.724,20.351
363,0.27558,3642.2,4518.2,9.1056,27.016,42.115,2692.9,74.249,120.28,0.3204,79.962,48.369,2620.4,23.509,49.701,3091.2,23.076,65.353,222.01,338.21,94.658,77.334,31.608,9.1109,26.223,6.8857,18.887,1.6717,32.557,13.927,24.08,1.3322,19.011,2.2527,4.8805,2.2343,0.03981,0.84539,0.10744,54.459,42.994,63.356,54.448,27.597,62.379,21.594,39.205,33.299,45.842,45.565,36.634,17.917
364,0.27911,3648.1,4497.1,9.2865,27.096,42.004,2693.9,75.148,120.31,0.32585,80.163,50.749,2622.1,24.924,51.022,3093.5,22.479,65.386,220.29,338.2,94.618,77.14,31.608,9.1109,26.223,6.8857,18.887,1.6717,32.557,13.927,24.08,1.3322,19.011,2.2527,4.8805,2.2343,0.03981,0.84539,0.10744,54.459,42.994,63.254,54.7,27.25,59.635,21.465,38.54,40.305,48.899,45.666,36.062,19.343
365,0.31596,3675.3,4501.5,9.1255,27.113,42.085,2693.0,75.192,120.33,0.34188,80.187,50.088,2620.4,25.343,50.063,3094.6,23.932,65.417,222.72,337.42,94.742,77.158,32.498,8.9604,26.578,6.9407,18.682,1.6465,33.2,13.854,24.405,1.464,19.243,2.2315,4.7587,2.336,0.03981,0.84539,0.10744,54.459,42.994,63.372,53.75,31.046,60.9,21.228,40.73,38.359,46.68,45.393,35.421,15.891
366,0.31651,3669.9,4511.5,9.3439,26.531,42.345,2694.1,74.319,120.37,0.34048,80.378,49.35,2622.6,26.237,50.547,3094.5,23.132,65.491,222.83,337.87,94.538,77.247,32.498,8.9604,26.578,6.9407,18.682,1.6465,33.2,13.854,24.405,1.464,19.243,2.2315,4.7587,2.336,0.028956,0.86321,0.087025,53.452,44.213,63.466,53.631,30.992,61.23,21.137,40.901,36.187,47.799,45.634,35.674,17.783
367,0.23087,3676.9,4558.1,9.2401,26.966,42.089,2691.0,75.456,120.42,0.33178,80.244,49.622,2618.7,26.936,50.76,3091.9,23.299,65.531,223.06,337.55,94.786,76.803,32.267,8.9916,26.33,7.0357,18.814,1.63,32.877,13.9,23.167,1.4526,19.082,2.2636,4.9133,2.3316,0.028956,0.86321,0.087025,53.452,44.213,62.833,53.574,22.774,60.987,21.169,40.125,36.987,48.292,45.69,36.986,17.419
368,0.23088,3656.6,4501.8,9.2756,27.205,42.426,2689.1,74.741,120.39,0.33528,80.209,49.986,2616.0,26.398,51.15,3088.6,23.586,65.521,222.62,337.31,94.895,77.053,32.267,8.9916,26.33,7.0357,18.814,1.63,32.877,13.9,23.167,1.4526,19.082,2.2636,4.9133,2.3316,0.028956,0.86321,0.087025,53.452,44.213,63.182,54.248,22.773,60.885,21.397,39.698,38.06,49.196,45.807,36.267,16.732
369,0.25077,3679.5,4537.9,9.2157,26.591,42.103,2688.0,75.385,120.43,0.33688,80.344,51.964,2616.1,26.49,50.756,3088.8,23.169,65.544,224.5,336.76,94.749,77.257,32.16,8.985,25.742,6.9972,19.301,1.6696,32.583,13.658,23.558,1.3336,18.591,2.2939,4.8732,2.2291,0.028956,0.86321,0.087025,53.452,44.213,61.854,53.497,24.808,61.823,20.812,40.804,43.88,48.284,45.714,36.781,17.711
370,0.24942,3633.6,4517.4,9.1969,26.589,42.24,2687.6,75.123,120.44,0.33706,80.447,50.319,2615.5,25.525,49.995,3088.7,23.201,65.583,222.18,336.75,94.93,77.198,32.16,8.985,25.742,6.9972,19.301,1.6696,32.583,13.658,23.558,1.3336,18.591,2.2939,4.8732,2.2291,0.028956,0.86321,0.087025,53.452,44.213,62.645,53.742,24.941,60.727,20.857,40.782,39.038,46.523,45.994,37.317,17.629
371,0.26269,3654.0,4444.3,9.1323,26.927,42.44,2690.2,74.985,120.44,0.30978,80.799,50.532,2619.1,24.319,49.938,3090.4,22.462,65.689,223.16,337.09,94.744,77.55,32.166,9.1041,26.525,7.0285,19.332,1.692,32.431,13.959,24.262,1.4546,19.145,2.2356,4.9929,2.3169,0.02255,0.87864,0.086546,53.759,43.527,62.504,53.373,25.615,61.023,21.196,37.573,39.665,46.392,46.463,37.596,19.339
372,0.26368,3638.5,4449.0,9.2579,26.765,42.058,2688.6,74.463,120.45,0.30995,80.681,49.751,2617.0,24.119,49.452,3089.2,23.873,65.806,226.22,337.18,94.848,77.153,32.166,9.1041,26.525,7.0285,19.332,1.692,32.431,13.959,24.262,1.4546,19.145,2.2356,4.9929,2.3169,0.02255,0.87864,0.086546,53.759,43.527,62.77,53.317,25.518,60.702,20.93,37.553,37.367,45.267,46.465,38.127,16.007
373,0.26042,3648.9,4463.2,9.1934,26.97,42.36,2684.7,74.408,120.41,0.34141,80.459,48.726,2611.7,26.26,49.7,3087.3,24.116,65.82,227.06,335.94,94.952,76.831,31.965,9.0071,25.712,6.762,19.517,1.6403,32.507,13.98,23.46,1.2476,19.155,2.3123,4.8363,2.2425,0.02255,0.87864,0.086546,53.759,43.527,62.194,52.98,25.784,62.116,20.571,41.743,34.352,45.839,46.667,38.078,15.461
374,0.2611,3619.0,4482.4,9.2492,27.041,42.045,2685.4,74.952,120.44,0.3424,80.51,49.017,2613.9,27.984,50.755,3085.7,22.921,65.802,226.9,337.22,94.872,77.317,31.965,9.0071,25.712,6.762,19.517,1.6403,32.507,13.98,23.46,1.2476,19.155,2.3123,4.8363,2.2425,0.02255,0.87864,0.086546,53.759,43.527,62.708,52.75,25.718,60.224,21.168,41.623,35.209,48.282,46.961,38.827,18.271
375,0.28386,3728.2,4430.9,9.3117,26.651,42.003,2682.9,75.575,120.45,0.34881,80.358,49.453,2609.8,25.493,52.046,3086.4,23.507,65.826,226.76,336.01,94.881,76.833,32.353,8.9797,25.743,6.875,19.407,1.6709,32.372,13.994,23.655,1.063,19.37,2.3216,4.9131,2.3715,0.02255,0.87864,0.086546,53.759,43.527,63.155,52.803,27.553,61.466,20.206,41.613,36.49,51.27,47.249,39.221,16.923
376,0.28195,3726.2,4444.9,9.3885,26.96,42.738,2683.8,74.239,120.46,0.34515,80.494,49.848,2611.8,26.039,50.748,3084.6,22.525,65.843,229.16,336.73,94.722,77.584,32.353,8.9797,25.743,6.875,19.407,1.6709,32.372,13.994,23.655,1.063,19.37,2.3216,4.9131,2.3715,0.013234,0.87768,0.1119,53.848,43.543,63.19,52.636,27.741,60.208,20.874,42.059,37.653,48.266,47.772,38.97,19.205
377,0.24434,3657.8,4427.0,9.3304,27.282,42.48,2683.5,75.402,120.47,0.35023,80.624,50.56,2609.7,26.19,48.698,3086.3,22.35,65.895,231.78,335.91,94.716,77.567,32.297,9.0016,26.446,6.9983,19.654,1.684,32.379,14.076,23.598,1.3655,19.247,2.2035,4.9554,2.3855,0.013234,0.87768,0.1119,53.848,43.543,63.435,53.006,24.117,60.255,20.719,42.073,39.747,43.521,48.012,39.529,19.611
378,0.24512,3699.3,4392.8,9.3686,26.782,41.985,2683.4,74.649,120.47,0.35026,80.767,51.311,2610.9,24.187,49.443,3085.5,24.684,65.998,232.24,336.58,94.761,77.502,32.297,9.0016,26.446,6.9983,19.654,1.684,32.379,14.076,23.598,1.3655,19.247,2.2035,4.9554,2.3855,0.013234,0.87768,0.1119,53.848,43.543,62.722,53.415,24.041,60.552,20.613,42.069,41.957,45.245,48.438,40.228,14.062
379,0.24729,3653.9,4369.2,9.4939,26.843,42.37,2684.4,74.351,120.46,0.35951,80.977,49.527,2612.6,25.009,48.752,3085.7,23.83,66.113,232.7,336.22,94.754,77.566,31.988,9.0223,26.357,6.8936,19.338,1.6997,32.067,13.929,24.012,1.35,19.763,2.2572,5.0293,2.3853,0.013234,0.87768,0.1119,53.848,43.543,62.37,52.964,24.605,59.945,20.849,43.456,36.709,43.646,48.859,41.048,16.061
380,0.24931,3631.6,4395.3,9.3074,26.896,42.103,2683.1,73.887,120.46,0.35933,80.823,49.348,2611.2,25.513,52.145,3084.4,23.069,66.218,233.54,336.65,94.912,77.307,31.988,9.0223,26.357,6.8936,19.338,1.6997,32.067,13.929,24.012,1.35,19.763,2.2572,5.0293,2.3853,0.013234,0.87768,0.1119,53.848,43.543,62.752,52.651,24.406,62.016,20.928,43.477,36.183,51.497,49.24,40.969,17.874
381,0.27789,3657.8,4422.6,9.3783,26.722,42.292,2685.4,74.709,120.48,0.34534,80.936,48.962,2613.6,25.624,49.405,3086.9,22.274,66.29,235.81,336.68,94.68,77.516,32.212,8.9952,26.092,6.9235,19.431,1.6867,32.683,13.836,23.347,1.3036,18.962,2.285,5.0938,2.34,0.03634,0.86208,0.089241,54.198,44.069,63.16,52.98,27.564,62.44,20.604,41.497,35.046,45.156,49.547,41.622,19.723
382,0.2792,3688.2,4434.0,9.4608,26.646,42.629,2684.8,74.565,120.45,0.34598,80.748,48.773,2612.9,26.684,49.499,3086.6,23.167,66.321,235.25,337.55,94.842,77.335,32.212,8.9952,26.092,6.9235,19.431,1.6867,32.683,13.836,23.347,1.3036,18.962,2.285,5.0938,2.34,0.03634,0.86208,0.089241,54.198,44.069,62.637,52.844,27.436,61.163,20.661,41.42,34.488,45.373,50.074,42.49,17.619
383,0.25755,3642.9,4429.3,9.37,26.435,42.417,2684.2,74.727,120.47,0.33633,80.535,49.846,2611.8,24.268,50.26,3085.9,22.401,66.331,237.67,337.33,94.828,77.062,31.888,8.8934,25.991,7.0764,18.92,1.7093,32.54,13.93,23.538,1.2329,18.843,2.2955,5.0203,2.342,0.03634,0.86208,0.089241,54.198,44.069,63.129,52.568,25.494,61.296,20.601,40.201,37.646,47.136,50.337,43.707,19.473
384,0.25831,3638.5,4426.1,9.4984,26.88,42.637,2684.8,74.246,120.5,0.33706,80.449,51.183,2611.6,24.396,48.116,3086.6,23.87,66.303,240.77,337.53,94.833,77.201,31.888,8.8934,25.991,7.0764,18.92,1.7093,32.54,13.93,23.538,1.2329,18.843,2.2955,5.0203,2.342,0.03634,0.86208,0.089241,54.198,44.069,63.206,52.606,25.42,60.697,20.726,40.113,41.582,42.173,50.543,45.078,15.982
385,0.28996,3589.1,4461.5,9.2964,26.67,42.134,2690.9,73.991,120.54,0.34464,80.802,49.297,2618.9,26.051,49.729,3089.4,23.807,66.325,241.62,338.66,94.749,78.04,31.551,9.0071,25.708,6.793,19.189,1.6417,32.426,13.796,24.016,1.5178,18.758,2.3342,5.071,2.3129,0.03634,0.86208,0.089241,54.198,44.069,62.602,53.369,28.747,61.935,21.288,41.798,36.03,45.907,50.947,47.116,16.059
386,0.28933,3594.2,4421.7,9.5801,26.61,42.09,2694.7,74.512,120.51,0.34848,80.894,50.109,2622.9,24.812,48.624,3094.8,22.316,66.424,240.97,339.34,94.866,77.922,31.551,9.0071,25.708,6.793,19.189,1.6417,32.426,13.796,24.016,1.5178,18.758,2.3342,5.071,2.3129,0.0070688,0.85599,0.097664,54.886,43.12,62.515,53.846,28.81,61.795,21.429,41.33,38.42,43.349,51.139,48.546,19.579
387,0.32814,3709.1,4424.9,9.4728,26.924,42.644,2698.9,73.665,120.51,0.33203,80.864,49.752,2626.7,25.102,51.375,3099.2,23.472,66.513,242.2,339.59,94.446,77.819,31.972,9.0607,26.155,7.0785,19.021,1.6765,32.201,13.79,23.582,1.2859,19.312,2.2804,4.9619,2.3732,0.0070688,0.85599,0.097664,54.886,43.12,62.974,53.102,32.365,61.554,21.588,39.812,37.37,49.715,51.351,49.328,16.819
388,0.32802,3682.6,4406.0,9.5003,26.686,42.466,2701.5,74.457,120.46,0.33369,80.863,48.18,2629.4,24.037,48.985,3102.4,22.58,66.566,244.8,340.18,94.405,77.823,31.972,9.0607,26.155,7.0785,19.021,1.6765,32.201,13.79,23.582,1.2859,19.312,2.2804,4.9619,2.3732,0.0070688,0.85599,0.097664,54.886,43.12,63.43,53.328,32.377,62.301,21.445,39.61,32.743,44.185,51.441,48.128,18.909
389,0.29234,3642.0,4408.7,9.3075,27.095,42.19,2701.7,73.604,120.41,0.3339,80.548,50.097,2629.4,24.068,49.088,3101.3,23.333,66.548,245.23,341.03,94.524,77.443,31.843,8.9113,26.018,6.9236,18.803,1.6504,32.548,13.84,23.309,1.4629,18.778,2.2867,4.929,2.3303,0.0070688,0.85599,0.097664,54.886,43.12,61.573,53.653,28.738,62.159,21.608,39.371,38.387,44.423,51.725,48.267,17.146
390,0.29069,3609.8,4425.9,9.5173,26.63,42.523,2703.5,73.943,120.33,0.33553,80.294,49.261,2632.7,26.91,48.828,3101.0,23.367,66.506,247.16,342.4,94.593,77.451,31.843,8.9113,26.018,6.9236,18.803,1.6504,32.548,13.84,23.309,1.4629,18.778,2.2867,4.929,2.3303,0.0070688,0.85599,0.097664,54.886,43.12,62.127,53.447,28.9,60.73,22.448,39.173,35.926,43.821,51.879,46.329,17.071
391,0.30916,3631.2,4476.1,9.5192,26.926,42.127,2707.8,74.451,120.35,0.33917,80.159,50.133,2636.4,25.06,49.372,3105.2,23.52,66.458,247.39,342.61,94.515,77.333,32.219,8.9346,26.237,6.9256,19.346,1.6254,33.098,13.831,23.135,1.2593,19.325,2.3117,5.0026,2.2546,0.027602,0.83914,0.091974,53.283,43.983,63.006,53.358,30.115,63.602,22.419,40.067,38.49,45.08,52.075,45.774,16.718
392,0.30807,3640.4,4433.6,9.4136,27.13,42.386,2709.5,73.792,120.31,0.33419,79.977,50.813,2639.5,24.911,51.971,3106.2,23.335,66.366,249.96,343.45,94.428,77.525,32.219,8.9346,26.237,6.9256,19.346,1.6254,33.098,13.831,23.135,1.2593,19.325,2.3117,5.0026,2.2546,0.027602,0.83914,0.091974,53.283,43.983,62.846,53.867,30.223,61.664,22.792,40.674,40.492,51.095,52.13,44.88,17.153
393,0.27127,3645.2,4428.6,9.507,26.766,42.433,2714.8,73.473,120.33,0.34162,80.213,49.732,2644.4,24.189,51.754,3109.3,22.296,66.333,247.47,344.12,94.45,77.542,32.522,8.902,26.131,6.7199,18.658,1.6683,33.009,13.546,23.477,1.3114,18.77,2.3029,4.9246,2.2925,0.027602,0.83914,0.091974,53.283,43.983,62.706,52.543,27.017,61.165,23.184,39.547,37.312,50.594,52.635,44.852,19.596
394,0.27318,3659.5,4416.0,9.4565,26.774,42.452,2714.8,73.588,120.34,0.33543,79.893,51.349,2644.0,26.908,49.736,3107.9,22.5,66.34,253.41,345.19,94.408,76.946,32.522,8.902,26.131,6.7199,18.658,1.6683,33.009,13.546,23.477,1.3114,18.77,2.3029,4.9246,2.2925,0.027602,0.83914,0.091974,53.283,43.983,62.461,52.694,26.83,63.586,23.167,40.301,42.07,45.923,52.386,45.327,19.156
395,0.24126,3733.4,4532.0,9.5411,26.975,42.336,2716.3,73.924,120.3,0.30652,79.763,50.119,2647.0,23.524,49.094,3109.3,22.693,66.293,253.35,345.66,94.326,76.993,32.874,8.8724,26.149,6.6888,18.997,1.6768,33.046,13.871,24.116,1.0733,18.152,2.2748,4.8419,2.307,0.027602,0.83914,0.091974,53.283,43.983,63.05,52.956,23.833,61.647,23.471,35.978,38.451,44.436,52.676,44.36,18.704
396,0.24144,3693.1,4463.3,9.6844,26.767,42.645,2717.3,73.651,120.34,0.3085,79.62,48.936,2647.0,26.376,50.815,3111.8,23.499,66.224,254.31,346.29,94.338,77.112,32.874,8.8724,26.149,6.6888,18.997,1.6768,33.046,13.871,24.116,1.0733,18.152,2.2748,4.8419,2.307,0.020029,0.80828,0.10107,54.138,44.341,63.743,53.779,23.815,61.507,23.105,35.737,34.968,48.421,52.47,44.02,16.801
397,0.20184,3730.3,4453.1,9.4117,26.877,42.619,2719.2,74.619,120.34,0.34087,79.744,50.415,2649.0,26.016,49.206,3111.0,22.857,66.182,253.97,345.9,94.169,77.249,32.125,8.7248,26.044,6.8337,18.604,1.6936,33.561,13.796,23.702,1.409,17.976,2.2349,4.8286,2.2598,0.020029,0.80828,0.10107,54.138,44.341,63.544,53.059,19.97,62.584,23.8,40.327,39.322,44.696,52.612,43.898,18.308
398,0.20176,3698.8,4470.6,9.5174,26.89,42.792,2718.9,74.302,120.35,0.34428,79.757,49.741,2649.3,24.37,48.916,3110.4,23.363,66.228,253.71,346.51,94.259,77.432,32.125,8.7248,26.044,6.8337,18.604,1.6936,33.561,13.796,23.702,1.409,17.976,2.2349,4.8286,2.2598,0.020029,0.80828,0.10107,54.138,44.341,64.085,52.849,19.978,62.268,23.798,39.91,37.338,44.025,52.742,43.185,17.092
399,0.27424,3693.4,4457.2,9.5484,26.648,42.718,2719.6,75.169,120.26,0.33287,79.696,49.979,2650.0,25.68,49.637,3112.6,22.376,66.224,252.28,346.64,94.129,77.232,32.68,8.7998,26.328,6.9413,18.059,1.6721,33.163,13.721,24.066,1.2502,18.064,2.2588,4.7623,2.2782,0.020029,0.80828,0.10107,54.138,44.341,63.021,53.971,26.459,61.781,23.291,39.298,38.037,45.693,52.976,40.652,19.448
400,0.26992,3682.4,4462.9,9.4718,26.842,42.083,2721.2,73.589,120.21,0.33419,79.427,50.414,2650.8,26.35,49.551,3112.8,22.421,66.189,253.56,347.04,94.38,77.277,32.68,8.7998,26.328,6.9413,18.059,1.6721,33.163,13.721,24.066,1.2502,18.064,2.2588,4.7623,2.2782,0.020029,0.80828,0.10107,54.138,44.341,63.21,53.902,26.883,61.006,23.714,39.137,39.319,45.494,52.973,37.467,19.351
401,0.21609,3636.9,4525.0,9.4235,26.867,42.475,2723.9,75.249,120.25,0.32715,79.419,50.774,2654.1,24.843,50.706,3114.3,21.84,66.139,252.48,347.35,94.249,77.293,32.436,8.9515,26.145,7.095,18.112,1.6649,33.948,13.929,24.138,1.2495,18.29,2.2816,4.7329,2.275,0.027325,0.80121,0.10774,54.216,43.269,63.044,54.57,21.179,63.009,23.985,37.916,40.378,48.168,52.37,36.689,20.736
402,0.21813,3641.6,4571.4,9.553,26.833,42.373,2725.3,74.586,120.33,0.32271,79.442,50.544,2654.8,25.056,50.961,3116.7,22.996,66.076,251.75,347.32,94.476,77.201,32.436,8.9515,26.145,7.095,18.112,1.6649,33.948,13.929,24.138,1.2495,18.29,2.2816,4.7329,2.275,0.027325,0.80121,0.10774,54.216,43.269,62.964,54.015,20.979,60.175,23.807,38.459,39.701,48.759,52.197,37.412,17.999
403,0.23603,3588.9,4504.9,9.332,26.825,42.259,2727.5,74.891,120.32,0.35193,79.471,48.909,2657.9,26.54,49.297,3116.8,23.468,66.074,250.57,347.59,94.516,77.26,32.743,8.9241,26.518,6.8135,18.6,1.6109,33.792,13.806,24.421,1.1206,18.003,2.2329,4.8817,2.261,0.027325,0.80121,0.10774,54.216,43.269,62.394,54.797,23.096,63.397,24.343,40.464,34.889,44.908,52.064,36.022,16.872
404,0.23567,3623.3,4555.9,9.4679,26.595,42.679,2729.6,74.948,120.37,0.34973,79.481,48.433,2659.8,24.122,49.483,3119.0,23.02,66.059,248.44,347.88,94.412,77.129,32.743,8.9241,26.518,6.8135,18.6,1.6109,33.792,13.806,24.421,1.1206,18.003,2.2329,4.8817,2.261,0.027325,0.80121,0.10774,54.216,43.269,61.802,54.188,23.132,61.115,24.206,40.732,33.49,45.338,52.015,37.624,17.951
405,0.20265,3700.2,4456.8,9.496,27.171,42.261,2730.5,73.583,120.37,0.33481,79.415,51.343,2661.1,24.638,50.901,3119.0,23.182,66.01,248.13,348.26,94.71,77.371,32.674,8.7467,26.931,6.7248,18.206,1.6487,34.008,13.587,24.191,1.3556,17.931,2.268,4.7197,2.3135,0.027325,0.80121,0.10774,54.216,43.269,62.88,54.248,19.716,64.071,24.559,39.313,42.052,48.62,51.806,36.939,17.551
406,0.20075,3679.6,4512.3,9.539,26.561,42.402,2729.4,75.045,120.39,0.33728,79.434,50.797,2660.1,25.995,50.059,3120.5,23.351,65.991,247.09,347.67,94.144,77.233,32.674,8.7467,26.931,6.7248,18.206,1.6487,34.008,13.587,24.191,1.3556,17.931,2.268,4.7197,2.3135,0.033237,0.80378,0.09361,53.153,43.617,63.234,53.583,19.903,59.747,24.053,39.012,40.446,46.671,51.426,37.423,17.161
407,0.20187,3720.2,4538.8,9.5579,26.885,42.04,2732.9,74.596,120.44,0.31022,79.558,49.925,2662.4,25.053,52.299,3122.8,22.846,65.971,247.62,348.23,94.513,77.238,32.571,8.9815,26.369,6.8189,18.506,1.6541,33.827,13.782,24.37,1.1264,17.74,2.2561,4.768,2.2981,0.033237,0.80378,0.09361,53.153,43.617,63.42,54.294,20.049,64.717,24.219,36.262,37.879,51.854,51.042,39.297,18.351
408,0.20486,3692.3,4499.5,9.5177,27.071,42.348,2731.0,75.171,120.42,0.31328,79.422,49.262,2661.5,24.025,49.459,3121.7,22.613,65.951,245.81,347.82,94.053,77.151,32.571,8.9815,26.369,6.8189,18.506,1.6541,33.827,13.782,24.37,1.1264,17.74,2.2561,4.768,2.2981,0.033237,0.80378,0.09361,53.153,43.617,63.901,54.764,19.755,61.653,24.369,35.89,35.927,45.282,50.864,37.284,18.918
409,0.20798,3653.6,4526.7,9.616,26.971,42.191,2728.8,75.342,120.49,0.33345,79.31,48.935,2659.4,25.242,49.548,3119.5,22.332,65.915,244.73,347.8,94.558,77.206,33.217,8.8389,26.329,6.8127,18.425,1.669,34.072,13.75,24.641,1.1747,17.755,2.2344,4.71,2.2488,0.033237,0.80378,0.09361,53.153,43.617,63.845,53.773,20.519,60.876,24.228,38.45,34.965,45.488,50.628,38.898,19.593
410,0.2081,3694.2,4496.3,9.4742,26.852,42.711,2731.5,75.107,120.39,0.33477,79.641,48.919,2662.3,23.229,48.526,3121.0,23.286,65.887,243.34,347.63,94.295,77.665,33.217,8.8389,26.329,6.8127,18.425,1.669,34.072,13.75,24.641,1.1747,17.755,2.2344,4.71,2.2488,0.033237,0.80378,0.09361,53.153,43.617,63.146,54.137,20.507,61.941,24.413,38.289,34.919,43.122,50.417,36.99,17.279
411,0.13678,3702.1,4494.0,9.2608,27.14,42.294,2730.6,75.64,120.47,0.32451,79.683,51.702,2661.2,23.501,50.876,3120.1,21.619,65.929,243.05,347.68,94.357,77.352,32.469,8.6545,26.72,6.907,17.817,1.6793,34.055,13.85,24.445,1.0321,18.082,2.2336,4.7472,2.2995,0.03703,0.7938,0.09349,53.432,43.773,63.127,54.417,13.795,64.466,24.376,38.587,43.108,48.562,50.111,39.667,21.24
412,0.13694,3702.3,4537.2,9.3647,26.964,42.167,2729.3,75.507,120.4,0.32708,79.688,50.278,2659.3,26.481,49.202,3117.8,23.026,65.929,242.49,347.27,94.559,77.429,32.469,8.6545,26.72,6.907,17.817,1.6793,34.055,13.85,24.445,1.0321,18.082,2.2336,4.7472,2.2995,0.03703,0.7938,0.09349,53.432,43.773,63.124,53.899,13.779,61.86,24.192,38.274,38.917,44.687,49.825,38.467,17.887
413,0.20499,3665.6,4607.5,9.2849,27.061,42.468,2725.1,73.965,120.43,0.33516,79.402,50.141,2654.7,22.491,48.227,3118.0,23.729,65.925,241.31,346.84,94.434,76.629,32.518,8.9525,26.809,6.9988,18.12,1.6192,33.486,13.739,24.673,1.1714,17.492,2.2582,4.739,2.1641,0.03703,0.7938,0.09349,53.432,43.773,62.949,54.66,19.968,61.693,23.622,39.951,38.515,42.43,49.596,39.016,16.29
414,0.20635,3660.8,4561.0,9.4718,26.956,42.214,2725.3,75.922,120.42,0.33708,79.324,48.305,2655.6,23.611,51.892,3116.2,22.466,65.81,239.75,346.63,94.572,76.973,32.518,8.9525,26.809,6.9988,18.12,1.6192,33.486,13.739,24.673,1.1714,17.492,2.2582,4.739,2.1641,0.03703,0.7938,0.09349,53.432,43.773,63.031,55.217,19.834,60.167,23.902,39.716,33.113,50.913,49.411,38.845,19.293
415,0.19777,3665.9,4534.3,9.3608,26.943,42.518,2726.9,74.688,120.44,0.32837,79.31,49.591,2655.7,26.141,50.673,3117.6,22.971,65.721,240.16,346.29,94.697,77.234,32.961,8.794,27.271,6.719,18.157,1.6476,33.352,13.922,24.667,1.3531,17.562,2.2098,4.7923,2.2657,0.03703,0.7938,0.09349,53.432,43.773,62.072,54.93,19.131,60.804,23.731,37.765,36.896,48.092,49.051,39.486,18.088
416,0.19542,3623.7,4557.0,9.3896,26.808,42.429,2730.4,75.005,120.41,0.32558,79.682,49.24,2661.1,24.111,50.632,3120.0,23.511,65.726,237.45,346.21,94.584,77.786,32.961,8.794,27.271,6.719,18.157,1.6476,33.352,13.922,24.667,1.3531,17.562,2.2098,4.7923,2.2657,0.030577,0.7789,0.086338,53.632,43.731,62.797,54.658,19.363,64.444,24.207,38.106,35.865,47.996,48.648,39.605,16.751
417,0.14434,3698.0,4557.2,9.4837,26.626,42.202,2732.2,75.413,120.44,0.34503,79.985,48.807,2662.8,25.556,48.691,3123.8,22.54,65.791,236.22,345.79,94.509,77.595,32.781,8.8929,26.765,6.8447,17.983,1.6343,33.461,13.941,24.82,1.0871,17.696,2.2635,4.6826,2.2065,0.030577,0.7789,0.086338,53.632,43.731,63.995,54.672,14.814,59.232,23.789,40.637,34.59,43.504,48.287,39.664,19.026
418,0.14649,3705.9,4593.4,9.5267,26.802,42.606,2727.3,75.832,120.4,0.34356,79.695,51.79,2657.0,24.81,48.397,3121.4,22.302,65.802,231.57,344.81,94.51,76.988,32.781,8.8929,26.765,6.8447,17.983,1.6343,33.461,13.941,24.82,1.0871,17.696,2.2635,4.6826,2.2065,0.030577,0.7789,0.086338,53.632,43.731,63.858,54.239,14.603,60.645,23.273,40.817,43.369,42.824,48.231,38.367,19.638
419,0.15938,3666.6,4603.1,9.301,27.158,42.495,2725.1,75.113,120.41,0.34733,79.486,49.065,2654.3,23.886,48.74,3117.9,23.316,65.694,234.7,344.98,94.442,77.027,32.077,8.7842,27.11,6.6767,18.238,1.6419,33.354,13.567,24.382,1.1498,17.844,2.2422,4.8057,2.1583,0.030577,0.7789,0.086338,53.632,43.731,63.528,54.666,15.376,61.428,23.721,41.025,35.348,43.617,47.491,39.072,17.246
420,0.15776,3669.5,4570.5,9.2091,27.082,42.391,2724.3,74.597,120.41,0.34636,79.53,49.676,2653.9,26.295,49.91,3117.0,22.456,65.623,233.7,344.56,94.626,77.027,32.077,8.7842,27.11,6.6767,18.238,1.6419,33.354,13.567,24.382,1.1498,17.844,2.2422,4.8057,2.1583,0.030577,0.7789,0.086338,53.632,43.731,63.477,55.057,15.536,61.809,23.661,41.144,37.148,46.327,47.121,39.181,19.294
421,0.22326,3724.6,4574.8,9.3285,27.228,42.802,2723.9,74.79,120.45,0.30844,79.57,50.689,2654.0,26.861,49.81,3119.4,23.057,65.56,227.97,344.37,94.529,77.237,32.182,9.0693,27.285,7.0321,17.963,1.6409,33.029,13.835,24.945,1.169,17.496,2.2845,4.6358,2.2274,0.011895,0.79619,0.09292,53.439,43.734,64.116,54.494,21.985,61.817,23.252,35.648,40.128,46.094,46.705,40.568,17.853
422,0.22263,3730.8,4594.5,9.1673,26.892,42.411,2725.2,75.544,120.5,0.30669,79.686,50.492,2654.4,23.616,50.384,3118.8,22.514,65.509,228.07,343.38,94.448,76.833,32.182,9.0693,27.285,7.0321,17.963,1.6409,33.029,13.835,24.945,1.169,17.496,2.2845,4.6358,2.2274,0.011895,0.79619,0.09292,53.439,43.734,64.01,54.258,22.047,62.428,23.405,35.862,39.549,47.424,46.036,42.586,19.178
423,0.21497,3613.1,4554.6,9.243,27.308,42.186,2721.0,75.75,120.46,0.33613,79.519,52.584,2649.4,25.744,49.909,3115.5,23.129,65.438,224.48,343.22,94.672,76.953,31.741,8.8077,26.949,6.8111,18.487,1.6582,33.021,13.747,24.619,1.3871,17.684,2.236,4.715,2.1508,0.011895,0.79619,0.09292,53.439,43.734,62.944,55.524,20.918,61.247,23.04,39.274,45.704,46.324,45.698,42.593,17.726
424,0.21362,3653.4,4603.1,9.3598,26.95,42.199,2722.0,75.411,120.46,0.3349,79.659,50.044,2651.3,23.822,49.527,3116.1,23.823,65.339,223.9,343.17,94.758,77.448,31.741,8.8077,26.949,6.8111,18.487,1.6582,33.021,13.747,24.619,1.3871,17.684,2.236,4.715,2.1508,0.011895,0.79619,0.09292,53.439,43.734,62.25,54.942,21.051,60.793,23.319,39.424,38.23,45.438,45.098,42.491,16.047
425,0.25889,3672.0,4561.1,9.339,26.629,42.542,2724.2,75.232,120.44,0.32426,79.882,48.96,2653.1,25.304,49.767,3119.5,21.865,65.333,221.28,342.58,94.557,77.373,32.228,8.901,26.806,7.153,18.348,1.6151,33.049,13.83,24.87,1.2006,18.21,2.23,4.791,2.2984,0.011895,0.79619,0.09292,53.439,43.734,63.832,54.252,25.464,58.645,22.751,38.313,35.041,45.995,44.678,42.498,20.686
426,0.26041,3723.0,4567.4,9.3404,26.78,42.552,2723.3,75.658,120.42,0.32456,79.815,47.636,2652.4,26.58,51.139,3120.6,22.367,65.338,217.95,342.61,94.615,77.251,32.228,8.901,26.806,7.153,18.348,1.6151,33.049,13.83,24.87,1.2006,18.21,2.23,4.791,2.2984,0.018423,0.81819,0.087716,54.381,43.185,62.955,54.176,25.315,61.051,22.692,38.277,31.143,49.171,44.675,42.861,19.5
427,0.21492,3615.7,4533.6,9.4332,26.9,42.281,2722.6,75.11,120.4,0.33747,79.819,50.999,2651.0,25.298,50.327,3118.1,22.986,65.281,217.1,342.33,94.634,77.021,31.844,8.8775,27.479,6.9603,18.697,1.629,32.429,13.987,25.054,1.2682,17.868,2.2624,4.778,2.1892,0.018423,0.81819,0.087716,54.381,43.185,61.707,54.984,20.935,59.822,22.831,38.886,41.041,47.291,44.256,42.722,18.047
428,0.2157,3592.0,4538.6,9.2841,26.904,42.412,2720.6,76.124,120.37,0.33154,79.543,49.89,2649.4,25.295,49.936,3114.9,22.906,65.175,217.85,342.46,94.921,76.811,31.844,8.8775,27.479,6.9603,18.697,1.629,32.429,13.987,25.054,1.2682,17.868,2.2624,4.778,2.1892,0.018423,0.81819,0.087716,54.381,43.185,62.115,54.923,20.859,60.294,22.912,39.61,37.777,46.387,43.7,42.342,18.276
429,0.25096,3627.6,4535.8,9.2299,26.961,42.334,2720.4,74.92,120.41,0.34934,79.536,49.034,2649.8,26.929,49.674,3115.9,23.621,65.055,215.33,342.5,94.792,77.314,32.138,9.0062,26.135,6.7646,18.599,1.6554,32.507,13.741,24.774,1.3157,17.981,2.2292,4.8081,2.2348,0.018423,0.81819,0.087716,54.381,43.185,63.028,54.144,25.002,62.166,22.739,41.745,35.256,45.78,43.441,43.186,16.56
430,0.25379,3650.7,4546.5,9.3282,26.919,42.094,2724.0,75.34,120.37,0.34992,79.809,49.251,2653.3,23.646,49.331,3117.7,23.67,65.008,213.57,342.1,94.804,77.376,32.138,9.0062,26.135,6.7646,18.599,1.6554,32.507,13.741,24.774,1.3157,17.981,2.2292,4.8081,2.2348,0.018423,0.81819,0.087716,54.381,43.185,62.631,54.016,24.724,60.377,23.186,41.675,35.897,44.987,43.113,41.969,16.422
431,0.22747,3664.8,4517.1,9.3707,26.739,42.686,2723.4,75.846,120.44,0.32126,79.853,49.813,2653.3,23.952,49.579,3120.5,23.097,65.023,213.0,342.27,94.537,77.158,31.787,9.0879,27.093,6.7259,18.386,1.6379,32.621,13.75,24.672,1.2277,18.055,2.2606,4.7521,2.2861,0.011611,0.81666,0.092751,54.112,43.712,64.122,54.628,22.124,62.574,22.739,38.668,37.549,45.559,43.19,43.947,17.789
432,0.22529,3677.0,4567.5,9.3897,26.82,42.259,2720.9,75.516,120.39,0.32468,79.775,50.958,2649.6,24.948,51.087,3118.9,24.253,64.989,213.77,341.67,94.565,77.239,31.787,9.0879,27.093,6.7259,18.386,1.6379,32.621,13.75,24.672,1.2277,18.055,2.2606,4.7521,2.2861,0.011611,0.81666,0.092751,54.112,43.712,63.913,54.026,22.338,58.524,22.299,38.251,40.918,49.05,42.859,42.696,15.039
433,0.26361,3674.5,4556.6,9.2244,26.926,42.748,2720.5,75.347,120.38,0.32515,79.789,51.138,2649.2,25.413,50.25,3117.9,22.086,64.977,215.41,341.11,94.478,76.929,31.871,8.7388,27.109,6.8632,18.592,1.6537,32.67,13.672,24.81,1.2155,18.318,2.2506,4.7381,2.3278,0.011611,0.81666,0.092751,54.112,43.712,64.424,54.725,25.701,58.909,22.438,38.308,41.449,47.113,42.453,42.891,20.215
434,0.26213,3716.5,4558.5,9.3616,26.547,42.486,2717.7,75.568,120.34,0.32044,79.526,51.081,2645.6,24.416,49.641,3115.3,22.631,64.905,212.82,341.31,94.466,76.776,31.871,8.7388,27.109,6.8632,18.592,1.6537,32.67,13.672,24.81,1.2155,18.318,2.2506,4.7381,2.3278,0.011611,0.81666,0.092751,54.112,43.712,63.702,54.702,25.847,59.594,22.282,38.883,41.282,45.703,42.427,41.223,18.951
435,0.25813,3687.9,4529.2,9.212,26.797,42.593,2718.2,75.366,120.33,0.31235,79.776,49.129,2647.6,25.269,49.869,3115.7,21.35,64.833,211.85,340.88,94.52,77.723,32.14,8.7083,26.978,6.8631,18.489,1.6605,32.81,13.872,24.544,1.4735,18.25,2.2426,4.7274,2.216,0.011611,0.81666,0.092751,54.112,43.712,63.071,54.595,25.388,62.015,22.429,37.616,35.536,46.231,42.259,40.031,21.927
436,0.25942,3720.4,4567.8,9.3318,27.063,42.722,2717.2,76.345,120.29,0.31344,79.716,50.012,2644.7,26.715,49.834,3115.4,23.949,64.815,209.61,340.67,94.56,76.889,32.14,8.7083,26.978,6.8631,18.489,1.6605,32.81,13.872,24.544,1.4735,18.25,2.2426,4.7274,2.216,0.028572,0.84033,0.10416,52.762,43.974,62.513,54.134,25.261,60.444,22.244,37.482,38.135,46.149,42.131,38.422,15.815
437,0.23577,3700.4,4564.5,9.3623,26.813,42.47,2714.4,75.778,120.3,0.33632,79.541,50.819,2642.5,25.336,51.229,3111.3,22.98,64.773,209.04,340.56,94.55,76.337,31.876,8.8203,26.613,6.8152,18.353,1.6357,32.622,13.743,24.492,1.1735,18.327,2.2236,4.7138,2.1718,0.028572,0.84033,0.10416,52.762,43.974,62.875,54.467,22.836,60.008,22.182,39.972,40.51,49.379,41.899,37.723,18.173
438,0.23627,3691.1,4572.2,9.179,26.791,41.869,2710.3,75.611,120.32,0.33462,79.362,49.333,2638.6,26.743,50.602,3107.9,23.27,64.68,210.8,340.28,94.784,76.799,31.876,8.8203,26.613,6.8152,18.353,1.6357,32.622,13.743,24.492,1.1735,18.327,2.2236,4.7138,2.1718,0.028572,0.84033,0.10416,52.762,43.974,63.036,54.374,22.786,60.227,22.291,40.18,36.138,47.928,41.464,38.289,17.49
439,0.26291,3685.2,4579.6,9.2354,26.483,42.366,2712.5,75.194,120.35,0.32528,79.698,50.46,2641.1,26.731,50.785,3109.3,22.527,64.624,207.84,340.08,94.615,77.075,31.865,8.8701,26.483,6.7613,18.763,1.6636,32.502,13.747,24.636,1.4345,18.667,2.2903,4.8211,2.1745,0.028572,0.84033,0.10416,52.762,43.974,63.598,54.679,25.565,61.507,22.035,37.837,39.453,48.35,41.452,38.796,19.234
440,0.26366,3699.5,4570.7,9.1836,26.578,41.897,2709.6,76.026,120.51,0.32124,79.796,49.452,2637.4,25.879,49.966,3109.2,23.137,64.643,206.22,339.27,94.789,76.804,31.865,8.8701,26.483,6.7613,18.763,1.6636,32.502,13.747,24.636,1.4345,18.667,2.2903,4.8211,2.1745,0.028572,0.84033,0.10416,52.762,43.974,63.352,54.786,25.492,61.177,21.575,38.33,36.487,46.455,41.315,43.08,17.813
441,0.26784,3681.6,4583.4,9.1845,26.603,42.388,2705.9,74.866,120.57,0.3206,79.849,50.984,2633.5,24.873,50.402,3106.6,23.168,64.675,206.31,338.48,94.643,77.02,31.967,8.6502,26.619,6.9828,18.603,1.6364,32.396,13.788,24.4,1.3199,18.832,2.294,4.674,2.1886,0.018711,0.84664,0.11639,54.269,43.376,64.22,53.664,25.934,60.451,21.317,38.408,40.994,47.465,41.618,45.103,17.738
442,0.26648,3705.8,4559.2,9.2925,27.234,42.546,2704.8,75.741,120.5,0.32119,80.13,50.171,2632.6,24.428,49.604,3104.6,22.897,64.74,207.67,338.09,94.612,77.173,31.967,8.6502,26.619,6.9828,18.603,1.6364,32.396,13.788,24.4,1.3199,18.832,2.294,4.674,2.1886,0.018711,0.84664,0.11639,54.269,43.376,63.804,53.954,26.068,59.354,21.901,38.335,38.602,45.617,41.471,45.724,18.367
443,0.25934,3650.4,4553.3,9.2385,26.881,42.47,2701.1,76.737,120.47,0.32441,80.104,50.142,2628.6,26.059,49.828,3103.2,22.973,64.806,208.24,337.64,94.83,77.086,32.004,8.8574,26.527,6.8663,19.101,1.6831,32.117,14.001,24.853,1.1924,18.93,2.2316,4.6286,2.2936,0.018711,0.84664,0.11639,54.269,43.376,62.824,54.434,25.381,59.158,21.062,38.959,38.518,46.137,41.39,45.361,18.197
444,0.25951,3661.4,4565.9,9.1219,26.651,42.078,2702.1,76.088,120.44,0.32492,80.259,51.09,2630.2,25.901,50.684,3101.0,23.9,64.862,208.04,337.46,94.736,77.244,32.004,8.8574,26.527,6.8663,19.101,1.6831,32.117,14.001,24.853,1.1924,18.93,2.2316,4.6286,2.2936,0.018711,0.84664,0.11639,54.269,43.376,62.634,54.284,25.364,61.376,21.6,38.896,41.308,48.117,41.376,45.747,15.982
445,0.25761,3681.9,4461.6,9.1598,26.877,42.177,2699.8,75.674,120.42,0.34774,80.272,50.628,2626.8,23.474,51.225,3100.9,21.479,64.921,205.62,337.65,94.781,77.13,31.775,8.9042,26.529,6.8791,18.938,1.6522,32.313,13.806,24.436,1.281,18.718,2.236,4.7888,2.2416,0.018711,0.84664,0.11639,54.269,43.376,63.264,54.296,25.263,61.548,21.298,41.903,39.947,49.368,41.558,45.159,21.734
446,0.25768,3693.2,4493.7,9.2993,26.918,42.321,2698.7,75.757,120.38,0.34994,80.291,50.718,2625.2,24.753,51.054,3099.4,22.311,64.933,204.96,336.96,94.765,77.221,31.775,8.9042,26.529,6.8791,18.938,1.6522,32.313,13.806,24.436,1.281,18.718,2.236,4.7888,2.2416,0.041469,0.87547,0.093842,53.812,42.912,63.069,53.912,25.257,59.786,21.138,41.634,40.213,48.974,41.759,43.972,19.75
447,0.28367,3679.9,4531.4,9.3016,26.524,42.028,2698.1,74.858,120.34,0.32755,80.261,50.463,2625.4,24.956,50.876,3098.9,22.624,64.938,207.41,336.81,94.631,77.004,32.228,8.9667,26.369,6.9802,19.124,1.6877,32.381,13.821,24.136,1.2892,19.029,2.3017,4.8364,2.2374,0.041469,0.87547,0.093842,53.812,42.912,63.195,53.82,27.661,60.126,20.914,39.269,39.464,48.56,41.583,42.836,19.02
448,0.28367,3678.4,4488.6,9.1913,26.946,42.124,2696.7,75.136,120.28,0.32677,80.298,51.435,2625.1,25.293,49.128,3098.8,22.444,64.957,208.9,336.45,94.732,77.104,32.228,8.9667,26.369,6.9802,19.124,1.6877,32.381,13.821,24.136,1.2892,19.029,2.3017,4.8364,2.2374,0.041469,0.87547,0.093842,53.812,42.912,63.22,54.331,27.662,62.247,21.246,39.364,42.323,44.516,41.493,40.858,19.436
449,0.24183,3665.0,4490.9,9.1728,26.984,42.46,2694.0,75.274,120.26,0.32863,80.109,49.6,2622.4,25.53,50.854,3096.9,23.599,64.945,207.4,336.04,94.659,76.969,31.585,8.893,26.465,6.9773,19.174,1.6873,32.151,13.831,24.203,1.4511,18.725,2.2169,4.8095,2.2307,0.041469,0.87547,0.093842,53.812,42.912,62.519,53.805,23.538,60.689,20.965,39.528,36.921,48.511,41.67,38.416,16.713
450,0.24012,3663.5,4486.5,9.1842,26.857,41.866,2696.5,75.288,120.3,0.3287,80.304,50.673,2624.0,25.077,50.765,3095.5,22.669,64.922,204.18,336.19,94.776,76.793,31.585,8.893,26.465,6.9773,19.174,1.6873,32.151,13.831,24.203,1.4511,18.725,2.2169,4.8095,2.2307,0.041469,0.87547,0.093842,53.812,42.912,62.545,53.858,23.707,58.129,21.139,39.52,40.08,48.304,41.999,38.335,18.92
451,0.30294,3646.8,4479.5,9.1768,26.744,42.558,2691.4,74.86,120.24,0.32958,79.94,51.478,2619.1,25.501,48.903,3095.3,22.932,64.939,208.98,335.91,94.94,76.449,31.756,8.9878,26.642,6.9113,19.049,1.6667,32.01,14.005,23.993,1.3566,18.931,2.2433,4.8677,2.3272,0.017606,0.89428,0.10963,54.167,43.369,62.767,53.756,30.341,60.35,20.519,39.684,42.448,43.996,42.4,35.465,18.347
452,0.3067,3673.5,4489.9,9.1791,26.834,41.854,2692.4,74.91,120.33,0.32875,79.814,49.105,2619.7,24.518,50.506,3093.6,23.381,64.866,210.04,336.21,94.727,76.592,31.756,8.9878,26.642,6.9113,19.049,1.6667,32.01,14.005,23.993,1.3566,18.931,2.2433,4.8677,2.3272,0.017606,0.89428,0.10963,54.167,43.369,62.307,53.631,29.971,60.473,20.87,39.786,35.466,47.705,42.697,37.717,17.307
453,0.29395,3658.9,4521.9,9.1104,26.701,42.154,2691.8,75.39,120.41,0.35012,79.961,49.175,2619.2,26.335,50.181,3094.2,23.509,64.834,211.87,335.79,95.258,76.943,31.322,8.9605,26.704,6.7224,19.187,1.6475,32.036,13.916,23.595,1.3059,19.257,2.2612,4.8889,2.2573,0.017606,0.89428,0.10963,54.167,43.369,63.08,53.499,29.036,62.555,20.921,41.971,35.673,46.952,42.923,39.449,16.993
454,0.29312,3619.2,4491.7,9.3284,27.215,42.354,2692.7,75.698,120.72,0.34667,80.304,51.154,2619.7,26.43,50.107,3093.8,21.822,64.929,214.51,336.14,94.788,77.445,31.322,8.9605,26.704,6.7224,19.187,1.6475,32.036,13.916,23.595,1.3059,19.257,2.2612,4.8889,2.2573,0.017606,0.89428,0.10963,54.167,43.369,63.763,53.861,29.118,60.742,21.108,42.392,41.497,46.782,43.071,49.257,20.963
455,0.34404,3697.5,4431.7,9.2604,26.683,42.241,2692.0,75.105,120.62,0.34188,80.708,47.616,2619.2,24.198,49.906,3096.9,23.373,65.086,212.0,334.78,94.629,77.726,31.699,9.0791,25.792,6.8938,19.068,1.647,31.894,14.028,23.85,1.202,19.679,2.2677,4.7635,2.3466,0.017606,0.89428,0.10963,54.167,43.369,64.133,54.181,33.693,59.255,20.293,40.803,31.084,46.317,43.668,48.379,17.237
456,0.34374,3718.0,4469.8,9.1754,26.67,42.154,2690.9,75.005,120.51,0.34197,80.719,51.061,2617.9,26.058,51.11,3095.7,22.489,65.27,214.76,335.11,94.61,77.4,31.699,9.0791,25.792,6.8938,19.068,1.647,31.894,14.028,23.85,1.202,19.679,2.2677,4.7635,2.3466,0.0031614,0.87765,0.10557,53.963,43.329,63.78,53.726,33.724,59.391,20.232,40.793,41.222,49.103,44.358,46.248,19.346
457,0.31309,3675.0,4457.9,9.3004,26.734,41.841,2690.7,75.92,120.37,0.3504,80.704,49.959,2617.7,24.662,52.502,3093.9,23.565,65.409,218.16,335.72,94.54,77.378,31.97,9.0068,26.545,7.1047,19.246,1.6844,32.258,13.924,24.098,1.2674,19.235,2.2624,4.8342,2.2883,0.0031614,0.87765,0.10557,53.963,43.329,63.086,54.101,30.955,59.957,20.492,42.977,37.979,52.324,44.664,42.977,16.777
458,0.31376,3684.0,4489.9,9.2387,27.202,42.446,2688.5,75.025,120.32,0.35398,80.543,48.742,2615.1,24.88,50.708,3093.2,22.773,65.483,218.78,335.54,94.612,77.174,31.97,9.0068,26.545,7.1047,19.246,1.6844,32.258,13.924,24.098,1.2674,19.235,2.2624,4.8342,2.2883,0.0031614,0.87765,0.10557,53.963,43.329,62.931,53.718,30.888,60.974,20.416,42.54,34.399,48.171,45.216,40.602,18.67
459,0.2923,3646.6,4502.7,9.2811,26.777,42.149,2688.7,75.272,120.26,0.34092,80.441,48.691,2616.5,26.573,50.575,3091.0,22.925,65.513,221.33,335.77,94.725,77.151,32.072,8.9845,26.002,6.9352,18.709,1.7329,31.969,14.003,23.581,1.2538,19.133,2.2851,4.9183,2.3567,0.0031614,0.87765,0.10557,53.963,43.329,61.614,53.064,28.566,62.074,20.661,41.575,34.249,47.864,45.598,38.585,18.315
460,0.28944,3607.4,4439.4,9.3161,26.925,42.525,2688.2,75.066,120.34,0.34193,80.352,50.408,2616.2,27.433,51.424,3090.7,22.99,65.547,223.41,336.4,94.871,77.05,32.072,8.9845,26.002,6.9352,18.709,1.7329,31.969,14.003,23.581,1.2538,19.133,2.2851,4.9183,2.3567,0.0031614,0.87765,0.10557,53.963,43.329,62.289,53.821,28.848,60.479,20.844,41.452,39.302,49.829,46.02,39.32,18.163
461,0.28377,3646.9,4490.4,9.3333,27.169,42.301,2690.5,74.197,120.36,0.35038,80.575,48.156,2618.4,25.082,49.32,3094.0,22.999,65.577,224.67,335.74,94.849,77.425,32.296,9.0986,26.063,7.0742,19.158,1.6444,32.475,13.949,23.996,1.3618,19.065,2.2878,4.9363,2.3847,0.0049595,0.91623,0.10892,53.32,42.899,62.966,54.496,27.81,58.535,20.847,42.757,32.674,44.961,46.178,40.045,18.102
462,0.28297,3644.0,4533.7,9.3726,26.981,42.17,2689.1,75.493,120.46,0.34939,80.477,51.954,2616.3,24.06,49.87,3094.4,22.766,65.667,225.14,335.72,94.812,77.242,32.296,9.0986,26.063,7.0742,19.158,1.6444,32.475,13.949,23.996,1.3618,19.065,2.2878,4.9363,2.3847,0.0049595,0.91623,0.10892,53.32,42.899,63.016,53.977,27.889,60.645,20.502,42.878,43.849,46.233,46.591,41.88,18.662
463,0.26186,3599.0,4481.7,9.3161,26.928,41.92,2690.0,75.027,120.47,0.34798,80.667,50.545,2618.4,25.7,48.035,3092.1,23.419,65.705,227.71,336.75,94.798,77.615,31.839,8.9907,25.971,6.9089,19.264,1.7215,32.354,14.002,23.794,1.4015,18.798,2.2461,5.0145,2.26,0.0049595,0.91623,0.10892,53.32,42.899,62.455,53.472,25.708,59.886,20.753,41.826,39.703,41.987,46.816,43.081,17.071
464,0.26202,3636.5,4470.5,9.2955,26.996,42.208,2687.6,74.884,120.45,0.34839,80.545,50.068,2614.9,26.93,51.393,3090.3,23.119,65.772,228.23,336.26,94.86,77.254,31.839,8.9907,25.971,6.9089,19.264,1.7215,32.354,14.002,23.794,1.4015,18.798,2.2461,5.0145,2.26,0.0049595,0.91623,0.10892,53.32,42.899,61.809,53.606,25.693,60.047,20.676,41.776,38.302,49.758,47.221,43.365,17.808
465,0.30718,3686.5,4479.1,9.3359,26.637,42.125,2689.0,73.332,120.42,0.355,80.523,49.323,2615.9,25.758,48.71,3091.7,22.698,65.808,229.05,336.32,94.789,77.345,31.672,9.0488,26.375,6.8752,18.738,1.6665,32.409,13.949,23.286,1.2312,19.118,2.2553,4.8971,2.2336,0.0049595,0.91623,0.10892,53.32,42.899,62.296,53.169,30.197,60.225,20.369,42.618,36.109,43.55,47.598,43.722,18.806
466,0.30929,3643.2,4455.6,9.3152,26.56,42.459,2689.7,74.853,120.4,0.3543,80.567,50.403,2617.3,26.237,50.334,3092.8,22.928,65.881,233.14,336.99,94.779,77.444,31.672,9.0488,26.375,6.8752,18.738,1.6665,32.409,13.949,23.286,1.2312,19.118,2.2553,4.8971,2.2336,0.024303,0.89447,0.097884,53.399,43.168,63.042,53.451,29.99,61.548,20.419,42.704,39.285,47.308,48.778,42.668,18.245
467,0.32567,3663.2,4489.3,9.2594,26.808,42.35,2690.4,74.332,120.35,0.34692,80.548,49.441,2618.0,25.989,49.071,3093.9,23.555,65.988,233.91,337.05,94.593,77.228,31.184,9.0671,25.584,6.8263,19.036,1.6838,31.811,13.977,23.074,1.281,18.735,2.3027,4.8188,2.3198,0.024303,0.89447,0.097884,53.399,43.168,62.983,54.301,32.429,61.821,20.972,42.394,36.456,44.383,49.628,41.389,16.765
468,0.32638,3674.6,4541.8,9.3836,27.16,42.32,2691.6,74.662,120.38,0.34718,80.396,49.132,2620.2,25.523,47.749,3094.5,23.383,66.038,238.93,337.38,94.697,77.307,31.184,9.0671,25.584,6.8263,19.036,1.6838,31.811,13.977,23.074,1.281,18.735,2.3027,4.8188,2.3198,0.024303,0.89447,0.097884,53.399,43.168,62.788,53.672,32.359,61.518,20.957,42.363,35.546,41.325,50.099,41.265,17.172
469,0.38307,3699.9,4530.3,9.4067,26.627,42.185,2694.6,74.902,120.37,0.35189,80.462,50.194,2622.7,25.868,50.0,3095.9,22.886,66.105,242.84,338.4,94.473,77.516,32.16,8.9618,26.186,7.0623,19.431,1.6099,32.71,13.99,23.288,1.2023,19.113,2.2915,4.9266,2.2504,0.024303,0.89447,0.097884,53.399,43.168,62.81,53.059,37.633,61.035,21.155,42.764,38.671,46.533,50.665,41.401,18.333
470,0.38498,3681.6,4430.4,9.4918,27.2,42.482,2694.1,75.222,120.37,0.35073,80.355,50.551,2622.1,25.8,50.652,3097.1,23.113,66.179,245.95,338.48,94.479,77.209,32.16,8.9618,26.186,7.0623,19.431,1.6099,32.71,13.99,23.288,1.2023,19.113,2.2915,4.9266,2.2504,0.024303,0.89447,0.097884,53.399,43.168,63.125,54.254,37.445,60.023,21.197,42.906,39.72,48.042,51.299,40.262,17.813
471,0.29282,3619.1,4470.6,9.3053,27.101,42.59,2692.0,75.318,120.34,0.35775,80.193,49.526,2620.5,24.191,50.899,3092.8,22.658,66.205,244.8,339.02,94.553,77.211,32.33,8.8619,25.973,6.9455,19.235,1.6577,32.75,14.077,23.154,1.1188,18.857,2.2456,4.9351,2.3456,0.023465,0.88031,0.10865,53.513,43.105,62.073,52.727,28.99,61.336,21.306,42.627,36.705,48.614,51.881,39.014,18.901
472,0.29244,3596.6,4426.7,9.3231,27.038,41.842,2693.7,74.277,120.32,0.35572,80.26,50.43,2621.8,26.262,52.152,3091.6,23.575,66.265,248.28,340.15,94.662,77.153,32.33,8.8619,25.973,6.9455,19.235,1.6577,32.75,14.077,23.154,1.1188,18.857,2.2456,4.9351,2.3456,0.023465,0.88031,0.10865,53.513,43.105,62.458,53.252,29.028,62.984,21.571,42.875,39.367,51.515,52.293,37.772,16.729
473,0.27884,3647.9,4457.7,9.2937,27.187,42.139,2693.7,74.791,120.32,0.36607,80.255,50.755,2621.7,24.794,49.706,3093.5,22.195,66.335,249.77,340.25,94.689,77.534,32.204,8.9338,25.449,6.8392,19.236,1.6591,32.398,14.005,23.376,1.2634,19.12,2.2453,4.866,2.2571,0.023465,0.88031,0.10865,53.513,43.105,62.486,53.269,27.017,62.026,21.641,44.241,40.322,45.854,52.879,36.727,19.974
474,0.27694,3623.4,4441.6,9.5376,26.672,42.19,2693.7,74.338,120.32,0.36886,80.23,50.554,2621.3,24.443,52.089,3094.2,23.275,66.418,252.27,340.33,94.678,77.218,32.204,8.9338,25.449,6.8392,19.236,1.6591,32.398,14.005,23.376,1.2634,19.12,2.2453,4.866,2.2571,0.023465,0.88031,0.10865,53.513,43.105,62.908,53.462,27.203,60.959,21.343,43.9,39.731,51.368,53.369,35.015,17.422
475,0.28633,3642.0,4466.8,9.427,26.73,41.939,2695.1,74.418,120.34,0.36452,80.182,48.95,2623.8,23.531,51.509,3094.5,23.511,66.463,255.37,340.86,94.523,77.372,32.11,8.9536,25.787,6.7698,19.014,1.6544,33.019,13.894,23.297,1.27,18.921,2.2734,4.9434,2.2927,0.023465,0.88031,0.10865,53.513,43.105,63.511,53.081,28.514,61.497,21.587,42.829,35.011,50.025,53.806,35.98,16.856
476,0.28653,3681.2,4428.8,9.4656,26.557,42.459,2698.4,74.044,120.39,0.36415,80.374,50.397,2626.7,23.596,50.893,3096.2,23.003,66.535,255.21,341.15,94.531,77.488,32.11,8.9536,25.787,6.7698,19.014,1.6544,33.019,13.894,23.297,1.27,18.921,2.2734,4.9434,2.2927,0.010916,0.86601,0.10499,53.706,44.613,62.835,53.535,28.495,60.503,21.825,42.874,39.268,48.6,54.261,36.246,18.039
477,0.29618,3663.3,4520.5,9.1825,27.079,42.499,2698.8,73.263,120.55,0.34928,80.419,49.913,2627.2,26.297,50.46,3096.4,23.247,66.646,255.6,341.39,94.534,77.574,32.056,8.9081,26.088,6.8136,19.036,1.6445,32.623,14.044,23.629,1.2852,18.587,2.2677,4.9454,2.2918,0.010916,0.86601,0.10499,53.706,44.613,63.825,52.923,29.391,65.674,22.046,41.905,37.844,47.599,54.812,41.643,17.441
478,0.29747,3690.6,4475.4,9.6174,26.783,42.134,2697.0,74.396,120.67,0.35137,80.459,50.42,2625.4,27.035,49.045,3095.5,23.294,66.782,255.89,341.49,94.552,77.44,32.056,8.9081,26.088,6.8136,19.036,1.6445,32.623,14.044,23.629,1.2852,18.587,2.2677,4.9454,2.2918,0.010916,0.86601,0.10499,53.706,44.613,63.356,53.463,29.264,60.61,21.994,41.65,39.336,44.324,55.366,47.117,17.33
479,0.30308,3655.5,4490.5,9.4761,26.571,42.956,2694.8,74.6,120.59,0.36641,80.519,49.222,2622.9,26.886,51.417,3093.9,24.275,66.868,261.81,341.57,94.424,77.639,32.47,8.855,26.295,7.0009,19.341,1.6758,33.399,13.798,23.518,1.2374,18.642,2.2498,4.892,2.3575,0.010916,0.86601,0.10499,53.706,44.613,63.661,53.186,29.951,62.43,21.594,44.051,35.811,49.812,55.416,46.251,14.98
480,0.30473,3647.4,4455.4,9.5403,27.111,42.452,2696.3,74.334,120.45,0.36857,80.64,49.4,2625.0,24.362,49.524,3095.2,22.556,66.992,259.9,342.05,94.442,77.84,32.47,8.855,26.295,7.0009,19.341,1.6758,33.399,13.798,23.518,1.2374,18.642,2.2498,4.892,2.3575,0.010916,0.86601,0.10499,53.706,44.613,63.799,53.607,29.79,62.092,21.96,43.788,36.334,45.432,56.159,43.518,19.019
481,0.26453,3607.2,4459.0,9.4686,26.918,42.433,2696.0,75.668,120.4,0.3406,80.424,50.762,2625.3,26.04,49.023,3092.0,23.331,67.065,260.1,342.79,94.544,77.369,32.372,8.7563,25.0,6.9509,19.019,1.6306,33.105,13.938,23.392,1.0869,19.086,2.2949,4.8207,2.26,0.0038788,0.84532,0.079861,53.789,43.427,62.825,52.746,25.72,62.611,22.428,40.77,40.343,44.273,56.412,43.115,17.213
482,0.26373,3659.9,4424.4,9.4719,26.992,42.528,2696.2,74.178,120.4,0.34454,80.207,50.528,2625.8,25.453,51.031,3091.1,22.62,67.053,262.29,342.93,94.691,77.073,32.372,8.7563,25.0,6.9509,19.019,1.6306,33.105,13.938,23.392,1.0869,19.086,2.2949,4.8207,2.26,0.0038788,0.84532,0.079861,53.789,43.427,61.919,53.16,25.798,62.094,22.484,40.289,39.653,48.921,56.659,42.247,18.926
483,0.27091,3607.2,4442.8,9.4341,26.693,42.499,2697.2,74.582,120.38,0.35967,79.984,49.828,2626.5,25.046,51.18,3093.1,22.974,67.011,265.73,343.59,94.633,77.053,32.442,8.9636,26.08,7.0504,18.763,1.6944,33.058,13.791,23.519,1.4095,18.43,2.2904,4.9513,2.3669,0.0038788,0.84532,0.079861,53.789,43.427,63.175,53.662,26.485,64.396,22.588,42.241,37.594,49.266,56.799,42.202,18.103
484,0.27048,3604.1,4446.6,9.4606,26.73,42.565,2699.7,73.528,120.37,0.3555,79.979,50.157,2628.7,26.54,49.849,3095.4,23.733,66.969,266.5,343.8,94.615,77.858,32.442,8.9636,26.08,7.0504,18.763,1.6944,33.058,13.791,23.519,1.4095,18.43,2.2904,4.9513,2.3669,0.0038788,0.84532,0.079861,53.789,43.427,63.229,53.617,26.528,62.855,22.374,42.75,38.562,46.184,57.181,41.67,16.248
485,0.26024,3578.6,4521.8,9.4712,26.639,42.512,2707.7,74.343,120.4,0.34139,80.485,49.385,2637.2,24.248,50.676,3099.3,22.541,67.033,270.04,344.64,94.561,78.088,32.851,8.8226,25.96,6.7781,18.991,1.6521,33.387,13.962,23.585,1.2509,18.392,2.2865,4.8426,2.2784,0.0038788,0.84532,0.079861,53.789,43.427,62.683,53.326,25.752,61.221,23.153,40.602,36.291,48.098,57.306,42.081,19.025
486,0.26024,3598.6,4527.9,9.4436,27.099,42.155,2710.0,73.402,120.35,0.34272,80.493,49.045,2639.3,24.497,49.701,3103.9,23.122,67.174,265.94,344.42,94.542,77.663,32.851,8.8226,25.96,6.7781,18.991,1.6521,33.387,13.962,23.585,1.2509,18.392,2.2865,4.8426,2.2784,0.015672,0.81135,0.093553,54.782,43.25,62.339,53.253,25.752,61.616,23.087,40.439,35.288,45.842,57.61,41.055,17.638
487,0.21537,3681.7,4475.2,9.4695,27.041,42.467,2709.1,74.426,120.4,0.36281,80.209,50.531,2639.1,26.162,48.142,3103.8,23.336,67.21,266.8,344.97,94.381,77.362,32.736,8.813,25.956,6.8515,18.065,1.6418,33.537,13.793,23.41,1.2358,18.199,2.2432,4.7725,2.2525,0.015672,0.81135,0.093553,54.782,43.25,63.267,53.306,21.44,62.976,22.969,42.66,39.661,42.233,57.754,42.071,17.146
488,0.21449,3677.8,4489.3,9.5118,27.235,42.483,2709.4,74.553,120.35,0.36169,80.148,51.069,2638.6,25.55,49.246,3103.5,23.283,67.172,268.33,345.37,94.508,77.61,32.736,8.813,25.956,6.8515,18.065,1.6418,33.537,13.793,23.41,1.2358,18.199,2.2432,4.7725,2.2525,0.015672,0.81135,0.093553,54.782,43.25,63.333,53.136,21.527,63.131,23.317,42.797,41.245,44.789,57.84,40.427,17.247
489,0.22104,3632.1,4570.6,9.3117,26.911,42.38,2708.6,74.485,120.43,0.34216,79.958,50.779,2638.0,25.09,49.534,3104.0,22.468,67.161,267.71,345.15,94.446,77.261,32.718,8.8596,26.21,6.9299,18.878,1.6465,33.641,13.951,23.721,1.1835,18.557,2.2242,4.8214,2.203,0.015672,0.81135,0.093553,54.782,43.25,63.54,54.478,21.835,63.934,22.913,40.717,40.392,45.455,58.12,42.581,19.206
490,0.21903,3636.6,4557.7,9.5504,27.156,42.408,2708.4,73.188,120.47,0.34643,79.82,47.876,2637.9,24.393,50.037,3103.4,23.275,67.092,269.93,345.66,94.613,77.336,32.718,8.8596,26.21,6.9299,18.878,1.6465,33.641,13.951,23.721,1.1835,18.557,2.2242,4.8214,2.203,0.015672,0.81135,0.093553,54.782,43.25,63.462,54.633,22.032,61.204,23.05,40.196,31.849,46.62,58.149,43.569,17.306
491,0.21832,3644.0,4459.1,9.3436,27.163,42.189,2707.8,74.563,120.53,0.36367,79.716,51.397,2637.5,24.761,51.473,3101.2,22.511,67.03,269.56,346.16,94.595,77.299,32.426,9.102,25.897,6.7913,18.342,1.6762,34.066,14.052,23.75,1.2184,18.305,2.2416,4.8806,2.2565,0.021764,0.82161,0.079835,53.856,44.022,62.638,53.869,21.345,64.704,23.452,42.409,42.21,49.942,57.528,46.121,19.142
492,0.21757,3629.8,4469.0,9.5264,26.644,42.251,2710.3,73.632,120.43,0.36371,79.93,50.967,2639.4,24.723,50.982,3103.0,22.539,67.015,270.87,345.85,94.55,77.724,32.426,9.102,25.897,6.7913,18.342,1.6762,34.066,14.052,23.75,1.2184,18.305,2.2416,4.8806,2.2565,0.021764,0.82161,0.079835,53.856,44.022,62.883,53.75,21.418,62.413,23.041,42.405,40.944,48.806,57.258,44.549,19.036
493,0.24153,3693.4,4517.3,9.5498,26.868,42.569,2714.7,73.344,120.4,0.37561,80.214,49.526,2644.5,25.936,49.168,3109.1,23.293,67.067,266.37,346.13,94.336,78.096,32.687,8.9601,26.229,6.8213,18.287,1.6807,33.662,13.721,23.581,1.1942,17.963,2.2857,4.7085,2.2468,0.021764,0.82161,0.079835,53.856,44.022,63.025,54.517,23.837,63.26,22.969,43.909,36.705,44.608,57.5,43.522,17.188
494,0.24187,3650.4,4524.7,9.5484,26.809,42.041,2718.3,74.481,120.3,0.3721,80.234,48.713,2648.0,25.477,49.398,3111.4,22.409,67.106,268.3,346.05,94.384,77.867,32.687,8.9601,26.229,6.8213,18.287,1.6807,33.662,13.721,23.581,1.1942,17.963,2.2857,4.7085,2.2468,0.021764,0.82161,0.079835,53.856,44.022,63.764,54.427,23.803,62.729,23.519,44.337,34.313,45.141,57.168,40.894,19.277
495,0.21265,3683.3,4538.0,9.5175,27.061,42.582,2718.5,74.221,120.26,0.33717,80.061,51.076,2648.0,24.485,48.564,3113.7,22.663,67.114,268.16,346.36,94.208,77.397,32.369,8.774,26.529,6.7635,18.201,1.6294,33.936,13.858,24.277,1.4228,18.359,2.2512,4.7455,2.2878,0.021764,0.82161,0.079835,53.856,44.022,63.006,54.482,20.942,62.579,23.337,39.831,41.267,43.211,57.017,38.083,18.691
496,0.21187,3665.8,4533.2,9.5223,27.201,42.182,2718.8,75.385,120.26,0.33896,79.717,49.048,2649.9,24.249,49.015,3111.0,23.375,67.048,267.28,346.85,94.315,77.335,32.369,8.774,26.529,6.7635,18.201,1.6294,33.936,13.858,24.277,1.4228,18.359,2.2512,4.7455,2.2878,0.02842,0.78449,0.094786,53.554,43.558,63.308,54.539,21.019,59.681,23.753,39.613,35.298,44.254,57.17,37.328,17.017
497,0.23857,3662.3,4558.8,9.5631,26.938,42.587,2719.8,75.163,120.31,0.3573,79.653,47.93,2649.5,25.848,49.126,3112.3,23.008,66.982,268.04,347.01,94.302,77.383,32.752,8.8118,26.575,6.9133,18.065,1.6265,33.947,13.81,24.17,1.3979,18.291,2.2973,4.8244,2.399,0.02842,0.78449,0.094786,53.554,43.558,63.959,54.532,23.759,59.229,23.461,41.006,32.008,44.511,57.051,36.608,17.889
498,0.24,3698.5,4533.0,9.519,26.688,42.498,2721.3,75.382,120.35,0.35156,79.743,50.127,2652.4,26.018,48.168,3112.3,22.418,66.904,269.29,346.91,94.139,77.336,32.752,8.8118,26.575,6.9133,18.065,1.6265,33.947,13.81,24.17,1.3979,18.291,2.2973,4.8244,2.399,0.02842,0.78449,0.094786,53.554,43.558,63.337,54.842,23.618,62.815,23.872,41.708,38.473,42.294,56.89,37.298,19.287
499,0.20033,3659.8,4579.7,9.4072,26.979,42.269,2721.0,74.636,120.34,0.34877,79.713,50.549,2652.3,25.29,49.787,3112.8,24.302,66.896,266.78,347.23,94.408,77.26,32.707,8.9834,26.239,7.0511,18.181,1.6016,33.522,13.832,24.137,1.1744,17.629,2.2517,4.7328,2.2441,0.02842,0.78449,0.094786,53.554,43.558,62.73,54.725,19.479,60.76,24.016,40.764,39.717,46.041,57.063,36.515,14.817
500,0.19812,3639.0,4603.5,9.4384,26.829,42.181,2719.4,74.821,120.34,0.35019,79.618,49.504,2650.2,25.054,49.52,3111.4,24.172,66.881,266.68,347.18,94.353,77.174,32.707,8.9834,26.239,7.0511,18.181,1.6016,33.522,13.832,24.137,1.1744,17.629,2.2517,4.7328,2.2441,0.02842,0.78449,0.094786,53.554,43.558,63.088,54.44,19.696,61.831,23.704,40.59,36.639,45.423,57.021,36.133,15.138
