sample,xmeas_1,xmeas_2,xmeas_3,xmeas_4,xmeas_5,xmeas_6,xmeas_7,xmeas_8,xmeas_9,xmeas_10,xmeas_11,xmeas_12,xmeas_13,xmeas_14,xmeas_15,xmeas_16,xmeas_17,xmeas_18,xmeas_19,xmeas_20,xmeas_21,xmeas_22,xmeas_23,xmeas_24,xmeas_25,xmeas_26,xmeas_27,xmeas_28,xmeas_29,xmeas_30,xmeas_31,xmeas_32,xmeas_33,xmeas_34,xmeas_35,xmeas_36,xmeas_37,xmeas_38,xmeas_39,xmeas_40,xmeas_41,xmv_1,xmv_2,xmv_3,xmv_4,xmv_5,xmv_6,xmv_7,xmv_8,xmv_9,xmv_10,xmv_11
1,0.25187,3669.1,4544.3,9.2791,26.962,42.379,2705.3,75.347,120.41,0.33528,80.103,49.529,2634.1,25.132,50.241,3102.7,23.026,65.704,229.74,341.3,94.634,77.395,32.188,8.8933,26.383,6.882,18.776,1.6567,32.958,13.823,23.978,1.2565,18.579,2.2633,4.8436,2.2986,0.017866,0.8357,0.098577,53.724,43.828,62.966,53.561,24.511,59.274,22.04,40.288,36.715,47.092,47.499,40.89,17.925
2,0.25099,3666.6,4482.3,9.2423,26.979,42.427,2705.9,75.053,120.4,0.33461,80.169,50.131,2634.9,26.582,50.808,3102.3,22.473,65.733,231.63,341.56,94.495,77.267,32.188,8.8933,26.383,6.882,18.776,1.6567,32.958,13.823,23.978,1.2565,18.579,2.2633,4.8436,2.2986,0.017866,0.8357,0.098577,53.724,43.828,63.008,54.303,24.598,63.023,22.26,40.37,38.485,48.404,47.33,41.553,19.245
3,0.25139,3643.3,4544.6,9.3452,26.86,42.133,2705.2,75.888,120.41,0.33869,80.113,50.902,2634.0,26.193,49.806,3102.3,22.161,65.736,231.26,341.47,94.688,77.293,32.11,8.8721,26.695,6.846,19.042,1.6644,32.969,13.626,23.796,1.2798,18.582,2.2517,4.8302,2.2854,0.017866,0.8357,0.098577,53.724,43.828,63.408,53.557,24.566,60.905,21.928,39.871,40.753,46.085,47.362,41.234,19.983
4,0.24864,3651.9,4505.0,9.2647,26.628,42.255,2703.7,74.437,120.42,0.33473,79.961,49.224,2631.8,27.208,49.807,3101.3,23.347,65.724,226.87,341.53,94.564,76.914,32.11,8.8721,26.695,6.846,19.042,1.6644,32.969,13.626,23.796,1.2798,18.582,2.2517,4.8302,2.2854,0.017866,0.8357,0.098577,53.724,43.828,63.261,54.03,24.836,60.583,22.019,40.354,35.815,46.088,47.753,41.299,17.211
5,0.25818,3640.6,4444.2,9.4115,26.793,42.236,2706.5,74.857,120.43,0.31562,80.122,49.389,2635.7,24.436,49.83,3102.2,23.437,65.69,231.55,341.52,94.607,77.668,31.769,8.9071,26.71,6.867,18.796,1.6706,33.051,13.753,23.75,1.3913,18.647,2.2686,4.8611,2.3189,0.017866,0.8357,0.098577,53.724,43.828,63.789,54.084,25.447,59.838,22.644,37.261,36.303,46.14,47.34,41.016,16.937
6,0.25781,3702.5,4416.4,9.319,27.047,42.153,2706.6,74.401,120.41,0.31488,80.182,48.937,2635.3,25.668,49.107,3102.8,22.883,65.742,229.78,341.74,94.513,77.266,31.769,8.9071,26.71,6.867,18.796,1.6706,33.051,13.753,23.75,1.3913,18.647,2.2686,4.8611,2.3189,0.035043,0.8447,0.10589,54.392,44.607,62.723,54.416,25.484,60.967,22.337,37.351,34.971,44.467,47.495,40.924,18.269
7,0.29415,3674.8,4492.1,9.4204,26.888,42.365,2706.6,75.052,120.38,0.32609,80.111,50.67,2635.3,27.599,50.337,3103.1,23.231,65.729,231.01,341.7,94.504,77.037,32.248,9.0278,26.744,6.8095,19.227,1.6681,32.939,13.86,23.871,1.4494,18.405,2.2311,4.8513,2.4457,0.035043,0.8447,0.10589,54.392,44.607,63.04,54.089,28.913,59.785,22.366,39.206,40.072,47.315,47.385,41.165,17.467
8,0.29369,3649.7,4498.1,9.4421,26.772,42.229,2707.8,74.971,120.4,0.33237,80.104,50.123,2636.3,25.394,49.298,3103.8,21.742,65.724,232.3,342.19,94.555,77.461,32.248,9.0278,26.744,6.8095,19.227,1.6681,32.939,13.86,23.871,1.4494,18.405,2.2311,4.8513,2.4457,0.035043,0.8447,0.10589,54.392,44.607,63.472,54.017,28.958,59.742,22.384,38.44,38.462,44.91,47.271,41.482,20.974
9,0.25022,3652.7,4476.8,9.5099,26.613,42.324,2706.1,75.353,120.4,0.34036,80.128,50.862,2635.1,25.316,50.893,3101.8,23.197,65.742,230.7,341.93,94.465,77.231,32.278,8.8528,26.584,6.9912,18.944,1.6572,32.833,13.981,23.949,1.2721,18.24,2.2434,4.8622,2.3235,0.035043,0.8447,0.10589,54.392,44.607,63.966,53.176,24.484,60.772,22.341,40.286,40.636,48.6,47.412,41.287,17.531
10,0.25019,3687.0,4443.0,9.4055,27.188,41.872,2704.5,76.001,120.43,0.34241,80.074,50.443,2633.8,24.816,50.573,3100.7,22.449,65.728,230.84,342.17,94.594,77.136,32.278,8.8528,26.584,6.9912,18.944,1.6572,32.833,13.981,23.949,1.2721,18.24,2.2434,4.8622,2.3235,0.035043,0.8447,0.10589,54.392,44.607,63.374,53.581,24.487,59.831,22.45,40.035,39.405,47.861,47.4,41.534,19.31
11,0.2473,3638.3,4482.8,9.4433,27.408,42.511,2702.6,74.875,120.4,0.35571,80.049,51.27,2631.1,25.674,48.683,3098.7,23.203,65.732,228.88,341.73,94.628,77.354,32.311,8.9441,26.14,6.889,19.134,1.6386,33.587,13.664,24.256,1.1038,18.384,2.2677,4.7857,2.2859,0.0038599,0.83186,0.10722,53.689,43.598,62.603,53.745,24.044,61.182,22.556,41.803,41.838,43.486,47.813,41.133,17.506
12,0.24559,3645.0,4425.3,9.3144,26.862,41.973,2702.3,75.052,120.4,0.35281,79.993,49.846,2631.0,26.319,50.394,3097.7,22.665,65.748,231.31,342.06,94.791,77.217,32.311,8.9441,26.14,6.889,19.134,1.6386,33.587,13.664,24.256,1.1038,18.384,2.2677,4.7857,2.2859,0.0038599,0.83186,0.10722,53.689,43.598,62.487,54.434,24.212,63.019,22.375,42.157,37.648,47.446,47.7,41.978,18.802
13,0.24039,3631.2,4457.0,9.3163,27.018,42.419,2703.1,75.03,120.39,0.31852,79.989,50.811,2632.2,24.695,47.543,3098.5,23.104,65.736,232.15,342.14,94.634,77.105,32.406,8.7373,26.335,6.8128,18.603,1.6599,33.577,13.747,23.84,1.3664,18.638,2.2561,4.7899,2.2933,0.0038599,0.83186,0.10722,53.689,43.598,63.566,53.545,23.878,62.598,22.418,37.846,40.486,40.849,47.73,41.162,17.778
14,0.24046,3662.9,4501.2,9.3414,26.825,42.353,2703.3,74.177,120.4,0.3159,79.955,50.324,2632.1,24.843,49.202,3099.0,22.371,65.707,230.89,342.09,94.744,77.359,32.406,8.7373,26.335,6.8128,18.603,1.6599,33.577,13.747,23.84,1.3664,18.638,2.2561,4.7899,2.2933,0.0038599,0.83186,0.10722,53.689,43.598,63.02,53.016,23.871,62.116,22.514,38.166,39.054,44.687,47.947,40.766,19.509
15,0.22887,3744.0,4493.2,9.4501,26.74,41.924,2705.5,75.612,120.42,0.32709,80.191,49.496,2634.5,26.169,50.016,3102.0,22.9,65.715,232.06,342.27,94.542,77.617,32.366,8.9441,26.425,6.8792,18.498,1.635,33.508,13.87,24.131,1.2482,18.647,2.2925,4.7761,2.3364,0.0038599,0.83186,0.10722,53.689,43.598,62.323,54.4,22.867,61.67,22.523,38.859,36.616,46.571,47.946,41.274,18.222
16,0.23056,3667.3,4480.4,9.5217,26.684,42.527,2706.8,75.261,120.42,0.32584,80.27,51.564,2635.1,25.6,48.922,3103.6,23.442,65.795,231.93,341.86,94.503,77.487,32.366,8.9441,26.425,6.8792,18.498,1.635,33.508,13.87,24.131,1.2482,18.647,2.2925,4.7761,2.3364,-0.0032378,0.84067,0.090462,54.621,42.965,63.642,54.552,22.701,60.233,22.108,39.011,42.703,44.04,47.732,41.15,16.928
17,0.23291,3659.2,4562.6,9.2299,26.935,42.414,2704.6,75.621,120.4,0.33991,80.151,50.033,2633.1,25.157,49.995,3102.1,22.552,65.817,232.02,341.51,94.57,77.461,32.544,8.7966,26.176,6.7866,18.689,1.6593,33.012,13.868,24.334,1.3026,18.55,2.2504,4.7544,2.2917,-0.0032378,0.84067,0.090462,54.621,42.965,63.234,53.864,22.822,62.738,22.063,40.563,38.197,46.523,47.682,41.296,19.043
18,0.23167,3661.8,4545.9,9.426,26.874,42.862,2705.5,75.049,120.39,0.34018,80.295,49.893,2634.3,24.653,50.035,3103.5,22.376,65.843,231.22,341.4,94.495,77.166,32.544,8.7966,26.176,6.7866,18.689,1.6593,33.012,13.868,24.334,1.3026,18.55,2.2504,4.7544,2.2917,-0.0032378,0.84067,0.090462,54.621,42.965,63.188,54.064,22.944,60.176,21.84,40.53,37.786,46.614,47.71,41.376,19.461
19,0.21207,3674.4,4491.8,9.3185,26.749,42.429,2704.1,75.039,120.4,0.33884,80.173,48.528,2633.3,23.663,49.37,3101.6,21.756,65.844,231.82,341.7,94.594,77.121,32.63,8.9704,26.27,6.9093,18.548,1.71,32.987,13.894,23.956,1.2339,18.321,2.2611,4.9648,2.3935,-0.0032378,0.84067,0.090462,54.621,42.965,63.83,54.273,20.929,61.649,22.131,40.698,33.768,45.075,47.615,41.182,20.944
20,0.21379,3692.6,4505.6,9.4005,26.543,42.456,2701.9,75.167,120.4,0.33792,80.024,49.932,2630.2,23.319,49.985,3099.5,23.828,65.79,230.29,341.41,94.586,77.012,32.63,8.9704,26.27,6.9093,18.548,1.71,32.987,13.894,23.956,1.2339,18.321,2.2611,4.9648,2.3935,-0.0032378,0.84067,0.090462,54.621,42.965,63.518,54.108,20.759,62.318,21.917,40.81,37.899,46.5,47.712,41.585,16.046
21,0.2018,3676.9,4541.8,9.3389,26.871,42.299,2701.6,74.862,120.39,0.34124,80.096,49.999,2630.5,24.446,50.145,3097.8,22.961,65.77,231.63,341.13,94.662,77.318,32.383,8.9611,26.19,6.8538,18.737,1.6611,32.948,13.756,23.767,1.3345,18.938,2.2748,4.9168,2.2926,0.023961,0.85675,0.093996,53.816,43.641,62.743,54.047,19.495,63.961,22.236,41.183,38.098,46.87,47.782,41.023,18.085
22,0.19977,3646.0,4532.7,9.3198,26.926,42.36,2703.2,75.207,120.38,0.34475,80.203,49.995,2631.0,24.488,49.927,3099.6,23.157,65.8,229.26,340.8,94.64,77.454,32.383,8.9611,26.19,6.8538,18.737,1.6611,32.948,13.756,23.767,1.3345,18.938,2.2748,4.9168,2.2926,0.023961,0.85675,0.093996,53.816,43.641,63.276,54.156,19.695,60.649,22.022,40.755,38.086,46.364,48.052,40.719,17.602
23,0.22212,3663.5,4538.9,9.2779,27.376,42.435,2703.0,74.782,120.4,0.32446,80.269,48.648,2632.0,23.7,48.622,3101.3,23.997,65.804,230.92,340.89,94.606,77.534,32.591,8.9365,25.765,6.8468,19.117,1.6919,32.895,13.988,23.928,1.055,18.335,2.2573,4.775,2.363,0.023961,0.85675,0.093996,53.816,43.641,63.461,53.641,21.534,64.967,22.211,39.555,34.123,43.345,47.961,40.901,15.595
24,0.2228,3696.1,4508.9,9.3891,26.957,42.813,2704.3,74.906,120.42,0.32677,80.314,49.921,2632.6,24.445,48.329,3103.3,22.792,65.87,231.84,340.24,94.521,77.272,32.591,8.9365,25.765,6.8468,19.117,1.6919,32.895,13.988,23.928,1.055,18.335,2.2573,4.775,2.363,0.023961,0.85675,0.093996,53.816,43.641,62.9,54.0,21.466,60.696,22.038,39.272,37.868,42.667,47.934,41.258,18.464
25,0.19548,3668.6,4476.9,9.259,27.006,42.168,2703.2,74.812,120.41,0.35201,80.374,49.26,2632.6,23.91,49.225,3100.9,23.25,65.871,231.41,340.62,94.608,77.461,32.024,8.6805,26.799,6.6932,18.861,1.7004,32.764,14.066,23.989,1.1901,19.044,2.2243,4.8956,2.3424,0.023961,0.85675,0.093996,53.816,43.641,63.465,53.425,19.586,63.074,22.285,42.468,35.924,44.739,48.026,40.691,17.351
26,0.19726,3693.1,4451.5,9.2911,26.678,42.099,2698.7,74.225,120.4,0.3564,80.094,50.229,2627.6,24.732,48.765,3098.5,22.728,65.897,233.18,339.64,94.682,76.973,32.024,8.6805,26.799,6.6932,18.861,1.7004,32.764,14.066,23.989,1.1901,19.044,2.2243,4.8956,2.3424,0.023232,0.83221,0.10718,54.6,44.162,63.043,53.729,19.411,63.224,21.585,41.932,38.773,43.675,48.358,40.917,18.64
27,0.25064,3708.2,4508.9,9.4582,27.081,42.069,2700.1,75.092,120.41,0.3652,80.06,52.043,2628.3,24.134,48.47,3097.5,22.716,65.858,233.45,340.04,94.551,77.221,31.768,8.935,26.591,6.7731,18.632,1.6666,32.715,13.74,24.374,1.1164,18.491,2.2689,4.9727,2.1912,0.023232,0.83221,0.10718,54.6,44.162,64.237,53.635,24.703,61.046,22.018,43.244,44.112,42.994,48.581,41.555,18.667
28,0.24987,3699.2,4493.1,9.3939,26.931,42.802,2699.4,74.973,120.42,0.3648,80.181,50.196,2628.0,23.858,51.374,3099.6,23.246,65.859,234.91,339.47,94.476,77.431,31.768,8.935,26.591,6.7731,18.632,1.6666,32.715,13.74,24.374,1.1164,18.491,2.2689,4.9727,2.1912,0.023232,0.83221,0.10718,54.6,44.162,64.392,53.823,24.779,61.955,21.586,43.292,38.678,49.714,48.696,40.832,17.393
29,0.27615,3705.6,4535.3,9.3733,26.827,42.597,2701.4,74.712,120.41,0.32714,80.279,50.698,2629.3,24.736,47.574,3101.4,23.403,65.912,234.71,340.07,94.396,77.358,31.819,8.9599,27.055,7.144,18.699,1.6977,32.564,13.914,23.823,1.2023,18.638,2.2846,4.833,2.2552,0.023232,0.83221,0.10718,54.6,44.162,63.721,53.885,27.666,62.78,21.647,39.288,40.153,40.921,48.955,41.292,17.025
30,0.27777,3716.6,4499.4,9.3608,27.203,42.295,2701.0,75.008,120.41,0.32906,80.147,52.148,2628.6,24.972,49.978,3101.6,24.189,65.936,234.89,339.22,94.439,77.187,31.819,8.9599,27.055,7.144,18.699,1.6977,32.564,13.914,23.823,1.2023,18.638,2.2846,4.833,2.2552,0.023232,0.83221,0.10718,54.6,44.162,63.531,54.315,27.507,61.66,21.626,39.054,44.421,46.482,49.182,40.45,15.177
31,0.27838,3587.6,4480.4,9.463,26.729,41.919,2701.4,74.788,120.37,0.34687,80.169,51.679,2629.4,24.75,49.081,3101.0,23.274,65.942,237.06,339.71,94.582,77.465,31.873,8.849,26.379,6.856,18.807,1.6365,32.842,13.712,23.937,1.1684,18.607,2.2706,4.8672,2.3602,0.019143,0.81556,0.096752,53.1,44.063,62.426,54.396,27.29,59.267,21.63,41.542,43.04,44.407,48.619,40.475,17.333
32,0.27768,3623.4,4564.4,9.5182,27.269,42.493,2704.2,75.124,120.4,0.35117,80.209,50.03,2633.2,26.549,50.19,3102.6,23.081,65.959,237.88,340.23,94.763,77.518,31.873,8.849,26.379,6.856,18.807,1.6365,32.842,13.712,23.937,1.1684,18.607,2.2706,4.8672,2.3602,0.019143,0.81556,0.096752,53.1,44.063,61.81,53.39,27.359,59.17,21.916,41.016,38.188,46.974,48.521,41.287,17.785
33,0.27479,3662.4,4458.5,9.4066,27.127,42.021,2705.9,75.129,120.35,0.32492,80.227,50.989,2635.1,22.835,49.432,3105.0,22.919,65.951,234.44,339.98,94.653,77.47,32.217,8.7787,26.234,6.9055,19.247,1.6605,33.127,13.762,24.176,1.3462,18.595,2.2893,4.8645,2.3255,0.019143,0.81556,0.096752,53.1,44.063,63.553,54.398,27.302,61.422,22.198,38.794,41.009,45.22,48.801,39.443,18.171
34,0.27824,3677.1,4508.5,9.3937,26.71,42.609,2707.3,74.718,120.45,0.32228,80.18,48.762,2635.9,23.726,52.35,3106.3,23.267,65.941,233.79,340.76,94.513,77.344,32.217,8.7787,26.234,6.9055,19.247,1.6605,33.127,13.762,24.176,1.3462,18.595,2.2893,4.8645,2.3255,0.019143,0.81556,0.096752,53.1,44.063,63.3,53.799,26.962,60.985,21.841,39.116,34.457,51.972,48.835,42.524,17.354
35,0.24474,3673.2,4492.9,9.3047,27.236,42.055,2707.6,75.44,120.39,0.33365,80.194,52.201,2636.5,25.893,51.692,3105.4,22.207,65.958,235.42,340.92,94.548,77.368,31.846,8.854,26.34,6.8349,18.958,1.6507,32.46,13.891,24.35,1.2091,18.717,2.2691,4.8028,2.3498,0.019143,0.81556,0.096752,53.1,44.063,62.935,52.863,24.022,63.651,22.189,38.959,44.576,50.45,48.665,40.521,19.862
36,0.24316,3665.4,4423.3,9.3033,27.017,42.527,2708.7,75.748,120.43,0.32967,80.235,49.238,2637.4,24.49,50.784,3105.0,23.003,65.928,235.95,341.13,94.529,77.511,31.846,8.854,26.34,6.8349,18.958,1.6507,32.46,13.891,24.35,1.2091,18.717,2.2691,4.8028,2.3498,0.0053087,0.83493,0.089716,53.593,43.475,63.069,53.696,24.178,61.714,22.44,39.445,35.858,48.349,48.147,41.28,17.951
37,0.28214,3687.4,4501.2,9.2133,26.989,42.189,2708.2,74.822,120.41,0.34267,80.325,50.352,2637.7,26.599,48.188,3105.8,22.937,65.955,231.45,341.37,94.468,77.409,32.15,8.8707,26.243,6.9709,18.955,1.6475,32.615,13.715,24.016,1.1534,18.851,2.3039,4.8784,2.3367,0.0053087,0.83493,0.089716,53.593,43.475,63.321,53.42,27.714,64.045,22.347,41.309,39.135,42.341,48.327,41.072,18.103
38,0.28248,3676.7,4478.5,9.3844,26.781,42.642,2705.4,75.335,120.39,0.34558,79.998,50.015,2633.3,25.062,50.411,3104.9,21.372,65.915,232.12,341.14,94.583,77.167,32.15,8.8707,26.243,6.9709,18.955,1.6475,32.615,13.715,24.016,1.1534,18.851,2.3039,4.8784,2.3367,0.0053087,0.83493,0.089716,53.593,43.475,63.505,53.691,27.68,61.763,21.807,40.953,38.143,47.485,48.05,41.379,21.856
39,0.25439,3628.5,4488.4,9.4452,27.47,42.226,2704.7,75.211,120.36,0.3242,79.928,48.131,2633.2,24.206,49.258,3102.8,22.713,65.815,232.18,341.46,94.608,77.325,32.541,8.7525,26.079,6.9528,18.849,1.6641,32.736,13.849,24.073,1.2334,17.961,2.2574,4.8551,2.2821,0.0053087,0.83493,0.089716,53.593,43.475,63.122,53.548,25.058,58.537,22.343,38.821,32.599,44.817,47.833,40.822,18.672
40,0.25464,3644.6,4481.2,9.3917,26.981,42.741,2708.5,74.927,120.4,0.32401,80.188,48.673,2637.8,25.272,49.536,3103.8,23.442,65.791,231.68,341.78,94.601,77.303,32.541,8.7525,26.079,6.9528,18.849,1.6641,32.736,13.849,24.073,1.2334,17.961,2.2574,4.8551,2.2821,0.0053087,0.83493,0.089716,53.593,43.475,62.845,53.635,25.034,60.017,22.861,38.844,34.193,45.46,47.665,41.382,16.933
41,0.21439,3639.3,4515.4,9.2818,26.633,42.245,2705.9,73.783,120.37,0.34448,80.012,51.091,2634.8,24.707,50.833,3103.6,23.361,65.781,233.42,341.53,94.724,77.249,32.407,8.8117,26.724,6.7341,18.834,1.6233,32.654,13.921,24.317,1.2532,18.728,2.2431,4.7291,2.3172,0.019129,0.8338,0.11172,53.927,42.679,63.019,53.465,21.228,60.698,22.063,39.871,41.311,48.463,47.775,40.247,17.128
42,0.21463,3702.5,4493.7,9.4402,26.872,42.21,2707.0,74.469,120.42,0.33594,80.089,50.475,2635.3,24.814,50.831,3102.7,22.295,65.778,232.42,341.74,94.555,77.353,32.407,8.8117,26.724,6.7341,18.834,1.6233,32.654,13.921,24.317,1.2532,18.728,2.2431,4.7291,2.3172,0.019129,0.8338,0.11172,53.927,42.679,61.931,53.725,21.204,62.536,22.288,40.914,39.497,48.457,47.858,41.544,19.656
43,0.22447,3700.8,4464.1,9.3353,27.286,42.368,2706.9,75.363,120.39,0.34764,80.115,49.83,2635.6,25.188,49.503,3103.4,23.104,65.777,231.5,341.52,94.602,77.381,31.936,8.891,26.229,7.0813,18.965,1.656,33.107,13.958,24.657,1.216,19.017,2.2491,4.8224,2.2049,0.019129,0.8338,0.11172,53.927,42.679,63.916,54.106,22.186,60.915,22.681,41.51,37.599,45.384,47.935,41.146,17.731
44,0.22747,3714.8,4459.9,9.4117,26.719,42.437,2706.3,75.214,120.44,0.348,80.159,50.143,2635.1,24.006,49.518,3104.4,22.915,65.79,232.73,340.94,94.431,77.17,31.936,8.891,26.229,7.0813,18.965,1.656,33.107,13.958,24.657,1.216,19.017,2.2491,4.8224,2.2049,0.019129,0.8338,0.11172,53.927,42.679,63.675,54.156,21.891,60.242,22.008,41.466,38.522,45.418,47.82,41.91,18.184
45,0.27111,3623.8,4496.7,9.3091,27.223,41.78,2704.2,74.38,120.39,0.35311,79.966,49.192,2632.8,24.476,50.304,3100.7,23.144,65.773,232.4,341.46,94.724,77.21,32.085,8.8495,26.64,6.7677,18.923,1.6758,32.695,13.749,24.515,1.1141,18.356,2.2534,4.8937,2.3248,0.019129,0.8338,0.11172,53.927,42.679,62.171,53.373,26.606,60.261,22.143,41.991,35.722,47.239,47.844,40.782,17.652
46,0.27121,3575.5,4506.4,9.3494,26.817,42.02,2705.0,75.449,120.37,0.35433,79.893,50.376,2633.1,26.066,50.966,3100.8,23.323,65.74,231.54,341.7,94.719,77.24,32.085,8.8495,26.64,6.7677,18.923,1.6758,32.695,13.749,24.515,1.1141,18.356,2.2534,4.8937,2.3248,0.004914,0.82964,0.10671,53.596,44.186,63.002,53.257,26.596,62.277,22.426,41.843,39.207,48.77,47.888,41.175,17.247
47,0.25829,3676.5,4510.8,9.4229,27.031,42.592,2706.4,75.033,120.39,0.33167,79.875,50.015,2635.1,24.852,49.239,3103.4,21.845,65.699,232.81,341.8,94.67,77.168,32.18,8.9487,26.613,6.9312,18.655,1.6765,32.888,13.944,23.714,1.3198,18.709,2.2722,4.901,2.3203,0.004914,0.82964,0.10671,53.596,44.186,63.975,53.277,25.384,63.491,22.374,39.066,38.145,44.773,47.761,41.343,20.774
48,0.25683,3688.9,4503.5,9.3878,26.704,42.023,2708.6,73.813,120.42,0.3319,79.983,49.929,2638.0,25.812,51.77,3106.1,23.667,65.65,232.69,342.27,94.482,77.828,32.18,8.9487,26.613,6.9312,18.655,1.6765,32.888,13.944,23.714,1.3198,18.709,2.2722,4.901,2.3203,0.004914,0.82964,0.10671,53.596,44.186,63.762,53.364,25.527,62.149,22.322,39.037,37.891,50.63,47.761,41.805,16.396
49,0.24739,3660.2,4513.9,9.3121,27.0,42.478,2712.4,74.869,120.41,0.3513,80.377,51.492,2642.0,24.092,50.087,3108.6,23.255,65.728,232.35,341.99,94.474,77.781,32.83,8.7651,26.549,6.9614,18.906,1.6761,33.069,13.854,24.509,1.1025,18.732,2.2312,4.8033,2.3026,0.004914,0.82964,0.10671,53.596,44.186,62.851,53.896,24.774,61.426,22.441,41.93,42.49,46.735,47.771,41.173,17.344
50,0.25264,3668.2,4564.3,9.4192,26.682,41.985,2711.4,74.844,120.44,0.3501,80.253,48.718,2639.9,25.658,50.746,3108.3,23.395,65.823,234.14,341.61,94.595,77.261,32.83,8.7651,26.549,6.9614,18.906,1.6761,33.069,13.854,24.509,1.1025,18.732,2.2312,4.8033,2.3026,0.004914,0.82964,0.10671,53.596,44.186,62.714,53.292,24.257,61.318,22.461,42.076,34.326,48.26,47.588,41.868,17.029
51,0.18298,3644.4,4465.5,9.4652,26.989,42.388,2707.9,74.614,120.36,0.34146,79.953,50.121,2637.6,25.262,50.115,3103.0,22.115,65.804,231.96,342.23,94.65,76.876,31.912,8.9336,26.905,6.9697,18.224,1.651,32.911,13.768,24.04,1.3405,18.463,2.2745,4.7846,2.2346,-0.0014939,0.82387,0.096111,53.66,43.835,62.797,53.859,18.094,61.251,22.596,40.836,38.455,46.8,47.65,39.907,20.119
52,0.18396,3665.5,4439.6,9.3499,26.966,42.385,2706.3,75.396,120.39,0.34191,79.731,51.962,2635.1,24.029,50.05,3102.4,22.516,65.689,230.97,342.41,94.773,77.239,31.912,8.9336,26.905,6.9697,18.224,1.651,32.911,13.768,24.04,1.3405,18.463,2.2745,4.7846,2.2346,-0.0014939,0.82387,0.096111,53.66,43.835,62.435,54.169,17.998,59.615,22.488,40.781,43.875,46.649,47.675,41.265,19.164
53,0.27169,3654.1,4583.4,9.4624,26.876,41.948,2710.4,74.862,120.37,0.33134,79.933,48.927,2639.4,25.489,50.392,3106.3,23.092,65.628,231.99,342.22,94.71,77.541,32.545,8.8669,26.051,6.9762,19.259,1.6108,33.257,13.622,24.135,1.381,18.394,2.2413,4.9171,2.2944,-0.0014939,0.82387,0.096111,53.66,43.835,62.48,54.157,26.461,60.865,22.429,39.754,34.942,47.44,47.525,40.39,17.781
54,0.2717,3645.3,4552.2,9.3033,26.744,42.07,2712.0,74.951,120.41,0.33383,79.912,48.709,2640.1,23.965,51.172,3109.7,23.354,65.64,233.48,342.09,94.682,77.516,32.545,8.8669,26.051,6.9762,19.259,1.6108,33.257,13.622,24.135,1.381,18.394,2.2413,4.9171,2.2944,-0.0014939,0.82387,0.096111,53.66,43.835,62.63,54.531,26.46,62.062,22.231,39.451,34.301,49.247,47.33,41.035,17.155
55,0.20979,3648.2,4431.6,9.4742,26.838,41.908,2716.1,75.383,120.39,0.3163,80.223,49.928,2645.7,25.773,49.566,3110.6,22.164,65.664,229.18,342.08,94.601,77.578,31.54,8.7658,26.515,6.7975,18.415,1.6638,32.917,13.659,24.722,1.1009,18.607,2.2795,4.8104,2.316,-0.0014939,0.82387,0.096111,53.66,43.835,62.437,53.439,20.414,60.641,22.73,37.472,37.889,45.53,47.649,40.206,19.949
56,0.20914,3634.2,4437.4,9.4047,26.823,42.572,2715.0,74.657,120.4,0.31408,80.103,50.354,2644.8,24.658,50.516,3110.6,22.536,65.695,231.1,342.39,94.546,77.334,31.54,8.7658,26.515,6.7975,18.415,1.6638,32.917,13.659,24.722,1.1009,18.607,2.2795,4.8104,2.316,0.015011,0.80866,0.086374,54.006,43.484,62.678,53.37,20.477,61.096,22.81,37.742,39.142,47.728,47.249,40.935,19.08
57,0.30595,3665.8,4550.0,9.3644,26.847,42.363,2718.9,75.223,120.42,0.32093,80.102,50.629,2647.7,24.636,52.515,3115.3,22.239,65.692,230.65,342.14,94.554,77.605,32.211,8.7327,26.855,6.9557,18.713,1.6667,33.333,13.803,23.665,1.1933,18.155,2.2115,4.7713,2.2052,0.015011,0.80866,0.086374,54.006,43.484,63.699,54.084,30.385,62.706,22.536,37.627,39.952,52.354,47.153,41.138,19.764
58,0.30568,3694.5,4524.1,9.4173,27.152,42.437,2719.8,75.201,120.42,0.31809,79.996,52.8,2649.1,24.861,48.817,3116.5,22.359,65.661,229.06,342.74,94.365,77.26,32.211,8.7327,26.855,6.9557,18.713,1.6667,33.333,13.803,23.665,1.1933,18.155,2.2115,4.7713,2.2052,0.015011,0.80866,0.086374,54.006,43.484,63.205,54.395,30.411,61.365,22.715,37.974,46.34,43.795,47.16,41.216,19.498
59,0.24545,3637.3,4466.5,9.4354,26.816,42.437,2718.5,75.602,120.42,0.33413,79.837,51.769,2648.5,23.981,51.145,3113.1,21.781,65.612,228.82,343.79,94.606,77.145,32.135,9.0556,26.328,6.8093,18.7,1.6233,32.993,13.884,23.993,1.0862,18.29,2.2923,4.8924,2.2912,0.015011,0.80866,0.086374,54.006,43.484,62.805,54.389,24.206,62.441,23.082,39.734,43.307,49.183,47.05,41.671,20.889
60,0.24465,3686.6,4472.9,9.4408,27.116,42.127,2718.1,75.543,120.39,0.33774,79.781,50.96,2647.2,24.621,48.887,3112.2,22.21,65.521,228.9,343.75,94.487,77.273,32.135,9.0556,26.328,6.8093,18.7,1.6233,32.993,13.884,23.993,1.0862,18.29,2.2923,4.8924,2.2912,0.015011,0.80866,0.086374,54.006,43.484,61.958,54.312,24.284,62.222,23.255,39.293,40.924,43.958,46.915,40.523,19.867
61,0.25309,3680.2,4511.9,9.448,26.642,42.275,2718.1,75.576,120.4,0.34652,79.673,51.661,2647.5,25.259,49.809,3112.9,22.649,65.46,228.32,344.05,94.65,77.012,32.396,8.7853,26.663,6.7401,18.525,1.6413,33.171,13.697,24.579,1.3254,18.144,2.2586,4.8614,2.2987,0.022574,0.81776,0.10277,54.036,43.769,63.352,53.887,24.93,58.838,22.901,40.444,42.987,46.092,46.418,41.348,18.856
62,0.25485,3708.9,4510.9,9.5058,26.953,42.646,2717.1,75.075,120.4,0.34376,79.653,50.163,2646.0,25.966,48.392,3113.4,23.251,65.403,227.64,343.41,94.403,77.442,32.396,8.7853,26.663,6.7401,18.525,1.6413,33.171,13.697,24.579,1.3254,18.144,2.2586,4.8614,2.2987,0.022574,0.81776,0.10277,54.036,43.769,62.858,53.899,24.757,60.277,22.848,40.78,38.58,42.813,46.17,41.022,17.403
63,0.22622,3691.2,4514.0,9.3726,26.946,42.153,2719.6,74.946,120.42,0.32504,79.898,50.113,2649.0,23.366,50.643,3114.7,22.379,65.391,225.5,343.65,94.56,77.52,32.086,9.1281,26.971,6.8202,18.279,1.6487,33.001,13.78,24.452,1.3223,17.868,2.2395,4.8029,2.3266,0.022574,0.81776,0.10277,54.036,43.769,63.87,54.32,22.443,61.104,22.922,37.992,38.431,48.022,46.055,41.659,19.459
64,0.22638,3716.1,4502.7,9.507,26.784,42.5,2717.4,75.08,120.41,0.32272,79.806,51.773,2646.9,25.849,50.058,3112.7,22.273,65.399,223.34,343.58,94.221,76.904,32.086,9.1281,26.971,6.8202,18.279,1.6487,33.001,13.78,24.452,1.3223,17.868,2.2395,4.8029,2.3266,0.022574,0.81776,0.10277,54.036,43.769,63.441,54.455,22.427,61.004,22.771,38.275,43.317,46.668,45.938,41.424,19.753
65,0.25613,3722.6,4591.9,9.3261,26.926,42.733,2716.2,75.088,120.41,0.33326,79.63,50.887,2645.1,25.31,52.598,3111.8,23.622,65.327,224.49,343.62,94.673,77.11,32.534,8.8295,26.546,6.9379,18.395,1.6605,33.168,13.498,24.72,1.2328,18.592,2.25,4.8225,2.2134,0.022574,0.81776,0.10277,54.036,43.769,62.723,54.054,25.303,61.983,22.728,39.091,40.71,52.546,45.531,40.937,16.552
66,0.2569,3685.2,4567.5,9.5219,26.927,42.634,2716.1,75.017,120.39,0.33211,79.717,51.245,2644.7,25.266,49.74,3112.0,22.954,65.294,224.26,343.07,94.334,77.097,32.534,8.8295,26.546,6.9379,18.395,1.6605,33.168,13.498,24.72,1.2328,18.592,2.25,4.8225,2.2134,0.019864,0.84167,0.09656,53.633,44.009,63.367,54.346,25.227,60.371,22.785,39.232,41.764,45.931,45.441,41.209,18.144
67,0.21166,3681.2,4519.2,9.391,26.289,42.176,2717.9,74.324,120.38,0.29621,79.875,50.302,2647.8,27.188,49.547,3112.2,23.53,65.277,224.22,343.29,94.649,77.485,32.199,8.9265,26.796,6.9703,18.593,1.6377,33.456,13.589,24.684,1.3002,18.203,2.2657,4.8534,2.2301,0.019864,0.84167,0.09656,53.633,44.009,62.407,54.712,20.897,59.287,22.777,35.795,38.988,45.485,45.223,40.96,16.744
68,0.21232,3647.7,4555.2,9.4411,27.409,42.332,2716.7,75.657,120.38,0.29871,79.812,50.447,2645.6,24.919,49.888,3112.6,22.905,65.316,223.75,342.94,94.496,77.028,32.199,8.9265,26.796,6.9703,18.593,1.6377,33.456,13.589,24.684,1.3002,18.203,2.2657,4.8534,2.2301,0.019864,0.84167,0.09656,53.633,44.009,62.983,54.281,20.832,60.397,22.921,35.489,39.415,46.275,45.044,41.396,18.259
69,0.24409,3623.7,4538.1,9.2539,26.764,42.285,2717.0,75.627,120.38,0.31158,79.798,49.816,2646.2,26.182,49.698,3112.9,23.784,65.276,221.27,343.1,94.637,77.296,31.936,8.8904,26.644,6.8608,18.552,1.6763,32.567,13.715,24.248,1.2828,18.217,2.2486,4.7815,2.198,0.019864,0.84167,0.09656,53.633,44.009,63.044,54.05,23.708,59.641,22.594,35.944,37.559,45.835,45.047,41.179,16.158
70,0.24239,3636.5,4515.2,9.3312,27.2,42.446,2718.7,75.308,120.4,0.30873,79.904,51.019,2648.2,25.413,51.453,3114.7,22.941,65.267,220.4,343.04,94.697,77.223,31.936,8.8904,26.644,6.8608,18.552,1.6763,32.567,13.715,24.248,1.2828,18.217,2.2486,4.7815,2.198,0.019864,0.84167,0.09656,53.633,44.009,62.823,54.324,23.874,61.814,23.04,36.292,41.099,49.896,44.906,41.607,18.153
71,0.26856,3664.0,4546.6,9.3709,27.03,42.017,2719.1,74.833,120.41,0.32212,79.816,50.517,2648.2,26.165,50.191,3113.4,22.738,65.269,223.45,343.06,94.488,76.933,32.292,8.7642,26.565,6.8064,18.952,1.5978,32.385,13.694,24.569,1.3399,18.129,2.2374,4.7747,2.2765,0.042241,0.8431,0.10334,52.748,43.67,63.278,54.082,26.558,61.274,23.098,37.778,39.62,46.975,45.015,40.469,18.658
72,0.27009,3673.6,4591.7,9.3996,26.718,41.973,2717.8,75.364,120.41,0.32082,79.68,49.74,2647.3,25.129,50.157,3112.9,24.066,65.217,221.06,342.97,94.563,77.109,32.292,8.7642,26.565,6.8064,18.952,1.5978,32.385,13.694,24.569,1.3399,18.129,2.2374,4.7747,2.2765,0.042241,0.8431,0.10334,52.748,43.67,63.114,53.542,26.408,60.146,22.918,37.936,37.336,46.896,45.274,41.762,15.506
73,0.23547,3651.6,4474.1,9.4289,27.081,42.361,2717.0,75.742,120.4,0.31946,79.756,50.649,2645.9,24.417,50.393,3112.4,22.019,65.23,223.93,342.77,94.533,77.111,32.219,8.7743,26.622,6.6518,18.541,1.6229,32.802,13.712,24.473,1.2119,18.285,2.287,4.8971,2.2345,0.042241,0.8431,0.10334,52.748,43.67,64.015,53.971,23.199,59.319,22.791,37.354,40.011,47.444,45.062,40.767,20.371
74,0.23563,3726.2,4453.9,9.2825,27.301,42.591,2716.4,75.908,120.42,0.31405,79.78,49.22,2645.7,25.512,50.141,3110.9,23.21,65.225,222.86,343.09,94.557,77.404,32.219,8.7743,26.622,6.6518,18.541,1.6229,32.802,13.712,24.473,1.2119,18.285,2.287,4.8971,2.2345,0.042241,0.8431,0.10334,52.748,43.67,62.73,54.213,23.184,62.133,23.304,38.014,35.805,46.859,45.202,41.332,17.523
75,0.24219,3736.0,4538.8,9.4231,27.284,42.422,2715.1,75.34,120.42,0.32097,79.875,51.513,2644.8,24.912,47.642,3112.4,22.036,65.253,224.75,342.24,94.462,77.28,32.19,8.8989,26.803,6.8503,18.779,1.6522,32.84,13.892,24.631,1.2746,18.683,2.289,4.7713,2.2842,0.042241,0.8431,0.10334,52.748,43.67,64.062,54.212,23.782,61.561,22.717,37.477,42.553,41.076,45.075,41.038,20.31
76,0.24042,3710.5,4496.0,9.3355,26.615,42.069,2712.2,74.977,120.41,0.31627,79.802,51.285,2641.0,24.904,49.356,3110.4,22.236,65.292,223.35,342.05,94.314,77.056,32.19,8.8989,26.803,6.8503,18.779,1.6522,32.84,13.892,24.631,1.2746,18.683,2.289,4.7713,2.2842,0.029019,0.84678,0.093004,53.911,43.438,64.503,54.724,23.957,60.437,22.296,38.05,41.881,45.044,45.289,41.46,19.848
77,0.24702,3688.5,4493.9,9.193,26.634,42.557,2709.5,75.787,120.4,0.34067,79.714,48.151,2637.7,23.692,50.538,3106.3,23.677,65.285,225.8,341.69,94.59,76.951,32.303,9.0085,26.435,6.9539,18.598,1.67,32.872,13.798,24.519,1.1956,18.415,2.2446,4.8248,2.1907,0.029019,0.84678,0.093004,53.911,43.438,63.262,54.184,23.83,60.61,22.301,39.853,32.657,47.78,45.133,41.164,16.454
78,0.24467,3687.8,4568.7,9.3305,27.055,41.967,2709.7,75.854,120.41,0.33911,79.911,49.481,2639.2,24.026,49.009,3105.0,22.608,65.316,222.66,341.87,94.508,77.09,32.303,9.0085,26.435,6.9539,18.598,1.67,32.872,13.798,24.519,1.1956,18.415,2.2446,4.8248,2.1907,0.029019,0.84678,0.093004,53.911,43.438,63.276,53.289,24.06,62.0,22.719,40.043,36.574,44.241,45.475,41.687,18.977
79,0.23239,3666.5,4511.2,9.3622,26.572,42.196,2708.3,75.035,120.37,0.32958,79.848,48.327,2636.5,24.778,51.159,3104.5,22.26,65.331,223.15,341.5,94.716,77.093,32.193,8.9635,26.917,6.9387,18.838,1.6466,33.0,13.798,24.164,1.2537,18.689,2.242,4.7954,2.3483,0.029019,0.84678,0.093004,53.911,43.438,62.714,54.437,23.004,60.207,22.374,38.738,33.176,49.216,45.491,40.813,19.814
80,0.23106,3676.6,4572.8,9.3983,26.882,42.241,2707.9,75.031,120.4,0.32524,79.867,50.488,2636.8,22.807,49.622,3103.7,23.546,65.331,222.72,341.17,94.603,77.283,32.193,8.9635,26.917,6.9387,18.838,1.6466,33.0,13.798,24.164,1.2537,18.689,2.242,4.7954,2.3483,0.029019,0.84678,0.093004,53.911,43.438,62.539,53.699,23.135,59.049,22.503,39.267,39.537,45.659,45.592,41.063,16.75
81,0.24496,3665.1,4511.5,9.3772,26.968,41.806,2707.8,75.658,120.39,0.3269,79.893,50.544,2636.3,26.539,50.606,3104.8,22.914,65.365,222.92,341.17,94.679,77.03,32.29,8.9045,26.279,6.7798,18.925,1.6929,33.556,13.869,23.899,1.3225,18.688,2.3017,4.9575,2.3544,0.01507,0.83281,0.11239,52.641,43.926,62.81,53.854,23.727,61.508,22.27,39.021,39.7,47.935,45.742,40.607,18.265
82,0.24492,3684.6,4502.5,9.259,26.728,42.005,2708.9,75.42,120.4,0.32427,80.019,48.785,2637.5,24.561,48.7,3104.1,22.533,65.413,223.9,341.04,94.824,77.1,32.29,8.9045,26.279,6.7798,18.925,1.6929,33.556,13.869,23.899,1.3225,18.688,2.3017,4.9575,2.3544,0.01507,0.83281,0.11239,52.641,43.926,62.475,53.961,23.732,61.498,22.271,39.342,34.526,43.525,45.76,40.988,19.168
83,0.2323,3716.0,4458.4,9.2138,26.902,42.147,2706.7,75.486,120.39,0.33432,79.954,49.027,2634.8,23.627,50.433,3104.0,23.709,65.42,224.96,340.57,94.537,77.297,32.188,9.0864,26.695,6.8987,19.054,1.6401,32.844,13.951,24.498,1.1862,18.89,2.2944,4.7812,2.2671,0.01507,0.83281,0.11239,52.641,43.926,63.351,54.258,23.015,60.311,21.993,40.047,35.238,47.537,45.772,40.335,16.363
84,0.23337,3689.6,4522.6,9.3082,26.9,42.549,2704.8,75.576,120.43,0.33751,79.969,50.349,2633.0,26.457,51.814,3102.4,21.886,65.448,224.81,340.37,94.632,77.286,32.188,9.0864,26.695,6.8987,19.054,1.6401,32.844,13.951,24.498,1.1862,18.89,2.2944,4.7812,2.2671,0.01507,0.83281,0.11239,52.641,43.926,63.805,53.49,22.91,60.824,22.001,39.658,39.128,50.731,45.888,41.9,20.694
85,0.2415,3664.7,4463.5,9.3607,27.01,42.334,2701.6,75.727,120.36,0.34395,79.955,51.899,2629.4,25.209,50.313,3100.5,22.592,65.464,222.23,339.81,94.612,76.902,32.161,8.9616,26.736,6.6392,18.759,1.6248,32.842,13.751,24.072,1.1639,18.986,2.2744,4.7869,2.2267,0.01507,0.83281,0.11239,52.641,43.926,63.229,53.844,23.948,61.019,21.945,41.196,43.69,47.259,46.223,40.294,19.051
86,0.24309,3676.4,4492.1,9.16,26.942,42.413,2700.9,74.902,120.41,0.34569,79.822,50.017,2629.4,26.588,49.466,3098.3,23.417,65.42,225.65,340.11,94.816,76.952,32.161,8.9616,26.736,6.6392,18.759,1.6248,32.842,13.751,24.072,1.1639,18.986,2.2744,4.7869,2.2267,0.011803,0.84204,0.10959,53.36,43.819,63.028,53.502,23.792,63.81,21.86,40.984,38.15,45.298,45.673,41.156,17.111
87,0.2451,3741.2,4527.0,9.3362,26.832,42.87,2704.2,74.091,120.4,0.32458,80.145,50.478,2632.7,25.709,48.909,3101.1,23.095,65.415,225.23,340.4,94.558,77.604,32.27,9.0789,26.735,6.8996,19.12,1.6528,32.67,13.984,24.3,1.22,18.852,2.2357,4.7465,2.2401,0.011803,0.84204,0.10959,53.36,43.819,64.296,53.785,24.129,60.482,22.07,38.239,39.507,44.01,45.664,40.739,17.829
88,0.24368,3718.3,4493.0,9.1726,27.181,41.895,2704.1,74.731,120.42,0.32437,80.384,50.457,2633.5,25.252,50.198,3103.3,23.189,65.508,223.64,339.71,94.341,77.444,32.27,9.0789,26.735,6.8996,19.12,1.6528,32.67,13.984,24.3,1.22,18.852,2.2357,4.7465,2.2401,0.011803,0.84204,0.10959,53.36,43.819,64.69,54.192,24.269,62.039,21.846,38.263,39.446,46.992,45.753,40.895,17.587
89,0.23368,3700.0,4481.0,9.29,26.938,42.277,2701.1,75.593,120.39,0.34919,80.399,48.015,2629.4,24.905,51.21,3099.8,22.825,65.584,222.96,339.07,94.55,77.545,31.722,8.9107,25.973,6.8313,18.304,1.6257,32.847,13.63,24.092,1.3742,18.551,2.3111,4.7614,2.2535,0.011803,0.84204,0.10959,53.36,43.819,62.828,53.423,23.133,61.604,21.804,41.534,32.259,49.335,45.756,40.831,18.432
90,0.23504,3675.3,4475.2,9.2262,26.607,42.316,2698.9,75.545,120.41,0.34952,80.32,50.346,2627.3,23.959,48.982,3097.6,22.725,65.65,221.79,338.94,94.631,77.175,31.722,8.9107,25.973,6.8313,18.304,1.6257,32.847,13.63,24.092,1.3742,18.551,2.3111,4.7614,2.2535,0.011803,0.84204,0.10959,53.36,43.819,63.252,53.493,22.999,61.318,21.439,41.494,39.118,44.177,45.803,41.475,18.688
91,0.28908,3723.2,4596.8,9.239,26.947,42.099,2697.1,74.462,120.38,0.30808,80.049,49.253,2625.5,25.691,49.405,3097.4,23.247,65.607,222.6,338.55,94.693,77.029,31.689,8.8793,26.266,6.8474,19.164,1.6762,32.836,13.75,24.47,1.2443,18.742,2.247,4.7901,2.3388,0.011923,0.85475,0.11669,53.253,43.916,63.043,54.051,28.507,60.574,21.424,37.039,35.901,45.157,45.918,41.203,17.48
92,0.28869,3674.3,4533.7,9.2493,27.04,42.27,2698.8,75.171,120.39,0.31017,80.068,51.833,2627.2,25.654,50.838,3098.3,22.352,65.55,224.47,338.98,94.531,77.183,31.689,8.8793,26.266,6.8474,19.164,1.6762,32.836,13.75,24.47,1.2443,18.742,2.247,4.7901,2.3388,0.011923,0.85475,0.11669,53.253,43.916,63.884,54.807,28.546,60.527,21.796,36.784,43.493,48.474,45.804,40.804,19.603
93,0.29682,3680.6,4497.3,9.3325,26.868,42.27,2699.7,75.163,120.39,0.32066,80.265,50.77,2627.7,25.096,50.457,3099.2,22.116,65.554,223.1,338.71,94.589,77.37,31.206,9.1828,26.822,6.9054,18.69,1.701,32.552,13.966,23.386,1.3614,19.072,2.2955,4.8987,2.3242,0.011923,0.85475,0.11669,53.253,43.916,63.675,53.138,29.348,60.698,21.459,38.521,40.365,47.591,45.979,41.379,20.146
94,0.29701,3697.1,4457.4,9.3883,27.023,42.041,2699.0,75.207,120.41,0.31903,80.244,49.053,2626.8,24.582,49.021,3098.9,22.475,65.584,223.82,338.69,94.583,77.258,31.206,9.1828,26.822,6.9054,18.69,1.701,32.552,13.966,23.386,1.3614,19.072,2.2955,4.8987,2.3242,0.011923,0.85475,0.11669,53.253,43.916,63.392,53.616,29.329,62.498,21.649,38.72,35.314,44.268,45.965,41.155,19.299
95,0.35122,3686.7,4533.8,9.187,26.662,42.084,2698.4,75.205,120.4,0.3499,80.192,48.767,2626.0,24.352,50.796,3100.0,22.62,65.592,226.46,338.55,94.537,76.981,32.1,9.0532,26.37,6.9302,19.112,1.646,32.145,13.891,23.704,1.0446,18.569,2.2274,4.7835,2.3199,0.011923,0.85475,0.11669,53.253,43.916,63.067,53.837,34.7,62.551,20.985,40.8,34.472,48.375,45.779,41.53,18.977
96,0.35266,3701.9,4489.7,9.396,26.745,42.485,2698.0,75.582,120.41,0.34787,80.079,52.147,2626.3,25.37,49.301,3098.8,22.94,65.554,226.25,339.05,94.609,77.345,32.1,9.0532,26.37,6.9302,19.112,1.646,32.145,13.891,23.704,1.0446,18.569,2.2274,4.7835,2.3199,0.036279,0.84565,0.11343,53.988,43.79,62.805,54.366,34.557,60.318,21.371,41.048,44.418,44.917,46.199,41.087,18.216
97,0.27124,3688.9,4476.6,9.2471,27.162,42.235,2698.6,75.934,120.4,0.33965,80.245,51.481,2627.9,25.628,48.62,3097.5,23.522,65.569,225.9,339.32,94.621,77.289,32.194,9.1294,26.345,6.8978,19.032,1.6493,32.531,13.931,23.322,1.3319,18.645,2.2546,4.8918,2.2842,0.036279,0.84565,0.11343,53.988,43.79,62.777,53.466,26.66,61.109,21.988,40.188,42.459,43.341,46.431,41.025,16.833
98,0.27134,3672.1,4458.1,9.1651,27.158,42.015,2697.8,74.805,120.41,0.33834,80.273,48.912,2626.5,25.281,51.358,3097.4,22.777,65.608,228.17,339.39,94.637,77.401,32.194,9.1294,26.345,6.8978,19.032,1.6493,32.531,13.931,23.322,1.3319,18.645,2.2546,4.8918,2.2842,0.036279,0.84565,0.11343,53.988,43.79,63.067,53.688,26.65,62.128,21.769,40.347,34.899,49.676,46.429,41.215,18.584
99,0.26406,3673.7,4453.1,9.3897,27.153,42.432,2697.7,75.001,120.39,0.34088,80.315,49.41,2625.1,26.164,51.501,3097.5,23.857,65.67,226.5,338.95,94.722,77.425,32.076,8.9448,26.295,6.9031,19.115,1.7143,32.181,13.94,23.87,1.1193,19.09,2.2541,4.8498,2.3059,0.036279,0.84565,0.11343,53.988,43.79,63.292,53.894,25.654,59.399,21.569,41.248,36.363,50.007,46.776,40.99,16.01
100,0.26453,3648.4,4483.1,9.2474,26.546,42.528,2697.4,74.756,120.41,0.34352,80.405,50.269,2625.1,24.611,49.725,3097.1,22.199,65.715,228.67,338.74,94.615,77.213,32.076,8.9448,26.295,6.9031,19.115,1.7143,32.181,13.94,23.87,1.1193,19.09,2.2541,4.8498,2.3059,0.036279,0.84565,0.11343,53.988,43.79,63.728,53.535,25.608,62.342,21.108,40.926,38.892,45.897,46.777,41.262,19.953
101,0.27386,3675.9,4471.9,9.4105,26.669,42.31,2695.4,75.169,120.39,0.34203,80.305,50.488,2624.2,26.163,51.179,3094.4,22.755,65.757,226.39,339.27,94.751,77.386,32.308,9.0751,26.53,7.0714,18.916,1.638,32.648,14.093,24.152,1.2551,18.529,2.2203,4.9951,2.2919,0.012988,0.85477,0.10159,53.862,43.306,63.192,53.417,27.046,60.451,21.656,41.519,39.535,49.264,46.969,40.578,18.625
102,0.27467,3657.3,4443.8,9.3827,26.852,42.353,2696.9,75.558,120.4,0.34522,80.476,51.791,2625.5,25.448,50.397,3095.3,23.516,65.783,227.99,339.17,94.487,77.405,32.308,9.0751,26.53,7.0714,18.916,1.638,32.648,14.093,24.152,1.2551,18.529,2.2203,4.9951,2.2919,0.012988,0.85477,0.10159,53.862,43.306,63.511,53.753,26.966,61.497,21.607,41.131,43.37,47.453,46.93,41.297,16.8
103,0.25337,3606.1,4455.2,9.333,27.021,42.568,2695.4,75.421,120.37,0.3646,80.495,49.006,2623.4,23.615,49.319,3093.9,22.018,65.814,229.71,339.07,94.867,77.455,31.695,8.8316,26.087,6.9932,18.973,1.6332,32.427,13.858,24.037,1.2525,18.751,2.2739,4.8799,2.3657,0.012988,0.85477,0.10159,53.862,43.306,62.816,54.064,24.65,61.184,21.759,43.129,35.175,44.958,46.877,40.342,20.334
104,0.25229,3612.0,4443.3,9.2616,27.059,42.706,2691.2,74.844,120.39,0.36057,80.181,49.088,2618.5,27.976,50.541,3090.8,22.553,65.821,229.37,339.38,94.735,76.913,31.695,8.8316,26.087,6.9932,18.973,1.6332,32.427,13.858,24.037,1.2525,18.751,2.2739,4.8799,2.3657,0.012988,0.85477,0.10159,53.862,43.306,62.715,54.207,24.756,60.94,21.446,43.621,35.416,47.787,47.011,40.52,19.122
105,0.31314,3643.0,4478.2,9.3671,27.209,42.478,2692.2,74.984,120.41,0.33401,80.035,51.417,2619.7,27.684,48.223,3091.8,22.685,65.74,228.7,339.26,94.945,77.144,31.683,8.93,26.338,7.0384,19.123,1.6716,32.987,14.104,23.737,1.1414,19.456,2.2571,4.908,2.3037,0.012988,0.85477,0.10159,53.862,43.306,62.725,53.621,30.799,59.757,21.611,40.802,42.271,42.423,47.179,40.622,18.826
106,0.31197,3629.3,4486.1,9.2039,26.524,42.449,2696.9,74.306,120.38,0.33635,80.287,49.83,2625.2,27.57,49.705,3094.9,23.532,65.724,229.93,339.94,94.644,77.598,31.683,8.93,26.338,7.0384,19.123,1.6716,32.987,14.104,23.737,1.1414,19.456,2.2571,4.908,2.3037,0.028124,0.85257,0.10004,54.124,43.95,62.961,53.526,30.914,61.368,21.635,40.517,37.599,45.852,47.436,40.259,16.775
107,0.31905,3630.0,4453.8,9.3487,26.934,42.219,2699.3,75.54,120.42,0.3631,80.505,50.857,2628.0,24.215,50.767,3097.5,23.239,65.78,228.84,339.79,94.645,77.696,32.568,9.008,26.245,7.0689,19.041,1.622,32.782,13.806,23.875,1.2047,18.809,2.223,4.9834,2.37,0.028124,0.85257,0.10004,54.124,43.95,62.427,53.498,31.469,63.359,21.942,44.083,40.623,48.31,47.748,41.178,17.441
108,0.31831,3586.7,4484.8,9.4172,26.839,42.366,2703.6,74.878,120.41,0.36545,80.704,51.669,2632.4,25.543,50.951,3099.5,24.04,65.897,231.45,340.95,94.72,77.616,32.568,9.008,26.245,7.0689,19.041,1.622,32.782,13.806,23.875,1.2047,18.809,2.223,4.9834,2.37,0.028124,0.85257,0.10004,54.124,43.95,63.173,53.127,31.542,61.411,22.218,43.796,43.011,48.736,47.725,40.952,15.511
109,0.23454,3583.2,4453.1,9.4125,27.061,42.306,2701.6,74.116,120.39,0.3337,80.581,49.596,2629.4,24.766,51.531,3099.0,22.847,65.969,232.31,340.91,94.634,77.433,31.934,9.0626,26.178,6.9242,18.69,1.6333,32.763,13.649,23.662,1.3855,18.87,2.296,4.8675,2.3175,0.028124,0.85257,0.10004,54.124,43.95,62.803,53.657,23.07,61.857,22.074,39.886,36.911,50.076,47.855,40.086,18.339
110,0.23416,3623.3,4444.8,9.4562,26.995,42.265,2701.5,74.842,120.4,0.33452,80.459,49.119,2629.6,25.662,48.921,3098.1,22.077,65.971,230.73,341.28,94.793,77.372,31.934,9.0626,26.178,6.9242,18.69,1.6333,32.763,13.649,23.662,1.3855,18.87,2.296,4.8675,2.3175,0.028124,0.85257,0.10004,54.124,43.95,62.114,53.756,23.107,60.461,22.058,39.787,35.509,44.036,48.205,41.228,20.164
111,0.29492,3601.6,4509.7,9.3493,26.895,42.096,2700.0,74.172,120.38,0.31319,80.075,48.725,2628.6,26.159,49.908,3099.2,22.788,65.926,231.62,341.33,94.738,76.987,32.196,8.8875,26.464,6.8631,19.318,1.6154,32.454,13.853,24.083,1.3417,18.575,2.2868,4.9413,2.3442,0.025527,0.84048,0.096417,53.671,44.254,63.647,53.826,29.064,61.939,21.838,38.04,34.346,46.322,48.314,41.356,18.53
112,0.29622,3677.8,4502.5,9.4869,26.708,42.526,2701.9,73.427,120.43,0.3154,79.897,48.177,2630.9,25.286,51.341,3098.7,22.174,65.849,233.41,341.97,94.622,76.813,32.196,8.8875,26.464,6.8631,19.318,1.6154,32.454,13.853,24.083,1.3417,18.575,2.2868,4.9413,2.3442,0.025527,0.84048,0.096417,53.671,44.254,62.337,53.912,28.935,60.771,22.274,37.77,32.735,49.637,48.363,41.166,20.022
113,0.27087,3662.2,4407.4,9.3958,27.105,42.413,2703.1,73.886,120.41,0.33866,79.942,50.783,2631.8,26.744,49.621,3099.0,23.109,65.764,235.18,342.06,94.7,77.353,32.328,9.059,26.324,6.8029,18.381,1.6788,33.107,13.842,23.707,1.1815,18.668,2.2772,4.8773,2.3141,0.025527,0.84048,0.096417,53.671,44.254,63.13,53.471,26.695,62.061,22.513,40.292,40.404,45.657,48.416,40.595,17.774
114,0.2722,3663.9,4429.4,9.3915,27.227,42.005,2705.9,74.523,120.46,0.33892,80.268,51.516,2634.7,25.702,49.404,3101.3,23.404,65.82,233.45,342.59,94.489,77.515,32.328,9.059,26.324,6.8029,18.381,1.6788,33.107,13.842,23.707,1.1815,18.668,2.2772,4.8773,2.3141,0.025527,0.84048,0.096417,53.671,44.254,63.1,53.207,26.564,60.92,22.739,40.26,42.561,45.155,48.776,41.679,17.041
115,0.25664,3692.2,4528.0,9.4383,26.913,42.027,2706.5,74.315,120.4,0.33967,80.33,48.925,2636.1,23.989,49.175,3102.6,24.083,65.889,234.95,342.81,94.406,77.615,32.319,8.9215,25.999,6.9128,18.476,1.6407,33.019,13.836,23.666,1.1906,18.894,2.2903,4.8935,2.3271,0.025527,0.84048,0.096417,53.671,44.254,63.188,54.314,25.43,59.737,22.547,39.918,34.937,44.625,48.841,41.22,15.406
116,0.25614,3685.1,4528.6,9.2207,27.317,42.306,2704.2,74.922,120.44,0.34027,80.124,50.738,2632.9,24.534,49.306,3103.1,21.643,65.898,234.2,342.23,94.473,77.26,32.319,8.9215,25.999,6.9128,18.476,1.6407,33.019,13.836,23.666,1.1906,18.894,2.2903,4.8935,2.3271,-0.0074355,0.8257,0.089782,54.275,44.001,63.31,54.307,25.479,62.669,22.324,39.844,40.272,44.929,48.819,42.666,21.229
117,0.25866,3656.7,4537.0,9.285,26.815,42.32,2704.5,73.718,120.4,0.33896,80.08,50.296,2634.4,26.711,49.889,3100.4,22.643,65.906,236.44,342.66,94.486,77.399,32.629,8.9594,26.079,6.8227,18.702,1.6679,33.162,13.742,24.315,1.1643,18.877,2.2923,4.8772,2.3096,-0.0074355,0.8257,0.089782,54.275,44.001,62.858,54.031,25.135,61.7,22.297,39.869,38.972,46.277,48.693,41.513,18.846
118,0.25807,3657.5,4494.5,9.3881,26.665,42.586,2705.2,74.96,120.41,0.33946,80.057,51.101,2634.2,24.727,51.08,3101.3,23.704,65.893,238.02,342.74,94.659,77.383,32.629,8.9594,26.079,6.8227,18.702,1.6679,33.162,13.742,24.315,1.1643,18.877,2.2923,4.8772,2.3096,-0.0074355,0.8257,0.089782,54.275,44.001,62.845,54.54,25.193,61.68,22.115,39.807,41.34,49.033,48.63,41.566,16.327
119,0.22201,3700.8,4451.7,9.3651,26.601,42.387,2705.5,74.866,120.38,0.32928,80.218,50.027,2634.8,23.36,49.836,3102.2,22.275,65.901,237.47,342.47,94.414,77.511,32.281,8.7966,26.168,6.9934,18.581,1.6473,33.002,13.818,23.848,1.231,18.61,2.2637,4.8398,2.2434,-0.0074355,0.8257,0.089782,54.275,44.001,62.902,54.53,22.249,62.218,22.484,38.469,38.179,46.155,48.753,41.419,19.699
120,0.22386,3680.7,4507.7,9.3854,26.639,42.197,2705.1,75.273,120.41,0.32911,80.113,51.551,2634.4,26.547,50.848,3101.5,22.682,65.929,235.86,342.52,94.58,77.326,32.281,8.7966,26.168,6.9934,18.581,1.6473,33.002,13.818,23.848,1.231,18.61,2.2637,4.8398,2.2434,-0.0074355,0.8257,0.089782,54.275,44.001,63.249,53.859,22.068,61.356,22.47,38.49,42.665,48.497,48.971,41.613,18.746
121,0.25623,3633.0,4510.0,9.3979,27.127,42.085,2706.1,74.564,120.39,0.33284,80.148,50.457,2635.4,26.422,49.968,3102.1,22.882,65.949,235.64,342.91,94.529,77.324,32.386,8.806,25.938,6.8482,18.488,1.6776,33.232,13.741,23.614,1.1946,18.575,2.2714,4.8628,2.2768,-0.00020477,0.83546,0.10271,54.161,43.029,62.547,54.152,24.96,63.303,22.567,39.995,39.445,46.461,48.68,41.53,18.266
122,0.25473,3609.0,4537.0,9.3186,27.112,42.397,2706.7,74.056,120.39,0.33457,80.113,49.136,2635.1,23.344,49.551,3102.6,23.058,65.925,235.52,342.74,94.69,77.48,32.386,8.806,25.938,6.8482,18.488,1.6776,33.232,13.741,23.614,1.1946,18.575,2.2714,4.8628,2.2768,-0.00020477,0.83546,0.10271,54.161,43.029,62.96,53.83,25.108,62.586,22.54,39.785,35.558,45.494,48.599,41.441,17.833
123,0.24598,3650.5,4509.0,9.436,26.965,42.206,2706.5,74.867,120.41,0.32908,80.013,50.384,2635.7,25.956,50.481,3103.5,23.079,65.906,235.73,342.7,94.545,76.921,32.312,8.753,26.433,7.0476,18.177,1.7003,33.471,13.846,23.422,1.3568,18.466,2.2621,4.8777,2.3184,-0.00020477,0.83546,0.10271,54.161,43.029,63.483,54.431,23.674,62.072,22.574,38.337,39.231,47.648,48.489,41.311,17.826
124,0.24132,3680.2,4496.8,9.3664,27.061,42.524,2705.4,74.35,120.4,0.32785,79.811,52.166,2635.1,25.653,49.861,3102.1,23.07,65.84,235.07,342.83,94.612,77.271,32.312,8.753,26.433,7.0476,18.177,1.7003,33.471,13.846,23.422,1.3568,18.466,2.2621,4.8777,2.3184,-0.00020477,0.83546,0.10271,54.161,43.029,62.973,54.578,24.133,61.469,22.587,38.487,44.475,46.213,48.461,40.75,17.846
125,0.24899,3603.1,4579.1,9.5443,26.979,42.197,2707.7,74.876,120.38,0.33784,79.978,50.853,2637.1,25.097,49.806,3103.5,23.011,65.782,236.49,343.1,94.541,77.504,32.237,8.9371,26.079,6.8589,18.672,1.6541,32.669,13.781,23.725,1.1177,18.713,2.2397,4.8758,2.2743,-0.00020477,0.83546,0.10271,54.161,43.029,62.488,54.432,24.459,61.233,22.758,40.035,40.611,46.084,48.249,40.93,17.971
126,0.24794,3600.3,4577.8,9.3561,27.437,42.371,2711.6,75.581,120.41,0.33614,80.133,48.444,2640.5,25.525,48.827,3106.1,22.745,65.8,234.41,343.39,94.661,77.503,32.237,8.9371,26.079,6.8589,18.672,1.6541,32.669,13.781,23.725,1.1177,18.713,2.2397,4.8758,2.2743,0.017541,0.8192,0.10621,54.067,44.177,62.536,54.447,24.562,64.03,23.024,40.242,33.521,43.819,48.587,41.741,18.58
127,0.25628,3693.3,4498.9,9.4004,26.779,42.345,2714.4,75.68,120.41,0.33222,80.323,49.758,2643.7,24.876,49.808,3109.8,23.433,65.868,234.31,343.52,94.595,77.717,32.554,8.8809,26.596,6.8825,18.936,1.6938,33.277,13.812,23.871,1.4262,18.433,2.2549,4.8885,2.2858,0.017541,0.8192,0.10621,54.067,44.177,62.523,54.236,24.986,61.813,22.855,38.961,37.387,46.089,48.608,41.668,16.904
128,0.25685,3645.4,4495.2,9.534,26.99,42.693,2713.4,75.21,120.4,0.33086,80.227,50.882,2641.5,23.596,50.412,3109.7,22.871,65.915,236.15,343.17,94.387,77.297,32.554,8.8809,26.596,6.8825,18.936,1.6938,33.277,13.812,23.871,1.4262,18.433,2.2549,4.8885,2.2858,0.017541,0.8192,0.10621,54.067,44.177,63.348,54.281,24.929,59.885,22.564,39.127,40.694,47.489,48.456,41.241,18.26
129,0.22175,3662.6,4489.3,9.3431,27.351,42.472,2710.2,75.351,120.39,0.33695,79.925,50.99,2639.5,23.686,50.176,3106.6,23.994,65.899,234.36,343.53,94.603,76.93,32.197,8.9359,26.611,6.8742,19.12,1.6284,33.388,13.744,23.948,1.1469,18.478,2.2377,4.7377,2.3225,0.017541,0.8192,0.10621,54.067,44.177,62.856,53.697,21.941,60.337,22.885,39.172,41.014,46.94,48.628,41.52,15.629
130,0.22067,3693.1,4515.4,9.2371,27.145,42.693,2709.0,75.079,120.39,0.33606,79.834,48.996,2638.4,23.832,48.29,3103.9,23.064,65.829,236.52,343.69,94.612,77.228,32.197,8.9359,26.611,6.8742,19.12,1.6284,33.388,13.744,23.948,1.1469,18.478,2.2377,4.7377,2.3225,0.017541,0.8192,0.10621,54.067,44.177,62.331,53.384,22.047,62.643,22.819,39.281,35.145,42.577,48.454,41.097,17.832
131,0.25538,3644.9,4471.4,9.4651,27.144,42.562,2710.2,75.066,120.42,0.32757,79.843,49.147,2638.3,24.022,48.057,3105.4,22.982,65.785,233.46,343.36,94.55,77.215,32.314,8.9321,25.758,6.7681,19.203,1.6571,33.132,13.772,24.221,1.1557,18.469,2.2575,4.7599,2.3567,0.025152,0.81916,0.10634,53.902,43.593,63.236,53.417,25.031,61.547,22.688,38.44,35.59,42.038,48.316,41.546,18.036
132,0.25634,3667.0,4450.5,9.5325,26.916,42.029,2710.1,74.634,120.39,0.32696,79.809,48.117,2640.0,26.21,50.222,3105.2,22.182,65.745,234.9,343.76,94.624,77.035,32.314,8.9321,25.758,6.7681,19.203,1.6571,33.132,13.772,24.221,1.1557,18.469,2.2575,4.7599,2.3567,0.025152,0.81916,0.10634,53.902,43.593,62.857,53.668,24.937,60.099,22.92,38.515,32.559,47.047,48.021,40.89,19.959
133,0.24299,3693.9,4489.6,9.453,26.946,41.921,2711.4,74.858,120.4,0.32789,79.917,49.361,2640.5,25.937,50.916,3105.2,23.765,65.698,233.22,344.06,94.5,77.175,32.584,8.8709,26.464,6.8637,18.41,1.5861,33.219,13.816,24.215,1.2564,18.164,2.2892,4.734,2.246,0.025152,0.81916,0.10634,53.902,43.593,63.381,52.931,23.88,62.399,22.838,39.056,36.219,48.653,48.007,41.228,16.188
134,0.24182,3653.1,4444.6,9.2613,26.749,42.558,2712.0,75.401,120.39,0.33039,80.04,49.526,2641.7,24.503,48.921,3105.1,23.772,65.723,234.93,343.91,94.478,77.575,32.584,8.8709,26.464,6.8637,18.41,1.5861,33.219,13.816,24.215,1.2564,18.164,2.2892,4.734,2.246,0.025152,0.81916,0.10634,53.902,43.593,64.084,53.47,23.995,63.276,23.191,38.751,36.706,44.036,47.684,41.794,16.128
135,0.21727,3677.0,4526.9,9.3235,26.662,42.287,2710.9,74.882,120.41,0.33392,80.011,50.879,2640.2,24.692,50.946,3104.7,21.841,65.746,231.78,344.31,94.542,77.468,32.414,8.8297,26.053,6.8317,18.529,1.6506,33.206,13.755,24.068,1.3481,18.419,2.267,4.8354,2.2869,0.025152,0.81916,0.10634,53.902,43.593,62.896,54.427,20.753,64.705,22.971,39.443,40.686,48.723,47.797,41.539,20.715
136,0.21274,3649.5,4564.2,9.4029,26.419,42.558,2709.0,74.56,120.39,0.33891,79.83,50.753,2638.1,24.207,49.886,3104.3,22.617,65.739,231.94,343.89,94.554,76.926,32.414,8.8297,26.053,6.8317,18.529,1.6506,33.206,13.755,24.068,1.3481,18.419,2.267,4.8354,2.2869,0.026846,0.83966,0.089318,53.334,43.816,63.369,53.981,21.198,62.125,22.265,38.834,40.316,46.27,47.585,41.662,18.919
137,0.22772,3678.8,4538.9,9.2246,27.178,42.445,2710.3,74.69,120.41,0.33099,79.858,50.111,2640.4,26.509,50.577,3104.1,23.578,65.68,230.31,343.65,94.579,77.385,32.263,9.0688,26.376,6.7687,18.795,1.6501,33.293,13.855,24.186,1.1536,18.156,2.2598,4.815,2.3119,0.026846,0.83966,0.089318,53.334,43.816,63.178,54.043,22.312,62.748,23.034,38.137,38.425,47.87,47.553,41.675,16.617
138,0.22569,3669.4,4539.8,9.3819,26.993,42.225,2712.4,76.101,120.4,0.32938,80.042,51.192,2641.9,27.346,49.624,3106.3,22.922,65.655,231.81,343.69,94.504,77.524,32.263,9.0688,26.376,6.7687,18.795,1.6501,33.293,13.855,24.186,1.1536,18.156,2.2598,4.815,2.3119,0.026846,0.83966,0.089318,53.334,43.816,63.34,54.032,22.511,59.78,22.967,38.333,41.608,45.664,47.242,41.86,18.151
139,0.24191,3672.7,4517.7,9.2466,26.71,42.322,2711.3,75.129,120.4,0.33851,80.067,50.833,2641.2,25.145,50.951,3107.0,22.227,65.701,231.46,343.43,94.462,77.572,32.237,8.7582,26.236,6.7048,18.447,1.6326,32.898,13.863,23.952,1.2076,17.865,2.227,4.7878,2.2288,0.026846,0.83966,0.089318,53.334,43.816,63.912,53.66,23.492,60.11,22.484,39.847,40.552,48.736,47.092,41.635,19.785
140,0.2408,3683.5,4520.7,9.336,26.998,42.129,2709.5,74.788,120.4,0.33684,79.929,50.603,2638.8,25.054,49.976,3105.0,23.199,65.708,229.78,343.62,94.504,76.866,32.237,8.7582,26.236,6.7048,18.447,1.6326,32.898,13.863,23.952,1.2076,17.865,2.227,4.7878,2.2288,0.026846,0.83966,0.089318,53.334,43.816,63.727,53.625,23.601,59.677,22.816,40.05,39.874,46.479,47.062,41.683,17.533
141,0.24299,3737.6,4491.6,9.2662,27.449,42.119,2707.8,75.156,120.4,0.33671,79.858,49.415,2638.2,26.857,49.154,3104.9,22.697,65.636,230.66,343.37,94.43,77.394,32.114,9.0378,26.287,6.9598,18.836,1.6772,32.941,13.905,24.294,1.4552,18.11,2.2865,4.7984,2.2453,0.027394,0.81071,0.10634,53.597,44.501,63.493,54.855,23.748,61.481,22.69,40.332,36.378,44.576,47.322,41.335,18.703
142,0.24077,3720.4,4522.7,9.2997,26.898,42.249,2709.1,74.858,120.4,0.33685,79.879,51.654,2637.9,25.248,49.279,3104.0,22.021,65.628,233.22,342.69,94.445,77.074,32.114,9.0378,26.287,6.9598,18.836,1.6772,32.941,13.905,24.294,1.4552,18.11,2.2865,4.7984,2.2453,0.027394,0.81071,0.10634,53.597,44.501,63.79,54.482,23.967,60.324,22.853,40.315,42.969,44.866,47.141,41.513,20.331
143,0.25428,3634.5,4479.8,9.356,26.693,42.408,2707.7,74.92,120.39,0.34422,79.886,50.72,2637.5,24.9,48.647,3102.9,23.478,65.607,231.7,343.03,94.563,77.297,32.08,8.7815,26.269,6.9831,18.83,1.6994,33.294,13.81,24.209,1.3632,18.281,2.2557,4.8511,2.2089,0.027394,0.81071,0.10634,53.597,44.501,63.077,54.064,24.999,61.778,22.786,40.653,40.218,43.402,47.324,40.743,16.863
144,0.25222,3672.7,4538.9,9.5167,27.28,42.593,2709.1,74.432,120.38,0.34473,79.996,50.187,2638.1,26.748,50.741,3104.1,23.812,65.637,229.76,343.08,94.52,77.357,32.08,8.7815,26.269,6.9831,18.83,1.6994,33.294,13.81,24.209,1.3632,18.281,2.2557,4.8511,2.2089,0.027394,0.81071,0.10634,53.597,44.501,62.419,53.357,25.202,60.763,22.848,40.591,38.652,48.249,47.544,40.987,16.061
145,0.25997,3652.4,4486.9,9.3753,27.021,42.207,2710.5,74.882,120.4,0.33774,80.058,49.336,2639.8,24.231,48.672,3105.9,23.142,65.687,229.55,343.04,94.7,77.245,32.36,8.9029,26.223,7.0592,18.828,1.6122,33.669,13.993,24.185,1.1487,18.172,2.2308,4.8102,2.2712,0.027394,0.81071,0.10634,53.597,44.501,62.482,53.983,25.277,62.865,22.836,38.936,36.146,43.461,47.606,42.006,17.653
146,0.25853,3618.7,4552.2,9.4605,27.142,42.429,2709.9,74.509,120.38,0.3309,79.882,49.756,2639.0,25.222,50.274,3104.9,23.144,65.664,228.08,343.54,94.618,77.386,32.36,8.9029,26.223,7.0592,18.828,1.6122,33.669,13.993,24.185,1.1487,18.172,2.2308,4.8102,2.2712,0.030565,0.82551,0.092764,52.989,44.137,63.062,53.202,25.418,59.878,22.835,39.77,37.382,47.169,47.023,40.333,17.651
147,0.23028,3621.3,4528.0,9.3423,26.77,42.088,2711.3,75.06,120.4,0.35525,79.937,48.386,2640.6,25.257,49.881,3103.9,22.44,65.621,227.45,344.15,94.739,77.425,32.156,8.9467,26.7,6.7779,18.322,1.6576,32.909,13.799,24.012,1.0684,18.284,2.2789,4.8263,2.3332,0.030565,0.82551,0.092764,52.989,44.137,62.218,53.489,22.8,62.89,22.953,41.826,33.351,46.258,46.797,41.674,19.316
148,0.23204,3572.2,4531.9,9.5083,26.523,41.892,2712.3,73.78,120.37,0.35501,80.062,50.966,2642.4,25.13,49.859,3105.1,22.365,65.637,227.9,344.0,94.697,77.424,32.156,8.9467,26.7,6.7779,18.322,1.6576,32.909,13.799,24.012,1.0684,18.284,2.2789,4.8263,2.3332,0.030565,0.82551,0.092764,52.989,44.137,63.063,53.442,22.627,61.896,23.106,41.855,40.943,46.208,46.472,40.725,19.478
149,0.24983,3663.6,4543.3,9.3164,26.657,42.138,2712.1,75.268,120.41,0.33352,79.816,49.826,2640.8,24.776,50.305,3107.1,22.392,65.565,226.86,343.27,94.554,76.987,32.518,8.7982,25.969,6.8037,18.499,1.6597,33.248,13.835,23.824,1.0243,18.31,2.2029,4.8728,2.2668,0.030565,0.82551,0.092764,52.989,44.137,63.922,54.58,24.624,62.663,22.563,39.394,37.589,47.239,46.287,41.812,19.457
150,0.2484,3681.2,4550.3,9.2915,26.948,42.377,2713.4,75.624,120.4,0.3335,79.89,49.327,2642.7,23.978,49.74,3108.5,23.484,65.508,224.83,343.37,94.57,77.519,32.518,8.7982,25.969,6.8037,18.499,1.6597,33.248,13.835,23.824,1.0243,18.31,2.2029,4.8728,2.2668,0.030565,0.82551,0.092764,52.989,44.137,63.618,54.496,24.765,62.22,22.994,39.396,36.119,45.932,46.189,40.916,16.825
151,0.2139,3688.7,4539.3,9.3913,27.05,42.11,2712.6,73.964,120.41,0.33781,79.959,51.759,2642.5,26.36,51.549,3108.4,23.0,65.508,224.85,343.41,94.408,77.307,32.584,9.0589,26.364,6.8577,18.626,1.6734,33.37,13.696,24.1,1.3649,18.549,2.3261,4.8915,2.3138,0.018241,0.84435,0.12096,53.466,44.383,63.35,54.256,20.965,59.531,22.813,39.81,43.277,50.119,46.258,40.749,17.988
152,0.21222,3677.1,4543.7,9.4093,26.729,41.96,2711.1,75.089,120.41,0.33797,79.859,50.376,2640.1,24.756,49.593,3106.8,22.644,65.483,227.17,343.42,94.629,76.979,32.584,9.0589,26.364,6.8577,18.626,1.6734,33.37,13.696,24.1,1.3649,18.549,2.3261,4.8915,2.3138,0.018241,0.84435,0.12096,53.466,44.383,63.549,54.202,21.131,61.446,22.717,39.791,39.205,45.593,45.924,41.214,18.864
153,0.20174,3696.1,4460.9,9.3862,26.861,41.893,2711.5,75.939,120.41,0.32188,79.954,48.66,2641.1,25.003,49.123,3106.8,22.284,65.454,225.77,343.08,94.417,77.284,32.68,8.6874,26.26,7.0768,18.674,1.6762,33.386,13.818,24.163,1.2413,18.186,2.2411,4.8043,2.2886,0.018241,0.84435,0.12096,53.466,44.383,62.798,54.919,20.16,60.888,22.912,37.952,34.156,44.505,45.925,41.858,19.695
154,0.20361,3668.5,4556.7,9.4133,26.755,42.596,2711.0,75.688,120.39,0.31993,79.887,50.245,2639.9,24.227,49.399,3106.2,23.323,65.417,223.68,342.69,94.614,77.455,32.68,8.6874,26.26,7.0768,18.674,1.6762,33.386,13.818,24.163,1.2413,18.186,2.2411,4.8043,2.2886,0.018241,0.84435,0.12096,53.466,44.383,63.273,53.772,19.976,59.825,22.522,38.189,38.821,45.144,45.987,40.777,17.221
155,0.18962,3591.6,4529.2,9.178,26.893,42.191,2711.0,75.668,120.42,0.335,80.048,50.656,2641.1,25.691,50.567,3104.7,22.735,65.431,225.48,342.56,94.67,77.073,32.194,8.7344,26.43,6.8754,19.206,1.6414,33.331,13.856,24.792,1.4597,17.981,2.2729,4.7539,2.3015,0.018241,0.84435,0.12096,53.466,44.383,62.593,54.004,18.609,61.981,23.126,39.524,40.03,47.846,45.701,41.428,18.631
156,0.18973,3654.9,4466.3,9.3143,26.821,42.389,2710.7,75.509,120.36,0.33331,80.01,49.844,2639.2,22.846,48.601,3105.2,22.652,65.481,225.43,342.18,94.779,77.32,32.194,8.7344,26.43,6.8754,19.206,1.6414,33.331,13.856,24.792,1.4597,17.981,2.2729,4.7539,2.3015,0.0067382,0.82172,0.09916,52.959,43.118,61.504,54.756,18.599,61.96,22.618,39.73,37.642,43.297,46.058,40.448,18.806
157,0.23623,3652.8,4452.5,9.4837,26.802,41.977,2712.2,75.671,120.41,0.33957,80.123,49.369,2641.4,24.171,50.692,3107.9,21.589,65.497,228.2,342.34,94.745,77.398,31.842,8.9413,26.463,6.9662,18.852,1.6814,33.111,13.8,24.391,1.2797,18.118,2.3104,4.772,2.3038,0.0067382,0.82172,0.09916,52.959,43.118,63.219,53.588,22.773,61.998,22.579,40.007,36.243,48.135,45.893,41.507,21.311
158,0.23508,3674.9,4451.7,9.3513,26.868,42.33,2710.6,74.592,120.38,0.33876,80.029,50.198,2639.0,26.16,48.23,3108.0,21.488,65.514,226.29,342.05,94.619,77.306,31.842,8.9413,26.463,6.9662,18.852,1.6814,33.111,13.8,24.391,1.2797,18.118,2.3104,4.772,2.3038,0.0067382,0.82172,0.09916,52.959,43.118,62.839,53.598,22.886,61.916,22.274,40.106,38.682,42.437,46.143,40.055,21.554
159,0.27023,3616.4,4481.2,9.4757,26.541,42.066,2711.3,75.611,120.4,0.3328,79.852,48.765,2639.7,26.221,50.611,3107.1,23.435,65.489,227.66,342.49,94.746,77.057,32.548,8.8851,26.287,6.8753,18.33,1.6731,33.334,13.716,24.115,1.414,18.346,2.2758,4.8122,2.2833,0.0067382,0.82172,0.09916,52.959,43.118,63.011,54.072,26.462,58.464,22.452,39.338,34.465,47.948,46.107,41.754,16.969
160,0.27113,3618.7,4484.4,9.4591,27.023,42.396,2713.7,74.712,120.4,0.32843,79.931,50.505,2642.9,24.539,48.541,3108.4,22.595,65.459,224.94,342.7,94.707,77.518,32.548,8.8851,26.287,6.8753,18.33,1.6731,33.334,13.716,24.115,1.414,18.346,2.2758,4.8122,2.2833,0.0067382,0.82172,0.09916,52.959,43.118,62.972,54.033,26.373,61.03,23.035,39.872,39.586,43.158,46.434,40.772,18.936
161,0.20023,3614.8,4554.1,9.4154,26.832,42.447,2712.7,74.996,120.37,0.32417,79.842,49.338,2641.7,24.78,49.842,3110.5,22.912,65.451,226.43,341.65,94.772,77.119,32.632,8.9136,26.833,7.0366,18.474,1.6837,32.952,13.774,24.651,1.1703,18.383,2.2535,4.8965,2.2966,0.023921,0.84367,0.12261,53.719,44.29,63.799,54.512,19.912,61.662,22.098,38.048,36.153,46.169,45.801,39.979,18.213
162,0.20033,3667.0,4552.9,9.427,27.182,42.87,2717.9,75.149,120.41,0.3215,80.085,51.034,2646.5,26.133,49.469,3116.1,22.688,65.423,224.87,340.66,94.789,77.636,32.632,8.9136,26.833,7.0366,18.474,1.6837,32.952,13.774,24.651,1.1703,18.383,2.2535,4.8965,2.2966,0.023921,0.84367,0.12261,53.719,44.29,62.902,54.526,19.902,60.838,22.317,38.373,41.141,45.305,45.771,41.875,18.695
163,0.18838,3591.7,4531.6,9.311,26.757,41.875,2722.4,74.507,120.36,0.32887,80.362,51.188,2651.0,25.975,51.577,3121.7,24.233,65.479,223.12,339.69,94.951,77.743,32.141,9.1039,26.646,6.9017,18.228,1.6679,32.795,13.81,24.329,1.1411,18.093,2.2595,4.8746,2.2164,0.023921,0.84367,0.12261,53.719,44.29,62.712,54.491,18.651,60.876,22.074,38.92,41.595,50.184,45.754,40.199,14.986
164,0.19015,3635.3,4538.2,9.3474,26.897,42.164,2725.7,75.069,120.4,0.32933,80.439,48.408,2654.1,25.384,49.523,3128.0,23.833,65.559,222.21,337.91,94.93,77.773,32.141,9.1039,26.646,6.9017,18.228,1.6679,32.795,13.81,24.329,1.1411,18.093,2.2595,4.8746,2.2164,0.023921,0.84367,0.12261,53.719,44.29,61.963,54.412,18.478,62.25,21.684,38.864,33.416,45.43,45.658,40.95,15.898
165,0.23421,3661.6,4580.4,9.3134,27.023,42.227,2730.9,75.26,120.39,0.33161,80.498,49.489,2659.0,23.735,49.806,3135.4,22.217,65.592,223.7,336.69,94.896,77.89,32.013,8.8529,26.957,6.9076,19.046,1.6458,32.3,13.829,24.458,1.3644,18.262,2.2581,4.7905,2.2142,0.023921,0.84367,0.12261,53.719,44.29,62.611,54.58,23.073,61.826,21.684,39.504,36.597,46.085,45.347,39.625,19.693
166,0.23404,3657.7,4537.9,9.335,26.782,42.222,2732.7,74.489,120.43,0.32955,80.19,49.878,2660.0,25.664,50.103,3137.4,21.898,65.605,224.53,336.17,94.923,77.236,32.013,8.8529,26.957,6.9076,19.046,1.6458,32.3,13.829,24.458,1.3644,18.262,2.2581,4.7905,2.2142,0.021801,0.85328,0.11671,53.792,43.884,62.678,55.09,23.089,60.715,21.257,39.756,37.74,46.772,45.654,40.641,20.498
167,0.2486,3645.3,4501.3,9.2946,27.086,41.994,2732.9,74.572,120.37,0.33214,79.854,50.503,2659.6,24.946,50.193,3141.1,22.697,65.491,223.07,334.55,94.97,77.13,31.331,9.004,28.072,6.8997,19.313,1.6537,32.019,13.767,24.779,1.186,18.485,2.2078,4.7767,2.3386,0.021801,0.85328,0.11671,53.792,43.884,62.819,53.543,24.32,62.471,20.595,39.926,39.582,46.981,45.857,39.784,18.633
168,0.25005,3657.4,4469.0,9.5088,26.877,42.289,2739.1,75.137,120.41,0.33193,79.947,49.827,2665.9,25.277,48.831,3146.2,22.934,65.392,223.3,333.58,95.058,77.383,31.331,9.004,28.072,6.8997,19.313,1.6537,32.019,13.767,24.779,1.186,18.485,2.2078,4.7767,2.3386,0.021801,0.85328,0.11671,53.792,43.884,62.61,53.93,24.178,60.31,20.695,39.951,37.59,43.828,45.914,40.246,18.054
169,0.31996,3657.4,4429.3,9.342,26.781,42.629,2743.7,74.78,120.39,0.32547,79.936,50.057,2670.9,24.96,49.447,3152.0,23.826,65.355,228.01,332.32,94.948,77.336,30.646,9.1476,27.939,6.8002,18.412,1.6443,31.097,13.866,25.626,1.3351,18.418,2.2232,4.8739,2.3129,0.021801,0.85328,0.11671,53.792,43.884,62.659,53.684,31.329,61.69,20.43,39.055,38.269,45.254,45.571,40.274,15.943
170,0.31924,3650.2,4425.8,9.3462,27.101,42.393,2750.5,75.184,120.42,0.32387,79.99,48.898,2676.5,23.631,50.425,3160.9,23.326,65.342,224.71,331.86,95.095,77.571,30.646,9.1476,27.939,6.8002,18.412,1.6443,31.097,13.866,25.626,1.3351,18.418,2.2232,4.8739,2.3129,0.021801,0.85328,0.11671,53.792,43.884,62.784,53.725,31.4,62.273,20.308,39.25,34.857,47.518,45.942,40.591,17.106
171,0.39557,3662.3,4546.7,9.3021,27.115,42.159,2756.8,74.809,120.41,0.33472,80.037,49.887,2683.6,24.829,49.519,3170.0,22.799,65.37,225.11,330.68,94.722,77.43,30.586,8.8371,28.216,6.8441,19.106,1.619,30.737,13.904,26.125,1.3002,19.0,2.2077,4.7387,2.3402,0.03697,0.83459,0.09673,53.413,44.289,63.478,54.474,39.391,62.689,20.225,40.559,37.767,45.422,46.251,40.383,18.356
172,0.39663,3676.1,4551.0,9.5023,26.865,42.471,2763.2,74.885,120.4,0.33614,79.943,51.371,2689.7,24.654,51.997,3176.5,22.366,65.351,226.55,330.43,94.824,77.316,30.586,8.8371,28.216,6.8441,19.106,1.619,30.737,13.904,26.125,1.3002,19.0,2.2077,4.7387,2.3402,0.03697,0.83459,0.09673,53.413,44.289,63.24,54.423,39.286,61.272,20.262,40.386,42.135,51.157,46.316,41.149,19.39
173,0.41974,3666.9,4532.9,9.3952,26.869,42.401,2767.0,75.644,120.4,0.34217,79.722,50.959,2693.7,25.855,50.43,3181.7,22.468,65.322,228.09,329.99,94.844,77.119,30.058,8.9109,28.799,6.9116,18.459,1.6314,30.656,13.662,27.319,1.2912,18.189,2.2437,4.773,2.1666,0.03697,0.83459,0.09673,53.413,44.289,63.069,52.939,41.36,60.957,20.146,40.761,40.922,47.53,46.374,41.002,19.173
174,0.4208,3646.0,4479.7,9.2794,26.694,42.062,2772.6,76.31,120.41,0.33886,79.53,49.441,2699.0,23.146,48.232,3185.1,22.474,65.241,230.18,330.61,94.897,77.163,30.058,8.9109,28.799,6.9116,18.459,1.6314,30.656,13.662,27.319,1.2912,18.189,2.2437,4.773,2.1666,0.03697,0.83459,0.09673,53.413,44.289,63.43,53.576,41.255,62.068,20.447,41.165,36.455,42.443,46.387,41.241,19.172
175,0.49128,3606.6,4534.1,9.2817,26.403,42.33,2775.4,75.305,120.4,0.31124,79.041,49.183,2701.1,24.609,48.193,3189.7,22.3,65.125,231.9,329.76,94.889,76.509,30.113,8.8906,28.955,6.8948,18.743,1.6486,29.494,13.796,27.387,1.2069,18.252,2.2624,4.6953,2.2231,0.03697,0.83459,0.09673,53.413,44.289,63.52,54.511,48.194,61.412,19.864,38.007,35.697,42.352,46.438,40.838,19.675
176,0.49045,3628.2,4527.6,9.3308,27.064,42.431,2783.6,75.243,120.41,0.31308,79.151,50.157,2710.3,25.207,50.374,3197.5,23.351,64.982,228.59,330.31,94.882,77.437,30.113,8.8906,28.955,6.8948,18.743,1.6486,29.494,13.796,27.387,1.2069,18.252,2.2624,4.6953,2.2231,0.0093505,0.84319,0.10641,53.784,43.887,63.147,54.589,48.276,60.056,20.674,37.781,38.563,47.399,46.482,40.493,17.141
177,0.50822,3612.4,4512.0,9.2767,26.76,42.428,2792.3,75.179,120.41,0.32731,79.304,49.876,2718.7,23.461,50.842,3205.3,22.429,64.99,227.68,330.17,94.761,77.103,29.734,8.8508,29.878,6.9295,18.635,1.6356,29.653,13.625,28.186,1.3357,18.433,2.1887,4.5871,2.2544,0.0093505,0.84319,0.10641,53.784,43.887,63.547,54.109,49.782,60.389,20.952,39.487,37.735,48.482,46.571,41.349,19.347
178,0.50545,3674.3,4512.3,9.32,26.545,42.474,2798.3,76.438,120.4,0.32773,79.249,52.245,2724.5,24.86,49.282,3211.8,23.037,64.94,229.81,330.04,94.776,77.418,29.734,8.8508,29.878,6.9295,18.635,1.6356,29.653,13.625,28.186,1.3357,18.433,2.1887,4.5871,2.2544,0.0093505,0.84319,0.10641,53.784,43.887,62.481,54.105,50.054,60.668,20.519,39.436,44.707,44.873,46.39,40.781,17.888
179,0.56812,3620.9,4519.5,9.1881,26.82,42.621,2803.8,75.728,120.43,0.30766,79.182,49.623,2730.0,25.238,47.896,3219.1,22.802,64.975,230.39,330.14,94.769,77.104,29.663,8.5427,29.56,6.8655,18.736,1.607,29.278,13.412,28.547,1.4575,18.668,2.1611,4.661,2.0576,0.0093505,0.84319,0.10641,53.784,43.887,63.068,54.299,55.732,60.572,20.633,37.145,36.989,41.664,46.345,40.655,18.473
180,0.56783,3620.6,4508.0,9.1804,26.961,42.24,2808.6,76.456,120.4,0.30718,78.969,49.027,2735.0,24.853,51.049,3222.5,23.092,64.912,231.13,329.97,94.714,77.184,29.663,8.5427,29.56,6.8655,18.736,1.607,29.278,13.412,28.547,1.4575,18.668,2.1611,4.661,2.0576,0.0093505,0.84319,0.10641,53.784,43.887,63.073,54.437,55.761,61.588,20.831,37.203,35.236,48.962,46.29,40.29,17.79
181,0.60074,3680.8,4534.2,9.1401,27.112,42.545,2813.6,75.806,120.44,0.28253,78.79,51.603,2740.0,23.489,50.204,3228.9,22.654,64.868,230.56,330.49,94.658,76.598,29.214,8.6873,29.788,6.7866,18.819,1.5788,29.03,13.413,29.442,1.2451,18.357,2.148,4.5931,2.105,0.013292,0.84572,0.10749,53.554,44.139,62.583,53.89,58.976,58.379,20.676,34.06,42.817,47.006,46.578,41.336,18.885
182,0.59892,3628.8,4529.7,9.2104,26.779,42.465,2816.1,77.466,120.37,0.28093,78.501,48.248,2742.6,26.381,51.606,3229.7,23.084,64.787,230.63,330.43,94.666,76.344,29.214,8.6873,29.788,6.7866,18.819,1.5788,29.03,13.413,29.442,1.2451,18.357,2.148,4.5931,2.105,0.013292,0.84572,0.10749,53.554,44.139,63.478,53.943,59.156,57.394,20.954,34.254,32.945,50.25,46.687,40.101,17.923
183,0.67162,3694.6,4479.4,9.1132,26.667,42.62,2817.9,75.307,120.42,0.28214,78.015,50.708,2744.4,26.238,49.869,3231.1,23.178,64.626,232.18,331.37,94.787,76.094,29.862,8.5853,30.483,6.9171,18.485,1.5722,29.123,13.262,29.122,1.1599,17.922,2.1641,4.4491,2.128,0.013292,0.84572,0.10749,53.554,44.139,63.09,54.341,66.169,61.098,21.381,33.534,40.184,46.23,46.673,41.911,17.781
184,0.67349,3709.2,4545.5,9.03,27.031,42.06,2821.5,75.421,120.39,0.2795,77.83,50.031,2748.2,25.732,48.348,3232.4,22.032,64.485,233.9,331.48,94.533,75.918,29.862,8.5853,30.483,6.9171,18.485,1.5722,29.123,13.262,29.122,1.1599,17.922,2.1641,4.4491,2.128,0.013292,0.84572,0.10749,53.554,44.139,62.84,53.549,65.985,60.676,21.626,33.856,38.191,42.71,46.649,40.562,20.571
185,0.63701,3625.1,4547.1,9.0585,26.877,42.269,2825.5,76.663,120.4,0.26184,77.817,50.98,2753.0,24.498,50.58,3235.3,22.729,64.338,235.99,331.69,94.776,76.341,29.895,8.5245,30.275,6.6528,18.482,1.5519,28.836,13.364,30.454,1.2138,17.678,2.1035,4.4315,2.1323,0.013292,0.84572,0.10749,53.554,44.139,63.171,54.372,62.659,57.867,21.954,31.251,40.985,47.877,46.598,40.25,18.933
186,0.63742,3647.2,4544.8,8.9344,26.631,41.996,2829.5,76.484,120.41,0.26437,77.98,49.416,2756.3,22.751,50.433,3239.7,22.62,64.354,234.12,331.65,94.649,76.491,29.895,8.5245,30.275,6.6528,18.482,1.5519,28.836,13.364,30.454,1.2138,17.678,2.1035,4.4315,2.1323,0.023298,0.87275,0.094722,54.454,42.832,62.79,54.4,62.619,56.833,21.811,30.943,36.38,47.537,46.976,40.863,19.192
187,0.65677,3749.0,4563.2,9.0287,26.786,42.503,2829.9,75.845,120.4,0.2724,77.795,51.887,2756.9,25.879,49.609,3241.2,23.035,64.351,236.98,331.65,94.693,76.021,29.402,8.4528,30.349,6.719,18.819,1.5891,28.77,13.259,29.782,1.2244,18.116,2.13,4.3749,2.1208,0.023298,0.87275,0.094722,54.454,42.832,63.449,54.236,64.816,57.857,21.772,31.934,43.652,45.63,46.884,41.219,18.282
188,0.65768,3744.4,4568.3,8.9795,27.071,42.263,2829.7,76.112,120.42,0.271,77.616,49.559,2757.3,24.716,50.879,3241.9,22.835,64.362,235.88,331.85,94.478,75.93,29.402,8.4528,30.349,6.719,18.819,1.5891,28.77,13.259,29.782,1.2244,18.116,2.13,4.3749,2.1208,0.023298,0.87275,0.094722,54.454,42.832,63.527,54.176,64.726,58.261,21.619,32.105,36.802,48.567,47.149,41.526,18.806
189,0.73171,3715.6,4533.5,8.8138,26.764,42.565,2831.9,77.496,120.41,0.25631,77.646,50.289,2759.5,23.182,48.97,3241.6,21.453,64.3,236.85,331.9,94.549,76.125,29.359,8.599,30.519,6.8087,18.467,1.5715,28.807,13.297,30.164,1.2762,18.014,2.1171,4.4188,2.0525,0.023298,0.87275,0.094722,54.454,42.832,63.628,53.787,72.011,59.411,22.334,30.318,38.951,44.15,47.229,41.135,22.111
190,0.72834,3697.7,4496.4,8.9368,26.827,42.465,2829.8,77.715,120.39,0.2534,77.377,50.46,2756.9,24.941,49.908,3240.2,22.438,64.301,240.1,331.97,94.676,75.386,29.359,8.599,30.519,6.8087,18.467,1.5715,28.807,13.297,30.164,1.2762,18.014,2.1171,4.4188,2.0525,0.023298,0.87275,0.094722,54.454,42.832,63.936,54.231,72.343,57.232,22.113,30.673,39.453,46.321,47.107,41.09,19.88
191,0.76403,3687.2,4565.6,8.7858,26.697,42.333,2830.1,76.584,120.42,0.25903,77.415,49.76,2757.8,27.264,49.742,3240.0,22.537,64.288,239.95,331.71,94.51,76.008,29.098,8.7362,30.447,6.9198,18.545,1.5377,28.717,13.407,30.03,1.3901,17.859,2.079,4.3291,2.0094,0.028203,0.92762,0.10244,53.865,42.867,63.441,54.287,75.405,59.942,22.029,30.205,37.393,45.937,48.024,41.404,19.64
192,0.76667,3716.3,4549.7,8.7511,27.085,42.425,2830.4,77.793,120.39,0.25572,77.402,51.755,2757.7,24.955,50.145,3240.0,23.161,64.356,242.02,332.31,94.655,75.581,29.098,8.7362,30.447,6.9198,18.545,1.5377,28.717,13.407,30.03,1.3901,17.859,2.079,4.3291,2.0094,0.028203,0.92762,0.10244,53.865,42.867,62.941,54.477,75.146,55.476,22.078,30.61,43.264,46.87,48.324,40.924,18.229
193,0.81972,3647.8,4552.0,8.7954,26.885,42.314,2829.3,77.454,120.4,0.26473,77.303,50.696,2756.6,25.02,49.511,3239.3,22.161,64.4,245.27,331.65,94.705,75.966,29.166,8.5262,30.157,6.9756,18.27,1.5991,28.507,13.411,29.898,1.4282,17.915,2.0626,4.3239,1.9797,0.028203,0.92762,0.10244,53.865,42.867,63.161,54.303,80.936,55.961,22.009,31.744,40.148,45.402,48.516,40.647,20.622
194,0.82004,3697.0,4535.6,8.6014,26.969,42.597,2826.9,77.112,120.36,0.26685,77.139,49.207,2754.1,24.302,51.727,3237.3,21.317,64.429,243.85,331.7,94.661,75.111,29.166,8.5262,30.157,6.9756,18.27,1.5991,28.507,13.411,29.898,1.4282,17.915,2.0626,4.3239,1.9797,0.028203,0.92762,0.10244,53.865,42.867,62.314,54.5,80.905,56.379,21.961,31.485,35.767,50.532,49.123,39.954,22.738
195,0.84609,3633.2,4581.4,8.5286,27.209,42.402,2825.8,77.611,120.39,0.26116,76.986,49.566,2753.0,23.957,50.466,3234.1,22.626,64.403,247.32,332.07,94.884,75.822,29.71,8.6645,30.162,6.8466,18.178,1.5485,28.573,13.551,30.546,1.2369,18.066,2.0896,4.1989,1.9781,0.028203,0.92762,0.10244,53.865,42.867,62.86,54.69,83.312,55.869,22.295,31.677,36.823,47.613,49.298,40.796,19.653
196,0.84615,3638.5,4553.5,8.5081,26.843,42.213,2828.0,78.017,120.4,0.26294,77.284,50.609,2755.7,26.71,49.375,3234.1,23.808,64.497,251.87,332.11,94.876,75.964,29.71,8.6645,30.162,6.8466,18.178,1.5485,28.573,13.551,30.546,1.2369,18.066,2.0896,4.1989,1.9781,0.032281,0.94554,0.11768,53.424,43.828,62.77,55.024,83.307,56.363,22.646,31.46,39.891,45.089,50.89,39.922,16.854
197,0.82155,3646.3,4597.4,8.6779,27.265,42.251,2826.8,77.402,120.42,0.27713,77.525,47.949,2754.5,24.426,49.044,3234.5,22.102,64.722,258.73,332.19,94.798,75.724,29.632,8.6459,30.383,7.047,18.964,1.5388,28.358,13.409,30.358,1.3001,17.696,2.1146,4.2983,1.991,0.032281,0.94554,0.11768,53.424,43.828,63.74,54.817,80.992,56.37,22.469,32.972,32.065,44.323,51.405,40.9,20.929
198,0.82286,3653.7,4595.2,8.5018,26.594,42.292,2820.7,78.624,120.39,0.27925,77.28,50.764,2747.7,26.659,48.835,3229.5,22.066,64.888,259.16,331.6,94.742,75.659,29.632,8.6459,30.383,7.047,18.964,1.5388,28.358,13.409,30.358,1.3001,17.696,2.1146,4.2983,1.991,0.032281,0.94554,0.11768,53.424,43.828,63.613,54.844,80.863,56.177,21.947,32.714,40.35,43.839,52.487,39.981,21.065
199,0.8557,3605.9,4496.7,8.4546,26.85,42.016,2816.9,77.54,120.4,0.25672,77.279,51.281,2743.9,24.241,49.832,3223.7,22.305,65.01,260.78,331.27,94.793,75.566,29.806,8.5525,30.13,6.8779,18.286,1.577,28.396,13.509,30.183,1.1533,17.749,2.1123,4.2852,1.9906,0.032281,0.94554,0.11768,53.424,43.828,62.617,54.128,84.274,58.677,22.196,31.167,41.869,46.146,53.458,40.484,20.546
200,0.85621,3635.5,4511.1,8.5672,26.685,42.006,2814.3,77.848,120.39,0.2575,77.231,49.601,2740.4,24.634,49.731,3218.8,22.928,65.157,266.31,331.62,95.044,75.285,29.806,8.5525,30.13,6.8779,18.286,1.577,28.396,13.509,30.183,1.1533,17.749,2.1123,4.2852,1.9906,0.032281,0.94554,0.11768,53.424,43.828,62.107,53.956,84.224,53.5,22.211,31.072,36.926,45.912,54.079,39.858,19.124
201,0.86475,3652.6,4595.1,8.6193,26.766,42.563,2809.0,78.309,120.39,0.26883,77.242,50.62,2735.6,25.238,51.153,3216.5,23.383,65.285,269.8,331.03,94.958,75.499,29.198,8.63,30.203,6.8982,18.436,1.5482,29.333,13.492,30.462,1.3535,17.757,2.1245,4.3049,1.9316,0.018838,0.97317,0.12194,53.898,43.187,63.219,54.638,85.128,54.539,21.845,31.823,39.923,49.203,55.51,41.156,18.075
202,0.86418,3708.3,4632.6,8.3375,26.953,42.317,2805.5,78.216,120.37,0.2671,77.386,49.967,2732.2,23.735,49.281,3213.6,22.774,65.489,275.24,330.67,94.896,75.365,29.198,8.63,30.203,6.8982,18.436,1.5482,29.333,13.492,30.462,1.3535,17.757,2.1245,4.3049,1.9316,0.018838,0.97317,0.12194,53.898,43.187,62.261,54.189,85.184,55.385,21.889,32.035,38.002,44.869,56.401,40.422,19.557
203,0.94004,3656.8,4612.4,8.4779,26.922,42.204,2800.4,77.937,120.42,0.26462,77.214,51.502,2727.7,25.604,49.153,3207.2,23.013,65.652,276.17,330.77,94.947,75.254,29.591,8.587,30.455,6.9445,18.497,1.5749,29.177,13.479,29.808,1.3492,18.161,2.1307,4.2745,1.9785,0.018838,0.97317,0.12194,53.898,43.187,62.965,54.134,92.634,52.591,21.941,31.414,42.519,44.575,57.687,40.359,19.056
204,0.94228,3669.1,4542.9,8.3197,26.965,42.023,2798.5,78.017,120.4,0.26085,77.44,53.345,2725.4,25.32,49.983,3205.2,24.273,65.793,280.92,330.55,94.948,75.463,29.591,8.587,30.455,6.9445,18.497,1.5749,29.177,13.479,29.808,1.3492,18.161,2.1307,4.2745,1.9785,0.018838,0.97317,0.12194,53.898,43.187,62.752,54.966,92.414,53.117,21.867,31.873,47.945,46.494,58.625,40.227,16.073
205,0.93081,3643.0,4562.5,8.2669,26.625,42.149,2793.4,78.424,120.39,0.25895,77.585,51.342,2719.5,23.9,49.997,3200.8,23.2,66.065,283.13,330.65,94.83,75.416,29.847,8.8267,29.671,6.9609,18.78,1.5819,28.54,13.497,29.342,1.3539,19.017,2.1534,4.2813,2.0658,0.018838,0.97317,0.12194,53.898,43.187,62.759,54.632,91.792,52.448,21.497,31.255,42.05,46.527,59.777,40.957,18.641
206,0.93076,3626.3,4538.6,8.2835,26.598,42.252,2787.5,78.216,120.37,0.25987,77.659,49.249,2714.2,26.354,49.971,3193.8,21.983,66.298,290.04,330.3,95.109,75.345,29.847,8.8267,29.671,6.9609,18.78,1.5819,28.54,13.497,29.342,1.3539,19.017,2.1534,4.2813,2.0658,0.011775,1.0045,0.10779,53.822,43.193,63.046,54.919,91.797,52.499,21.601,31.143,35.889,46.467,61.431,39.656,21.565
207,0.93127,3621.2,4542.8,8.0973,26.994,42.326,2778.9,78.383,120.39,0.25871,77.534,50.791,2705.6,23.598,50.414,3187.0,22.709,66.54,293.27,330.28,95.036,75.243,29.719,8.7619,29.681,7.065,18.824,1.577,29.157,13.553,28.842,1.4316,18.891,2.1352,4.3416,1.9868,0.011775,1.0045,0.10779,53.822,43.193,62.923,54.198,91.922,53.142,21.33,31.258,40.429,47.491,62.878,39.997,19.893
208,0.93275,3608.5,4493.8,8.1792,26.918,42.136,2772.5,77.712,120.36,0.26088,77.539,49.2,2698.8,24.842,49.581,3179.1,21.788,66.71,295.64,329.61,95.182,75.346,29.719,8.7619,29.681,7.065,18.824,1.577,29.157,13.553,28.842,1.4316,18.891,2.1352,4.3416,1.9868,0.011775,1.0045,0.10779,53.822,43.193,63.142,54.784,91.776,52.42,21.152,30.993,35.746,45.565,64.397,39.636,22.118
209,0.9703,3621.0,4523.9,8.179,26.912,42.021,2769.0,78.26,120.41,0.262,77.862,50.23,2695.9,26.473,51.02,3175.6,21.964,66.925,302.42,329.39,95.157,75.703,29.627,8.8918,29.14,6.8583,19.414,1.5808,29.037,13.575,28.562,1.3806,18.523,2.1008,4.36,2.0393,0.011775,1.0045,0.10779,53.822,43.193,61.89,54.312,95.436,53.009,21.305,31.93,38.776,48.895,65.514,40.059,21.699
210,0.97052,3609.4,4497.6,8.2819,27.141,41.896,2763.2,78.668,120.4,0.25999,77.942,49.57,2690.0,24.296,50.316,3171.1,22.549,67.191,306.32,329.42,95.152,75.51,29.627,8.8918,29.14,6.8583,19.414,1.5808,29.037,13.575,28.562,1.3806,18.523,2.1008,4.36,2.0393,0.011775,1.0045,0.10779,53.822,43.193,62.088,54.626,95.414,53.167,20.943,32.175,36.834,47.265,66.873,39.806,20.342
211,0.9925,3658.5,4513.1,8.0378,26.917,42.042,2759.0,77.518,120.39,0.26419,78.127,49.573,2685.1,26.291,50.652,3166.9,22.857,67.489,311.12,328.89,95.11,75.367,29.933,8.8645,28.69,6.9594,19.157,1.6157,29.438,13.622,28.131,1.1726,18.192,2.1382,4.2765,1.9274,0.022752,1.0165,0.11098,53.127,43.324,62.982,52.936,97.765,54.963,20.828,31.869,36.843,48.042,69.215,40.128,19.634
212,0.9914,3649.7,4462.3,8.1229,27.081,42.105,2752.8,78.206,120.41,0.26212,78.29,50.691,2678.9,25.369,49.808,3159.3,22.722,67.823,316.91,328.89,95.034,75.511,29.933,8.8645,28.69,6.9594,19.157,1.6157,29.438,13.622,28.131,1.1726,18.192,2.1382,4.2765,1.9274,0.022752,1.0165,0.11098,53.127,43.324,63.134,53.544,97.873,55.497,20.936,32.121,40.133,46.089,70.849,40.306,19.951
213,0.98909,3620.2,4484.3,8.0783,26.823,42.107,2745.1,78.006,120.39,0.266,78.446,48.698,2671.3,24.751,50.524,3153.5,22.653,68.158,322.98,328.03,95.19,75.576,30.256,8.8644,28.775,6.8875,19.124,1.6058,29.465,13.751,27.798,1.4352,19.234,2.1287,4.4317,2.0282,0.022752,1.0165,0.11098,53.127,43.324,62.729,53.824,97.197,54.19,20.338,32.573,34.269,47.746,72.444,40.706,20.118
214,0.98797,3598.1,4482.1,8.0341,26.711,42.128,2736.0,77.782,120.39,0.26565,78.314,49.71,2661.7,24.989,51.3,3144.6,22.807,68.433,327.39,328.13,95.152,75.139,30.256,8.8644,28.775,6.8875,19.124,1.6058,29.465,13.751,27.798,1.4352,19.234,2.1287,4.4317,2.0282,0.022752,1.0165,0.11098,53.127,43.324,63.11,53.85,97.308,52.98,20.019,32.616,37.247,49.544,74.175,39.317,19.819
215,0.97903,3651.0,4454.7,8.0637,26.78,42.098,2727.7,77.798,120.38,0.28101,78.272,49.888,2652.9,25.262,50.573,3137.6,22.256,68.646,331.11,327.68,95.264,75.148,29.856,8.99,27.609,7.3008,19.785,1.6109,29.704,14.039,27.163,1.3384,19.532,2.1929,4.4385,2.0835,0.022752,1.0165,0.11098,53.127,43.324,62.79,54.199,96.324,53.186,19.866,33.976,37.77,47.86,75.964,39.487,21.161
216,0.98085,3648.5,4477.6,8.0564,27.04,42.357,2720.0,77.055,120.4,0.27676,78.304,51.553,2645.0,25.528,50.896,3129.8,24.32,68.85,337.24,327.14,95.236,75.299,29.856,8.99,27.609,7.3008,19.785,1.6109,29.704,14.039,27.163,1.3384,19.532,2.1929,4.4385,2.0835,0.043137,1.0324,0.1185,53.097,43.008,62.833,53.925,96.145,52.762,19.706,34.494,42.669,48.607,78.148,40.509,16.297
217,0.99919,3490.9,4415.2,8.0552,26.993,41.807,2715.0,76.678,120.35,0.30817,78.663,50.389,2639.9,25.56,50.15,3121.6,23.72,69.092,342.72,327.2,95.524,75.774,29.736,9.1472,27.704,6.9523,19.131,1.6155,30.185,13.977,26.544,1.3686,19.722,2.2104,4.4134,2.1067,0.043137,1.0324,0.1185,53.097,43.008,61.721,52.935,98.039,53.489,19.974,38.491,39.246,46.882,80.029,38.421,17.692
218,0.99999,3571.4,4389.4,8.0226,26.972,41.683,2712.9,76.762,120.42,0.31272,79.217,51.608,2638.8,25.422,49.002,3119.8,23.163,69.489,348.1,327.03,95.578,76.242,29.736,9.1472,27.704,6.9523,19.131,1.6155,30.185,13.977,26.544,1.3686,19.722,2.2104,4.4134,2.1067,0.043137,1.0324,0.1185,53.097,43.008,60.335,53.245,97.96,53.066,19.887,37.936,42.831,44.224,81.902,39.052,18.956
219,1.0074,3601.3,4511.8,8.103,26.921,41.861,2709.2,77.647,120.39,0.30534,79.458,49.781,2634.8,26.55,49.664,3118.8,22.52,69.884,354.61,326.27,95.341,75.949,29.948,8.9807,27.551,7.0995,19.971,1.6213,29.671,14.135,25.699,1.4338,19.767,2.1946,4.4917,2.0422,0.043137,1.0324,0.1185,53.097,43.008,62.648,53.269,98.998,51.105,19.495,37.436,37.455,45.756,83.653,38.65,20.48
220,1.0072,3678.0,4472.1,8.1611,27.08,41.852,2702.3,76.973,120.43,0.30569,79.414,51.141,2627.6,25.456,49.201,3113.5,23.582,70.225,356.57,325.64,95.234,75.563,29.948,8.9807,27.551,7.0995,19.971,1.6213,29.671,14.135,25.699,1.4338,19.767,2.1946,4.4917,2.0422,0.043137,1.0324,0.1185,53.097,43.008,61.328,53.743,99.015,51.547,19.218,37.394,41.459,44.685,85.799,39.889,17.986
221,1.011,3612.3,4367.6,8.1336,26.658,42.275,2694.5,77.049,120.37,0.32521,79.363,51.054,2619.5,27.263,49.26,3105.0,23.194,70.492,362.63,325.54,95.389,75.651,30.656,9.1931,27.171,7.0182,20.249,1.6612,29.938,14.002,25.67,1.4074,20.058,2.1904,4.6791,2.2408,0.020734,1.0296,0.10053,54.16,43.459,61.031,52.804,99.391,50.91,18.686,39.587,41.202,44.821,88.316,39.042,18.902
222,1.0093,3547.4,4398.2,8.1286,26.945,41.852,2688.2,77.078,120.38,0.32223,79.335,50.39,2612.6,26.222,49.864,3099.2,22.731,70.739,368.62,325.22,95.59,75.63,30.656,9.1931,27.171,7.0182,20.249,1.6612,29.938,14.002,25.67,1.4074,20.058,2.1904,4.6791,2.2408,0.020734,1.0296,0.10053,54.16,43.459,62.147,52.438,99.562,53.886,18.567,39.95,39.249,46.22,90.411,39.224,20.016
223,0.96227,3620.1,4341.1,7.9822,26.964,41.875,2684.1,75.8,120.38,0.30926,79.555,50.329,2608.9,26.892,49.86,3093.2,24.073,70.967,374.24,325.69,95.323,76.031,30.273,9.2055,26.916,6.9843,20.199,1.6751,30.032,14.158,25.252,1.4,19.988,2.2457,4.7275,2.2966,0.020734,1.0296,0.10053,54.16,43.459,61.442,52.215,94.581,55.449,18.777,38.333,39.068,46.21,92.528,38.895,16.802
224,0.96103,3589.6,4345.5,8.3009,26.959,42.069,2680.0,76.322,120.43,0.31218,79.705,49.113,2605.5,24.45,50.428,3089.2,24.09,71.236,380.25,325.62,95.591,76.126,30.273,9.2055,26.916,6.9843,20.199,1.6751,30.032,14.158,25.252,1.4,19.988,2.2457,4.7275,2.2966,0.020734,1.0296,0.10053,54.16,43.459,61.967,52.163,94.703,53.821,18.73,37.977,35.489,47.524,94.601,39.922,16.744
225,0.98915,3575.1,4333.4,8.1883,26.672,42.163,2675.7,75.723,120.41,0.32862,80.015,49.563,2601.1,26.012,48.838,3087.9,22.639,71.56,382.75,324.53,95.275,76.46,30.216,9.2195,26.289,6.8735,20.113,1.6811,30.496,14.235,24.645,1.2634,20.417,2.2642,4.7395,2.222,0.020734,1.0296,0.10053,54.16,43.459,62.401,52.186,97.445,55.636,18.125,40.527,36.814,43.845,96.971,38.819,20.135
226,0.99068,3603.2,4313.0,8.2422,27.139,42.156,2673.3,75.631,120.43,0.32568,80.251,49.727,2599.0,26.153,49.396,3085.2,22.238,71.874,388.75,325.29,95.352,76.531,30.216,9.2195,26.289,6.8735,20.113,1.6811,30.496,14.235,24.645,1.2634,20.417,2.2642,4.7395,2.222,0.012675,0.99632,0.10321,52.868,43.77,61.918,52.43,97.295,53.594,18.769,40.886,37.296,45.137,99.292,40.275,21.052
227,1.002,3607.1,4322.2,8.3001,26.997,42.162,2668.0,75.82,120.42,0.33735,80.217,49.471,2593.1,24.85,50.331,3080.9,22.63,72.214,390.93,324.91,95.185,76.129,30.762,9.3797,25.986,6.8884,20.527,1.6508,30.601,14.232,24.157,1.4102,20.569,2.2767,4.7183,2.259,0.012675,0.99632,0.10321,52.868,43.77,62.779,52.299,98.782,52.721,18.246,42.077,36.544,47.301,100.05,39.813,20.137
228,1.0024,3651.1,4388.4,8.3286,26.95,42.329,2663.2,75.162,120.43,0.33927,80.124,51.079,2588.5,28.115,49.607,3074.4,23.427,72.338,389.95,324.98,95.253,76.228,30.762,9.3797,25.986,6.8884,20.527,1.6508,30.601,14.232,24.157,1.4102,20.569,2.2767,4.7183,2.259,0.012675,0.99632,0.10321,52.868,43.77,62.022,51.507,98.75,53.722,18.097,41.842,41.275,45.625,99.967,39.922,18.237
229,0.96774,3657.1,4291.6,8.2822,27.104,42.179,2660.8,74.546,120.4,0.342,80.405,49.03,2585.6,27.793,51.494,3071.4,22.958,72.442,392.14,325.72,95.245,76.847,31.107,9.1191,25.813,7.0645,20.075,1.6672,31.184,14.203,23.707,1.4155,20.474,2.3188,4.8464,2.3245,0.012675,0.99632,0.10321,52.868,43.77,61.788,51.389,95.259,56.358,18.483,42.039,35.244,49.992,99.834,39.802,19.276
230,0.96715,3655.8,4272.5,8.2073,26.971,42.16,2658.9,74.296,120.46,0.33801,80.69,50.983,2583.3,25.07,48.21,3070.9,22.663,72.558,387.6,325.25,95.124,76.714,31.107,9.1191,25.813,7.0645,20.075,1.6672,31.184,14.203,23.707,1.4155,20.474,2.3188,4.8464,2.3245,0.012675,0.99632,0.10321,52.868,43.77,61.811,51.618,95.318,56.814,17.918,42.526,40.993,42.39,100.06,40.783,19.947
231,0.94525,3587.3,4333.8,8.4573,26.49,41.783,2656.0,74.688,120.36,0.33714,80.691,48.288,2581.0,27.738,51.388,3067.0,22.824,72.642,387.98,325.85,95.301,76.544,30.997,9.2028,25.493,7.0425,20.474,1.6766,31.234,14.156,23.279,1.496,20.827,2.3046,4.9116,2.2517,0.03327,0.97193,0.12019,54.097,44.352,61.356,51.736,93.463,53.631,18.028,42.453,33.063,49.745,99.931,39.102,19.543
232,0.94695,3563.8,4333.5,8.4253,27.093,42.365,2654.0,74.337,120.42,0.33964,80.744,50.594,2579.4,25.924,47.802,3065.3,23.345,72.671,386.92,326.08,95.182,76.754,30.997,9.2028,25.493,7.0425,20.474,1.6766,31.234,14.156,23.279,1.496,20.827,2.3046,4.9116,2.2517,0.03327,0.97193,0.12019,54.097,44.352,61.761,51.74,93.296,54.714,18.171,42.149,39.849,41.448,99.963,39.529,18.267
233,0.97153,3562.2,4235.0,8.4761,27.069,42.159,2653.9,74.246,120.39,0.34083,80.738,51.551,2577.9,27.078,49.579,3063.7,22.487,72.705,386.68,326.75,95.264,76.697,31.187,9.5012,25.528,6.9945,20.177,1.7237,31.676,14.37,22.827,1.5352,20.47,2.3266,4.932,2.3249,0.03327,0.97193,0.12019,54.097,44.352,61.819,51.687,95.3,57.844,18.194,41.254,42.664,45.559,100.08,39.456,20.282
234,0.97098,3616.0,4261.4,8.6116,26.625,42.264,2652.7,74.537,120.41,0.33563,80.669,50.971,2577.7,25.477,51.686,3062.9,23.698,72.669,384.91,327.61,95.241,76.913,31.187,9.5012,25.528,6.9945,20.177,1.7237,31.676,14.37,22.827,1.5352,20.47,2.3266,4.932,2.3249,0.03327,0.97193,0.12019,54.097,44.352,60.893,51.372,95.354,56.066,18.08,41.887,40.956,50.436,100.06,40.611,17.372
235,0.96352,3569.8,4277.4,8.5029,26.627,42.198,2653.8,74.076,120.4,0.36231,80.835,51.073,2579.5,26.28,51.68,3062.8,22.796,72.689,389.11,328.33,95.176,77.126,31.216,9.3768,24.733,6.8114,20.171,1.6867,31.326,14.47,22.84,1.3493,20.706,2.2937,4.9319,2.4132,0.03327,0.97193,0.12019,54.097,44.352,61.981,51.647,94.707,56.556,18.603,45.023,41.259,50.422,99.77,39.544,19.463
236,0.96343,3605.8,4293.1,8.5087,26.929,42.14,2655.2,73.892,120.42,0.36573,80.894,52.958,2580.0,24.774,50.615,3064.5,24.061,72.691,385.92,329.05,95.064,77.103,31.216,9.3768,24.733,6.8114,20.171,1.6867,31.326,14.47,22.84,1.3493,20.706,2.2937,4.9319,2.4132,0.0068884,0.92296,0.1063,53.497,44.017,61.361,51.46,94.715,56.598,18.409,44.606,46.806,47.956,100.08,40.949,16.427
237,0.96893,3633.8,4271.4,8.8568,26.801,42.504,2655.6,73.814,120.42,0.37973,80.902,49.148,2581.6,25.302,51.046,3063.9,22.911,72.703,385.77,330.7,95.026,77.21,31.7,9.1923,25.176,6.9184,20.176,1.7453,31.799,14.362,22.505,1.219,20.564,2.3114,4.9653,2.4111,0.0068884,0.92296,0.1063,53.497,44.017,62.466,51.5,95.643,56.525,18.871,46.447,35.592,48.956,100.2,40.616,19.113
238,0.9698,3577.1,4269.7,8.6353,27.05,42.287,2654.5,73.225,120.41,0.37913,80.801,50.495,2579.7,25.284,48.527,3064.1,22.839,72.67,388.19,330.95,94.829,77.304,31.7,9.1923,25.176,6.9184,20.176,1.7453,31.799,14.362,22.505,1.219,20.564,2.3114,4.9653,2.4111,0.0068884,0.92296,0.1063,53.497,44.017,63.441,51.52,95.557,56.611,18.803,46.521,39.556,43.125,99.775,41.204,19.249
239,0.9308,3596.1,4287.6,8.7038,27.014,42.523,2656.4,72.614,120.42,0.37272,80.914,49.373,2583.6,24.829,49.577,3062.0,23.183,72.705,387.31,333.02,94.804,77.345,31.872,9.2523,24.852,6.8878,20.295,1.7609,32.63,14.45,22.462,1.4858,20.406,2.332,4.902,2.3205,0.0068884,0.92296,0.1063,53.497,44.017,62.191,51.058,91.683,58.987,19.462,45.291,36.256,45.556,99.865,40.543,18.394
240,0.93,3598.1,4291.1,8.7665,27.137,42.303,2656.3,72.712,120.41,0.3735,80.735,50.58,2581.9,26.241,49.478,3063.0,23.18,72.643,387.31,333.67,94.888,77.125,31.872,9.2523,24.852,6.8878,20.295,1.7609,32.63,14.45,22.462,1.4858,20.406,2.332,4.902,2.3205,0.0068884,0.92296,0.1063,53.497,44.017,62.157,51.016,91.761,56.842,19.32,45.196,39.808,45.327,100.04,40.438,18.391
241,0.91622,3600.6,4255.5,8.8421,27.143,42.708,2658.3,74.288,120.4,0.3855,80.767,49.74,2585.4,25.219,50.956,3062.8,23.409,72.572,386.46,334.78,94.867,77.706,32.085,9.2469,25.153,6.9061,19.343,1.7224,32.365,14.196,21.662,1.4653,20.807,2.3353,4.9541,2.3522,0.019769,0.8804,0.10154,54.01,43.821,62.364,50.903,90.658,57.578,19.946,46.941,37.334,48.746,100.1,40.162,17.78
242,0.9193,3621.5,4253.8,8.916,27.195,42.301,2664.8,72.353,120.42,0.38957,81.209,49.306,2592.6,23.843,50.217,3067.5,23.49,72.643,387.12,337.16,94.68,77.914,32.085,9.2469,25.153,6.9061,19.343,1.7224,32.365,14.196,21.662,1.4653,20.807,2.3353,4.9541,2.3522,0.019769,0.8804,0.10154,54.01,43.821,62.003,50.924,90.355,59.142,20.185,46.446,36.057,47.036,99.987,41.047,17.499
243,0.90193,3622.8,4396.5,8.899,26.83,42.715,2667.3,72.264,120.42,0.36111,80.99,49.746,2595.3,26.162,49.441,3069.5,24.294,72.683,387.56,338.03,94.56,77.277,31.859,9.2851,25.06,6.8116,19.888,1.6895,32.862,14.179,21.922,1.5327,20.097,2.3074,5.0111,2.4191,0.019769,0.8804,0.10154,54.01,43.821,61.805,51.378,88.448,58.925,20.398,43.87,37.351,45.24,99.971,41.153,15.592
244,0.90125,3583.9,4333.7,9.0045,26.94,42.542,2671.0,72.272,120.42,0.36221,80.838,51.656,2599.2,25.015,50.853,3071.5,23.819,72.622,388.19,339.61,94.604,77.896,31.859,9.2851,25.06,6.8116,19.888,1.6895,32.862,14.179,21.922,1.5327,20.097,2.3074,5.0111,2.4191,0.019769,0.8804,0.10154,54.01,43.821,62.476,52.13,88.515,59.914,21.021,43.736,42.973,48.507,99.843,40.95,16.64
245,0.92625,3626.8,4241.2,9.0056,26.646,42.23,2674.4,72.79,120.42,0.36639,80.858,50.863,2603.4,24.85,49.683,3075.4,22.668,72.628,387.37,340.86,94.456,77.589,32.831,9.0485,25.123,6.9274,19.476,1.7024,33.092,14.101,21.397,1.3697,19.535,2.3742,5.0353,2.414,0.019769,0.8804,0.10154,54.01,43.821,62.588,51.756,90.793,58.244,20.946,43.318,40.64,45.799,100.02,41.462,19.34
246,0.92303,3650.2,4338.6,9.153,26.983,42.847,2676.7,72.121,120.43,0.36523,80.602,49.919,2605.5,24.497,49.234,3076.8,22.707,72.577,386.85,342.23,94.442,77.277,32.831,9.0485,25.123,6.9274,19.476,1.7024,33.092,14.101,21.397,1.3697,19.535,2.3742,5.0353,2.414,0.0062071,0.82217,0.092093,53.319,43.242,62.186,50.59,91.109,58.975,21.519,43.459,37.86,44.762,100.1,42.045,19.25
247,0.83073,3596.3,4341.2,9.0347,26.952,42.531,2680.6,71.487,120.41,0.36026,80.565,50.26,2608.9,25.708,48.401,3077.1,24.26,72.483,386.96,343.93,94.52,77.953,33.082,9.1145,24.264,6.7219,18.63,1.7271,33.214,14.254,22.301,1.2666,19.592,2.3332,4.9845,2.4225,0.0062071,0.82217,0.092093,53.319,43.242,62.108,51.418,81.378,59.418,22.057,42.45,38.866,42.834,100.22,41.174,15.477
248,0.83029,3601.0,4304.3,9.1752,27.186,42.603,2687.2,72.66,120.43,0.35922,80.851,48.57,2617.0,23.632,50.793,3082.4,22.967,72.516,389.24,345.06,94.332,78.169,33.082,9.1145,24.264,6.7219,18.63,1.7271,33.214,14.254,22.301,1.2666,19.592,2.3332,4.9845,2.4225,0.0062071,0.82217,0.092093,53.319,43.242,62.028,51.86,81.422,60.003,22.629,42.577,33.891,48.37,99.986,42.015,18.462
249,0.79848,3673.8,4392.6,9.2019,27.014,42.895,2688.8,71.807,120.41,0.38038,80.534,48.477,2617.8,26.315,49.869,3085.7,23.804,72.522,388.14,346.17,94.391,77.623,32.863,8.9078,25.415,6.7615,19.255,1.6903,34.457,14.175,21.92,1.1098,19.082,2.358,4.9529,2.3609,0.0062071,0.82217,0.092093,53.319,43.242,62.633,52.834,78.192,58.889,22.189,44.595,33.619,46.232,99.987,41.967,16.478
250,0.79533,3664.5,4416.7,9.1829,27.216,42.674,2692.5,72.594,120.45,0.3802,80.302,51.726,2621.9,25.607,49.764,3086.8,24.055,72.443,390.53,347.59,94.211,77.496,32.863,8.9078,25.415,6.7615,19.255,1.6903,34.457,14.175,21.92,1.1098,19.082,2.358,4.9529,2.3609,0.0062071,0.82217,0.092093,53.319,43.242,62.792,52.545,78.502,59.868,22.86,44.618,43.179,45.988,99.846,41.688,15.86
251,0.81011,3662.1,4322.4,9.3101,26.716,42.584,2698.2,71.116,120.4,0.37462,80.314,50.156,2628.2,22.398,48.756,3090.3,23.236,72.371,392.29,348.65,94.273,77.785,33.085,8.9428,25.511,6.7348,18.089,1.6868,34.207,14.115,21.95,1.2341,18.046,2.3068,5.0971,2.3254,0.016589,0.78133,0.097806,53.98,43.53,62.619,52.112,79.615,58.719,23.331,43.767,38.558,43.654,99.614,41.26,17.749
252,0.80838,3646.0,4315.3,9.2652,27.007,42.671,2701.6,72.903,120.41,0.37414,80.147,50.527,2631.6,25.952,49.502,3093.7,23.427,72.328,392.59,349.94,94.208,77.683,33.085,8.9428,25.511,6.7348,18.089,1.6868,34.207,14.115,21.95,1.2341,18.046,2.3068,5.0971,2.3254,0.016589,0.78133,0.097806,53.98,43.53,62.895,52.198,79.785,59.855,23.401,43.826,39.65,45.381,99.885,42.163,17.27
253,0.7796,3678.9,4463.9,9.2582,26.513,42.299,2706.3,72.301,120.39,0.3723,79.999,49.22,2636.0,24.474,49.559,3096.5,23.35,72.274,392.84,351.02,94.193,77.584,32.76,8.994,25.408,6.666,17.962,1.688,34.199,13.996,22.846,1.2284,18.623,2.3245,4.8361,2.3548,0.016589,0.78133,0.097806,53.98,43.53,62.691,53.298,76.785,62.231,23.73,42.911,35.805,45.513,99.854,41.622,17.433
254,0.77833,3661.4,4475.0,9.2655,27.267,42.922,2712.5,72.157,120.43,0.36895,80.114,48.331,2643.2,24.733,50.308,3102.7,22.837,72.227,394.22,351.9,94.034,78.124,32.76,8.994,25.408,6.666,17.962,1.688,34.199,13.996,22.846,1.2284,18.623,2.3245,4.8361,2.3548,0.016589,0.78133,0.097806,53.98,43.53,62.992,53.165,76.91,60.519,24.569,43.319,33.187,47.247,99.82,43.114,18.577
255,0.80466,3674.6,4498.1,9.309,27.019,42.74,2717.7,72.642,120.4,0.35757,79.861,50.447,2648.2,25.645,49.041,3108.1,23.318,72.21,393.08,352.41,94.001,77.71,33.647,8.9736,26.086,6.7289,17.825,1.7306,34.675,14.02,22.308,0.91806,17.905,2.3678,4.8811,2.3841,0.016589,0.78133,0.097806,53.98,43.53,63.538,53.325,79.006,60.168,24.166,41.865,39.417,44.315,99.83,41.766,17.438
256,0.80448,3678.8,4500.0,9.3351,26.586,42.497,2723.0,72.152,120.41,0.36127,79.685,52.301,2653.4,26.113,48.819,3111.7,23.859,72.158,392.44,353.41,93.932,77.79,33.647,8.9736,26.086,6.7289,17.825,1.7306,34.675,14.02,22.308,0.91806,17.905,2.3678,4.8811,2.3841,0.024011,0.72762,0.091081,53.994,44.22,63.466,53.302,79.024,60.121,24.423,41.414,44.871,43.8,99.574,42.665,16.128
257,0.70821,3659.5,4496.7,9.2063,27.015,43.068,2728.7,72.05,120.42,0.36343,79.839,48.145,2660.5,22.471,49.397,3116.4,22.664,72.084,392.93,354.66,93.893,78.363,33.64,9.0188,25.807,6.63,17.965,1.7144,34.98,13.919,23.225,1.2705,17.452,2.2641,4.8665,2.3009,0.024011,0.72762,0.091081,53.994,44.22,63.421,53.828,69.527,60.324,25.274,42.074,32.642,45.139,99.847,42.814,18.881
258,0.70742,3671.0,4510.5,9.1815,26.885,42.56,2735.1,72.846,120.4,0.36491,79.936,49.387,2666.9,26.08,48.706,3120.7,24.053,72.129,394.25,354.82,93.913,77.999,33.64,9.0188,25.807,6.63,17.965,1.7144,34.98,13.919,23.225,1.2705,17.452,2.2641,4.8665,2.3009,0.024011,0.72762,0.091081,53.994,44.22,63.223,53.662,69.605,59.804,25.634,41.893,36.296,43.538,99.926,42.565,15.551
259,0.69337,3680.3,4494.1,9.322,27.133,42.453,2739.3,72.411,120.43,0.35602,79.929,48.435,2671.3,24.239,49.131,3124.9,23.205,72.184,392.76,355.28,93.736,78.448,32.895,9.0449,26.307,6.7382,17.591,1.6676,35.274,13.896,23.417,1.0163,17.346,2.3306,4.6763,2.3859,0.024011,0.72762,0.091081,53.994,44.22,64.121,53.663,68.157,60.163,25.812,40.497,33.494,44.524,99.931,43.142,17.479
260,0.69051,3670.3,4503.0,9.1255,27.06,42.712,2740.8,73.541,120.4,0.35699,79.724,48.885,2672.9,25.916,47.879,3125.6,22.297,72.248,394.7,355.48,93.976,77.377,32.895,9.0449,26.307,6.7382,17.591,1.6676,35.274,13.896,23.417,1.0163,17.346,2.3306,4.6763,2.3859,0.024011,0.72762,0.091081,53.994,44.22,64.294,53.556,68.438,62.869,25.999,40.378,34.818,41.626,99.575,42.437,19.669
261,0.75376,3686.2,4529.3,9.3291,26.654,42.732,2741.2,72.511,120.38,0.35369,79.215,50.394,2673.5,25.067,46.857,3126.0,23.528,72.111,390.74,356.52,93.743,77.084,32.957,8.7494,26.145,6.907,17.438,1.6801,34.878,13.823,23.292,1.2851,16.989,2.2406,4.7091,2.4172,-0.00082107,0.69998,0.10116,52.77,44.484,63.258,54.328,74.177,59.937,25.827,40.303,39.259,39.261,98.719,42.141,16.779
262,0.7537,3711.0,4465.2,9.298,27.035,42.748,2744.1,73.275,120.38,0.35587,78.848,49.998,2676.2,27.195,50.352,3128.4,24.131,71.884,393.48,357.04,94.112,77.368,32.957,8.7494,26.145,6.907,17.438,1.6801,34.878,13.823,23.292,1.2851,16.989,2.2406,4.7091,2.4172,-0.00082107,0.69998,0.10116,52.77,44.484,62.832,55.095,74.184,60.374,26.206,40.037,38.094,47.348,98.14,42.673,15.344
263,0.73839,3627.3,4527.7,9.3322,26.46,42.605,2750.4,73.241,120.37,0.34714,78.959,50.506,2683.1,23.234,50.314,3133.0,23.416,71.746,393.08,357.07,93.944,77.962,33.398,8.6019,26.885,6.7794,17.26,1.649,35.053,13.882,24.005,1.0952,16.5,2.2804,4.7027,2.1588,-0.00082107,0.69998,0.10116,52.77,44.484,62.847,54.933,72.991,63.064,26.484,39.194,39.59,47.261,97.842,42.594,16.987
264,0.74226,3621.8,4572.1,9.2452,26.99,42.82,2758.3,73.702,120.39,0.34739,79.14,50.535,2690.9,24.903,50.412,3139.1,23.311,71.717,390.33,357.71,94.164,77.931,33.398,8.6019,26.885,6.7794,17.26,1.649,35.053,13.882,24.005,1.0952,16.5,2.2804,4.7027,2.1588,-0.00082107,0.69998,0.10116,52.77,44.484,62.941,54.401,72.61,61.42,26.986,39.163,39.674,47.488,97.752,42.504,17.205
265,0.68696,3687.8,4572.7,9.2772,26.741,42.411,2765.1,73.401,120.41,0.3537,79.357,50.719,2698.8,24.974,48.87,3144.1,23.449,71.769,389.29,358.15,93.775,77.705,33.76,8.793,26.771,6.663,17.371,1.6529,34.931,13.737,24.191,1.1154,16.295,2.2945,4.5783,2.1853,-0.00082107,0.69998,0.10116,52.77,44.484,62.961,55.072,67.648,59.695,27.357,40.017,40.216,43.919,97.505,42.775,16.841
266,0.68627,3694.7,4592.2,9.2403,26.892,42.633,2764.9,74.067,120.4,0.35333,78.96,49.37,2697.9,24.466,49.148,3145.8,22.934,71.778,387.22,358.42,94.021,77.345,33.76,8.793,26.771,6.663,17.371,1.6529,34.931,13.737,24.191,1.1154,16.295,2.2945,4.5783,2.1853,0.0049463,0.65454,0.090642,53.047,44.652,62.843,54.839,67.715,60.258,27.064,40.062,36.246,44.562,96.424,42.7,18.081
267,0.63761,3715.8,4588.3,9.2044,27.02,42.122,2765.8,73.792,120.4,0.3346,78.66,49.702,2697.9,24.609,49.651,3145.8,22.033,71.631,388.24,358.58,93.792,77.309,33.724,8.7335,26.278,6.791,17.16,1.6642,35.495,13.604,24.061,1.1407,16.671,2.2261,4.5707,2.176,0.0049463,0.65454,0.090642,53.047,44.652,63.653,54.859,62.767,58.718,27.412,38.435,37.223,45.726,95.602,43.246,20.221
268,0.63732,3685.0,4595.5,9.2117,26.765,42.796,2765.5,73.293,120.38,0.34056,78.439,49.311,2698.4,26.216,52.195,3145.0,22.954,71.452,385.12,358.66,94.01,77.428,33.724,8.7335,26.278,6.791,17.16,1.6642,35.495,13.604,24.061,1.1407,16.671,2.2261,4.5707,2.176,0.0049463,0.65454,0.090642,53.047,44.652,64.182,54.773,62.795,60.677,27.452,37.708,36.073,51.613,95.157,42.14,18.043
269,0.62531,3677.8,4623.5,9.2042,26.785,42.377,2769.3,73.725,120.4,0.32377,78.644,51.514,2702.6,25.77,49.277,3147.3,23.715,71.376,384.55,358.2,93.89,77.435,34.231,8.4536,27.286,6.8507,17.349,1.6559,35.148,13.645,24.626,0.9603,16.302,2.2597,4.5795,2.1558,0.0049463,0.65454,0.090642,53.047,44.652,63.33,55.211,61.483,58.905,27.417,35.975,42.554,44.86,94.484,42.604,16.217
270,0.62521,3633.2,4614.7,9.081,27.077,42.155,2770.6,74.963,120.36,0.32255,78.624,48.569,2703.2,24.959,48.971,3149.7,24.226,71.336,383.19,357.76,93.98,77.62,34.231,8.4536,27.286,6.8507,17.349,1.6559,35.148,13.645,24.626,0.9603,16.302,2.2597,4.5795,2.1558,0.0049463,0.65454,0.090642,53.047,44.652,64.097,55.316,61.493,61.234,27.681,36.124,33.888,44.153,93.884,41.824,14.984
271,0.55694,3661.6,4656.5,9.0711,26.84,42.691,2770.9,75.841,120.4,0.32762,78.664,49.211,2704.3,24.563,48.502,3149.2,22.815,71.284,378.52,357.6,94.082,77.301,33.331,8.7163,26.919,6.8255,17.516,1.657,34.811,13.614,24.776,0.9971,15.715,2.2418,4.5527,2.172,0.014553,0.66864,0.073699,53.43,43.331,63.143,54.608,54.905,59.735,27.796,36.309,35.778,43.067,92.132,42.623,18.344
272,0.55965,3645.9,4597.5,9.1567,26.781,42.421,2770.0,74.675,120.34,0.32952,78.612,50.426,2703.0,24.466,49.636,3149.1,24.002,71.19,375.34,357.36,94.183,77.523,33.331,8.7163,26.919,6.8255,17.516,1.657,34.811,13.614,24.776,0.9971,15.715,2.2418,4.5527,2.172,0.014553,0.66864,0.073699,53.43,43.331,63.414,55.314,54.638,57.687,27.455,36.077,39.354,45.692,91.069,41.456,15.496
273,0.62781,3642.3,4640.3,9.0073,27.177,42.41,2771.5,75.609,120.39,0.31733,78.639,49.968,2704.3,24.226,47.614,3150.7,23.128,71.113,371.09,356.61,94.078,77.408,33.319,8.5965,27.425,6.764,17.227,1.6383,35.091,13.577,25.225,1.0467,15.633,2.2054,4.5416,2.2209,0.014553,0.66864,0.073699,53.43,43.331,63.737,54.617,61.783,59.91,27.402,36.45,38.005,41.011,90.104,42.535,17.57
274,0.62724,3658.3,4619.3,8.9377,27.215,42.413,2770.7,74.618,120.39,0.32329,78.397,48.932,2704.0,22.959,48.667,3149.9,22.8,70.972,370.0,356.5,94.247,76.825,33.319,8.5965,27.425,6.764,17.227,1.6383,35.091,13.577,25.225,1.0467,15.633,2.2054,4.5416,2.2209,0.014553,0.66864,0.073699,53.43,43.331,63.461,54.868,61.839,60.498,27.666,35.723,34.956,43.449,88.864,41.815,18.406
275,0.61689,3698.4,4640.8,9.0545,26.605,42.784,2770.0,76.222,120.41,0.31268,78.111,48.857,2701.9,23.994,50.212,3148.8,21.96,70.763,368.17,355.99,94.136,76.779,33.254,8.6727,27.71,6.6966,17.001,1.6229,34.466,13.665,25.37,1.2856,16.027,2.2454,4.5181,2.1892,0.014553,0.66864,0.073699,53.43,43.331,63.394,55.557,60.776,59.047,27.03,35.698,34.738,47.024,87.701,42.515,20.439
276,0.62053,3673.9,4667.8,9.0858,26.834,42.194,2769.3,75.633,120.37,0.31575,78.196,48.895,2701.9,25.79,49.962,3149.4,23.676,70.601,363.18,355.6,94.338,77.201,33.254,8.6727,27.71,6.6966,17.001,1.6229,34.466,13.665,25.37,1.2856,16.027,2.2454,4.5181,2.1892,0.016802,0.66486,0.077702,54.798,43.44,63.815,55.233,60.418,57.492,27.035,35.323,34.848,46.447,86.876,40.823,16.353
277,0.61394,3684.9,4685.3,8.8667,27.304,42.541,2770.0,75.902,120.45,0.32238,78.319,49.832,2701.9,23.351,46.883,3151.6,23.865,70.5,360.75,354.83,94.15,77.07,33.087,8.6719,27.318,6.6515,17.587,1.6458,34.967,13.518,25.58,1.1026,16.143,2.2225,4.5019,2.2513,0.016802,0.66486,0.077702,54.798,43.44,64.36,55.857,60.05,60.906,26.89,36.572,37.604,39.32,85.796,42.876,15.911
278,0.61233,3684.2,4710.4,8.9306,27.603,42.208,2770.1,75.461,120.38,0.32448,78.54,50.616,2702.8,23.36,49.224,3151.8,23.636,70.449,359.45,354.23,94.199,77.343,33.087,8.6719,27.318,6.6515,17.587,1.6458,34.967,13.518,25.58,1.1026,16.143,2.2225,4.5019,2.2513,0.016802,0.66486,0.077702,54.798,43.44,64.372,55.558,60.208,59.191,26.991,36.316,39.914,44.737,84.617,41.362,16.434
279,0.61733,3723.6,4611.2,8.9774,26.507,42.36,2768.7,75.409,120.4,0.30494,78.649,48.678,2701.4,26.154,47.81,3150.7,22.981,70.422,354.21,353.06,94.074,76.886,32.754,8.6226,27.563,6.9991,17.315,1.6052,34.205,13.579,26.048,1.2034,15.971,2.2361,4.4517,2.0138,0.016802,0.66486,0.077702,54.798,43.44,64.286,55.557,60.88,57.141,26.594,34.417,34.211,41.465,83.788,42.64,18.016
280,0.6167,3744.1,4562.0,8.776,27.052,42.261,2763.7,75.844,120.4,0.3049,78.471,49.617,2695.5,25.328,49.588,3147.6,23.271,70.332,350.47,352.46,94.157,76.77,32.754,8.6226,27.563,6.9991,17.315,1.6052,34.205,13.579,26.048,1.2034,15.971,2.2361,4.4517,2.0138,0.016802,0.66486,0.077702,54.798,43.44,63.933,56.145,60.943,59.013,26.425,34.422,36.972,45.581,82.83,41.52,17.356
281,0.64313,3600.0,4665.1,8.7683,26.702,42.136,2762.8,76.547,120.37,0.31281,78.558,49.323,2695.1,24.36,48.057,3144.7,23.106,70.223,349.39,352.16,94.332,77.125,32.799,8.7939,27.486,6.9025,17.383,1.6774,34.571,13.622,25.683,1.1665,16.548,2.2568,4.4782,2.1868,0.025181,0.68565,0.066526,53.744,44.682,63.417,55.803,63.186,57.313,26.439,34.691,36.108,42.038,81.242,41.031,17.73
282,0.64195,3634.2,4646.7,8.8042,26.651,42.21,2761.7,76.004,120.38,0.30885,78.753,49.689,2694.0,26.764,50.463,3144.4,22.95,70.151,343.97,351.0,94.468,76.923,32.799,8.7939,27.486,6.9025,17.383,1.6774,34.571,13.622,25.683,1.1665,16.548,2.2568,4.4782,2.1868,0.025181,0.68565,0.066526,53.744,44.682,62.828,56.023,63.302,55.579,26.327,35.174,37.184,47.604,80.267,41.11,18.108
283,0.63155,3680.1,4669.0,8.6645,27.088,42.104,2757.5,76.119,120.37,0.31223,78.511,50.703,2688.1,25.404,48.933,3142.5,22.272,70.048,339.33,350.45,94.604,76.717,33.303,8.6614,27.428,7.004,17.67,1.6705,33.951,13.617,25.585,1.221,16.471,2.2151,4.572,2.1194,0.025181,0.68565,0.066526,53.744,44.682,62.821,55.83,62.256,55.914,25.675,35.581,40.168,44.064,79.227,41.007,19.752
284,0.63258,3658.6,4660.1,8.7254,27.037,42.129,2753.6,76.598,120.34,0.3116,78.502,50.644,2685.0,26.092,49.372,3140.1,22.244,69.929,337.05,349.26,94.565,76.381,33.303,8.6614,27.428,7.004,17.67,1.6705,33.951,13.617,25.585,1.221,16.471,2.2151,4.572,2.1194,0.025181,0.68565,0.066526,53.744,44.682,63.191,55.937,62.155,56.713,25.288,35.659,39.996,45.081,77.985,40.817,19.87
285,0.57431,3627.7,4653.4,8.5808,26.775,41.967,2751.3,76.307,120.38,0.30928,78.609,51.209,2683.5,23.715,48.441,3136.0,23.431,69.755,336.56,348.88,94.672,76.901,32.496,8.8104,27.239,6.8913,17.791,1.6026,33.799,13.532,25.54,1.2158,16.8,2.1863,4.5949,2.1253,0.025181,0.68565,0.066526,53.744,44.682,62.766,55.522,56.533,58.259,25.583,35.512,41.658,42.926,76.589,40.531,17.026
286,0.57454,3635.6,4631.7,8.7077,27.185,42.179,2749.2,76.078,120.35,0.30796,78.901,50.0,2680.3,25.399,50.195,3135.5,23.03,69.711,329.56,346.99,94.788,77.044,32.496,8.8104,27.239,6.8913,17.791,1.6026,33.799,13.532,25.54,1.2158,16.8,2.1863,4.5949,2.1253,0.024796,0.70609,0.066096,54.286,43.796,62.629,55.781,56.51,56.223,25.245,35.673,38.101,46.984,76.018,40.216,17.967
287,0.64497,3657.1,4693.1,8.6653,26.788,42.11,2748.4,77.407,120.4,0.29505,79.113,50.876,2679.3,27.197,49.007,3136.0,22.133,69.698,324.77,346.27,94.735,76.97,32.606,8.9055,27.372,7.018,18.142,1.6436,33.438,13.566,25.566,1.3349,17.19,2.2493,4.6286,2.1851,0.024796,0.70609,0.066096,54.286,43.796,63.186,54.925,63.492,56.383,24.651,34.601,40.679,44.235,75.11,41.555,20.085
288,0.64493,3646.9,4646.7,8.5748,26.882,41.973,2744.0,77.379,120.39,0.29207,79.064,50.067,2674.4,24.687,48.574,3133.4,22.949,69.642,320.19,345.15,94.718,76.923,32.606,8.9055,27.372,7.018,18.142,1.6436,33.438,13.566,25.566,1.3349,17.19,2.2493,4.6286,2.1851,0.024796,0.70609,0.066096,54.286,43.796,63.362,55.481,63.496,56.331,24.087,34.964,38.296,43.234,74.188,41.014,18.163
289,0.63348,3644.7,4614.7,8.494,26.645,42.283,2737.5,76.731,120.37,0.29828,78.998,50.179,2667.4,26.728,50.262,3129.5,22.674,69.571,317.61,343.75,94.921,76.334,32.121,8.9274,27.431,6.7189,18.25,1.6117,33.218,13.784,25.903,1.1236,17.196,2.2429,4.5921,2.2117,0.024796,0.70609,0.066096,54.286,43.796,62.219,55.14,61.775,57.695,23.736,34.719,38.626,47.141,73.089,40.689,18.872
290,0.63414,3592.7,4588.7,8.4334,26.985,41.988,2732.0,76.177,120.38,0.30172,78.874,49.436,2661.5,23.889,49.969,3124.1,23.139,69.425,315.21,343.22,94.925,76.329,32.121,8.9274,27.431,6.7189,18.25,1.6117,33.218,13.784,25.903,1.1236,17.196,2.2429,4.5921,2.2117,0.024796,0.70609,0.066096,54.286,43.796,63.114,55.45,61.71,59.039,23.472,34.3,36.441,46.461,71.985,39.785,17.808
291,0.67559,3716.9,4581.2,8.693,27.024,41.869,2729.0,76.823,120.42,0.32062,78.934,50.811,2657.6,25.049,48.959,3122.8,22.727,69.261,310.97,341.77,94.95,76.463,31.899,8.8473,27.653,6.9405,18.334,1.6457,32.252,13.762,25.463,1.2433,17.713,2.2682,4.6509,2.1788,0.013874,0.73205,0.078551,53.95,44.432,63.614,55.373,66.497,55.595,23.347,37.588,40.488,44.125,71.324,41.059,18.81
292,0.67604,3711.1,4564.6,8.4849,26.788,42.091,2725.9,75.921,120.42,0.31702,79.182,49.626,2654.3,23.977,50.74,3120.7,22.361,69.165,310.7,340.65,94.782,76.684,31.899,8.8473,27.653,6.9405,18.334,1.6457,32.252,13.762,25.463,1.2433,17.713,2.2682,4.6509,2.1788,0.013874,0.73205,0.078551,53.95,44.432,63.713,55.573,66.453,54.691,22.587,38.027,36.999,48.246,70.157,40.234,19.677
293,0.69816,3634.7,4605.2,8.4665,27.307,42.164,2722.5,76.397,120.39,0.31421,79.369,48.95,2650.6,25.86,51.063,3117.7,23.918,69.094,307.09,339.54,94.927,76.906,31.197,8.8939,27.072,6.8716,18.049,1.6386,32.494,13.831,25.707,1.2713,17.334,2.2185,4.6652,2.2367,0.013874,0.73205,0.078551,53.95,44.432,63.133,54.96,68.865,55.616,22.844,37.708,35.01,48.993,69.289,40.522,15.978
294,0.70145,3640.4,4633.3,8.5466,26.84,42.237,2719.4,76.616,120.4,0.31626,79.557,49.754,2647.8,27.561,48.966,3116.3,22.664,69.079,305.75,338.58,94.971,76.63,31.197,8.8939,27.072,6.8716,18.049,1.6386,32.494,13.831,25.707,1.2713,17.334,2.2185,4.6652,2.2367,0.013874,0.73205,0.078551,53.95,44.432,63.035,54.624,68.542,56.259,22.154,37.458,37.377,44.141,68.219,40.068,18.978
295,0.77484,3645.1,4629.7,8.4137,27.245,42.178,2715.1,76.287,120.42,0.3198,79.51,48.025,2643.2,25.319,51.61,3114.7,23.933,69.056,299.77,337.05,94.939,76.544,31.295,8.8675,27.157,7.0575,19.269,1.6741,32.155,13.747,25.392,1.3703,18.189,2.2481,4.7182,2.3286,0.013874,0.73205,0.078551,53.95,44.432,63.537,55.467,75.987,55.793,22.05,38.84,32.289,50.261,67.564,39.851,15.994
296,0.77308,3672.4,4590.8,8.4744,26.923,42.246,2712.8,75.842,120.41,0.31975,79.668,48.939,2640.8,24.002,51.357,3113.5,23.848,68.965,297.98,336.61,95.018,76.821,31.295,8.8675,27.157,7.0575,19.269,1.6741,32.155,13.747,25.392,1.3703,18.189,2.2481,4.7182,2.3286,0.0024947,0.78545,0.09164,53.729,44.429,63.067,55.931,76.16,55.481,21.382,38.846,34.978,49.674,66.996,41.042,16.183
297,0.77602,3637.5,4531.5,8.4475,27.117,41.742,2711.2,76.827,120.39,0.31425,80.01,50.855,2639.2,24.442,48.428,3112.0,22.837,68.957,295.72,335.74,94.911,77.204,31.535,8.721,27.031,6.8308,18.811,1.6678,31.831,13.924,25.229,1.0824,18.867,2.2661,4.6244,2.2447,0.0024947,0.78545,0.09164,53.729,44.429,61.959,53.666,75.947,54.774,21.456,37.229,40.617,42.896,66.21,39.902,18.541
298,0.77471,3637.1,4521.5,8.4102,26.79,42.081,2707.4,76.635,120.38,0.31141,80.013,51.362,2635.3,24.124,49.843,3108.2,24.326,68.951,291.32,335.24,95.113,76.887,31.535,8.721,27.031,6.8308,18.811,1.6678,31.831,13.924,25.229,1.0824,18.867,2.2661,4.6244,2.2447,0.0024947,0.78545,0.09164,53.729,44.429,61.966,53.785,76.076,56.633,21.491,37.575,42.107,46.171,65.615,39.905,15.03
299,0.75909,3671.2,4571.3,8.3249,26.948,42.026,2703.1,76.141,120.4,0.33062,80.04,48.797,2630.2,25.797,49.049,3105.6,23.857,68.921,287.67,334.75,95.077,76.673,31.247,9.1031,27.05,7.056,18.965,1.6717,31.875,13.763,25.146,1.3624,18.576,2.2987,4.8335,2.289,0.0024947,0.78545,0.09164,53.729,44.429,63.309,54.271,74.625,55.563,20.82,39.98,34.559,44.333,64.956,39.485,16.16
300,0.75807,3692.9,4586.0,8.2823,26.969,41.826,2697.7,76.296,120.42,0.32822,80.002,49.748,2624.5,26.286,48.764,3101.6,22.431,68.825,286.34,333.15,95.01,76.638,31.247,9.1031,27.05,7.056,18.965,1.6717,31.875,13.763,25.146,1.3624,18.576,2.2987,4.8335,2.289,0.0024947,0.78545,0.09164,53.729,44.429,62.935,54.095,74.726,56.501,20.403,40.272,37.359,43.674,64.095,40.515,19.567
301,0.79616,3598.1,4507.9,8.4672,26.74,42.287,2693.5,76.551,120.37,0.31186,79.928,49.075,2619.4,25.719,48.157,3097.5,23.46,68.745,286.14,332.36,95.198,76.632,31.45,8.9462,26.298,6.8824,19.663,1.6829,31.339,13.967,24.839,1.1925,19.51,2.2195,4.9354,2.2569,0.027254,0.80936,0.091121,53.625,43.967,62.534,54.632,78.082,56.024,20.01,37.988,35.379,42.269,64.366,39.457,17.147
302,0.79426,3633.5,4538.7,8.4076,26.827,41.599,2691.8,76.546,120.4,0.31104,80.22,48.493,2618.0,24.227,49.481,3096.6,22.474,68.707,285.53,331.9,95.232,76.876,31.45,8.9462,26.298,6.8824,19.663,1.6829,31.339,13.967,24.839,1.1925,19.51,2.2195,4.9354,2.2569,0.027254,0.80936,0.091121,53.625,43.967,61.924,54.263,78.269,54.031,20.26,38.088,33.666,45.333,63.98,39.992,19.475
303,0.78353,3625.8,4484.6,8.3949,26.873,41.82,2688.8,76.759,120.37,0.33301,80.302,49.778,2615.7,26.778,49.888,3092.6,23.829,68.723,282.8,331.43,95.198,76.76,30.658,8.9232,26.503,6.9575,19.029,1.667,31.533,13.998,24.103,1.2125,18.94,2.2827,4.8292,2.2502,0.027254,0.80936,0.091121,53.625,43.967,63.498,53.109,77.181,56.385,20.261,40.927,37.448,46.274,63.782,39.698,16.271
304,0.78265,3633.9,4465.8,8.4117,26.737,42.053,2683.2,75.244,120.42,0.33443,80.271,51.498,2610.1,25.73,50.351,3088.8,22.594,68.708,281.4,330.55,95.011,76.554,30.658,8.9232,26.503,6.9575,19.029,1.667,31.533,13.998,24.103,1.2125,18.94,2.2827,4.8292,2.2502,0.027254,0.80936,0.091121,53.625,43.967,63.358,53.333,77.268,54.992,19.683,40.755,42.507,47.345,63.466,40.318,19.233
305,0.87091,3632.5,4491.3,8.3599,27.369,42.021,2680.6,75.888,120.4,0.33585,80.242,50.251,2605.7,26.861,50.653,3088.4,23.969,68.635,282.25,329.59,95.345,76.802,31.19,9.0221,26.634,7.0365,19.357,1.6388,31.686,13.895,24.217,1.3413,19.659,2.2776,4.8285,2.2541,0.027254,0.80936,0.091121,53.625,43.967,62.687,54.488,85.977,54.764,19.511,41.643,38.838,48.044,62.954,39.472,15.98
306,0.87372,3640.7,4533.4,8.4534,26.912,42.415,2681.1,75.943,120.42,0.33654,80.483,50.281,2606.3,24.614,50.42,3088.6,23.406,68.625,281.8,329.73,95.001,76.694,31.19,9.0221,26.634,7.0365,19.357,1.6388,31.686,13.895,24.217,1.3413,19.659,2.2776,4.8285,2.2541,0.027597,0.85308,0.10605,53.908,43.835,62.547,53.984,85.701,55.997,19.421,41.558,38.926,47.505,63.099,40.335,17.323
307,0.83383,3582.1,4498.0,8.5538,27.317,41.791,2678.9,75.869,120.38,0.328,80.572,49.42,2604.7,25.084,49.037,3086.3,23.803,68.644,278.44,329.07,95.274,77.224,30.646,9.1572,25.982,6.9107,19.509,1.6464,31.311,13.934,23.978,1.4451,19.598,2.3312,4.8886,2.3283,0.027597,0.85308,0.10605,53.908,43.835,62.753,53.531,82.081,53.522,19.548,40.029,36.392,44.304,63.195,39.436,16.344
308,0.83366,3598.6,4473.8,8.4563,27.004,42.021,2676.5,75.408,120.43,0.32968,80.682,48.412,2602.1,26.163,51.06,3084.9,23.947,68.699,279.14,329.14,95.104,76.949,30.646,9.1572,25.982,6.9107,19.509,1.6464,31.311,13.934,23.978,1.4451,19.598,2.3312,4.8886,2.3283,0.027597,0.85308,0.10605,53.908,43.835,62.469,53.821,82.097,54.348,19.345,39.824,33.427,48.987,62.929,39.796,16.015
309,0.90024,3631.6,4420.5,8.4936,26.962,42.362,2676.1,75.742,120.42,0.33282,80.803,51.986,2602.4,27.576,49.337,3085.9,22.95,68.706,278.78,328.53,95.21,77.078,31.205,8.92,26.085,7.016,19.839,1.7371,31.042,13.776,24.033,1.3367,19.696,2.3121,4.8834,2.3053,0.027597,0.85308,0.10605,53.908,43.835,62.918,53.976,88.498,57.728,19.225,40.635,43.944,44.999,62.755,40.041,18.369
310,0.89951,3648.3,4494.4,8.4503,26.901,42.157,2675.7,75.207,120.42,0.3322,80.845,49.164,2601.8,24.684,51.076,3084.1,23.429,68.724,277.95,328.75,94.86,77.077,31.205,8.92,26.085,7.016,19.839,1.7371,31.042,13.776,24.033,1.3367,19.696,2.3121,4.8834,2.3053,0.027597,0.85308,0.10605,53.908,43.835,62.632,53.091,88.57,57.064,19.039,40.71,35.64,49.025,62.623,39.723,17.225
311,0.85933,3607.8,4376.5,8.5731,27.054,41.576,2674.7,75.924,120.43,0.31339,81.0,49.109,2601.1,25.201,47.286,3082.9,22.462,68.74,278.01,329.17,95.125,77.146,31.292,8.9749,26.306,6.9101,19.816,1.67,31.383,13.998,23.69,1.3498,20.014,2.3013,4.9553,2.3198,0.016174,0.90029,0.12326,53.425,43.435,62.327,53.541,84.471,53.947,19.077,38.808,35.478,40.254,63.523,40.457,19.512
312,0.85893,3616.7,4430.6,8.4472,26.864,42.106,2669.3,75.95,120.39,0.31383,80.797,50.403,2595.4,25.368,50.297,3078.9,22.443,68.799,278.92,328.59,95.081,76.837,31.292,8.9749,26.306,6.9101,19.816,1.67,31.383,13.998,23.69,1.3498,20.014,2.3013,4.9553,2.3198,0.016174,0.90029,0.12326,53.425,43.435,62.176,52.893,84.511,54.243,18.803,38.754,39.287,47.222,63.717,39.47,19.583
313,0.85908,3675.9,4402.6,8.4842,27.116,42.06,2667.3,75.586,120.43,0.33882,80.755,51.122,2593.3,27.368,49.824,3075.6,22.869,68.794,281.85,329.1,95.164,76.757,31.032,9.0804,25.48,6.9476,19.464,1.7579,31.535,13.943,23.286,1.2826,19.896,2.3219,4.9481,2.3366,0.016174,0.90029,0.12326,53.425,43.435,62.009,53.108,84.767,58.35,18.985,41.758,41.403,46.127,63.734,41.001,18.588
314,0.86207,3660.4,4424.9,8.4614,26.753,42.028,2665.0,75.046,120.37,0.33779,80.761,50.809,2590.7,25.11,51.341,3074.1,22.904,68.75,282.12,328.47,94.998,76.976,31.032,9.0804,25.48,6.9476,19.464,1.7579,31.535,13.943,23.286,1.2826,19.896,2.3219,4.9481,2.3366,0.016174,0.90029,0.12326,53.425,43.435,62.275,52.842,84.473,57.896,18.812,41.884,40.482,49.638,63.987,39.183,18.503
315,0.89559,3629.4,4458.4,8.5446,27.227,42.218,2665.9,74.922,120.41,0.33197,80.918,50.583,2591.9,25.914,48.819,3074.0,23.062,68.788,283.0,328.97,95.093,77.229,30.991,8.9446,25.972,6.9007,19.964,1.7413,31.754,13.894,23.006,1.3315,20.066,2.3134,5.0561,2.3873,0.016174,0.90029,0.12326,53.425,43.435,62.435,53.157,88.228,57.932,19.141,41.333,39.815,43.801,64.185,40.546,18.107
316,0.89589,3669.4,4472.3,8.5042,27.167,41.967,2666.5,74.705,120.41,0.33401,81.131,47.699,2593.3,25.326,48.252,3075.5,22.982,68.884,283.5,329.21,94.967,77.439,30.991,8.9446,25.972,6.9007,19.964,1.7413,31.754,13.894,23.006,1.3315,20.066,2.3134,5.0561,2.3873,0.024084,0.91547,0.10554,53.623,43.313,61.747,52.992,88.199,60.185,19.13,41.083,31.328,42.488,65.692,40.306,18.267
317,0.90867,3628.1,4403.0,8.4542,26.909,42.227,2666.1,74.693,120.4,0.32884,81.128,49.566,2591.3,25.171,50.994,3074.8,22.494,69.012,287.29,329.38,94.907,77.434,31.567,9.0263,25.49,6.8963,19.904,1.7043,31.68,13.965,22.957,1.4262,20.142,2.3435,4.9992,2.3368,0.024084,0.91547,0.10554,53.623,43.313,62.829,52.438,90.126,57.231,18.762,40.537,36.824,48.833,66.177,40.45,19.413
318,0.91408,3633.6,4353.1,8.5793,26.662,42.156,2665.7,74.913,120.42,0.3289,81.21,49.963,2591.9,25.692,50.044,3073.8,21.772,69.114,291.5,329.98,94.797,77.321,31.567,9.0263,25.49,6.8963,19.904,1.7043,31.68,13.965,22.957,1.4262,20.142,2.3435,4.9992,2.3368,0.024084,0.91547,0.10554,53.623,43.313,62.735,53.036,89.594,55.406,18.999,40.529,37.992,46.637,66.619,41.127,21.124
319,0.86602,3656.1,4416.1,8.6232,26.63,42.206,2662.5,74.91,120.42,0.33887,81.134,50.828,2588.5,23.966,50.27,3071.6,23.39,69.193,292.34,329.69,94.964,77.49,31.346,9.1239,25.462,7.1554,20.175,1.691,31.856,13.824,22.694,1.4068,20.364,2.302,5.0785,2.3393,0.024084,0.91547,0.10554,53.623,43.313,62.37,52.233,85.212,56.167,18.614,41.381,40.537,47.158,67.359,39.527,17.259
320,0.86678,3642.7,4354.8,8.4197,27.112,42.309,2660.6,73.863,120.42,0.33944,81.123,51.421,2587.1,25.41,49.8,3069.9,22.522,69.3,292.1,330.06,94.836,77.079,31.346,9.1239,25.462,7.1554,20.175,1.691,31.856,13.824,22.694,1.4068,20.364,2.302,5.0785,2.3393,0.024084,0.91547,0.10554,53.623,43.313,62.601,52.967,85.138,57.075,18.711,41.313,42.281,46.072,68.194,39.981,19.345
321,0.89593,3612.4,4341.8,8.7568,26.906,42.182,2661.2,74.519,120.39,0.32355,81.119,52.873,2587.7,25.096,50.465,3067.8,23.204,69.347,297.7,331.56,95.104,77.21,31.551,9.1063,25.235,6.8271,19.836,1.7232,32.542,14.127,22.76,1.1697,20.237,2.3053,5.0406,2.3283,0.030948,0.90742,0.10288,55.102,43.259,60.713,52.243,87.972,56.116,19.214,39.587,46.554,47.611,69.024,40.095,17.712
322,0.89551,3579.0,4346.0,8.628,26.787,42.226,2661.4,74.653,120.38,0.31991,81.076,52.06,2587.9,25.297,49.986,3066.7,22.514,69.425,299.51,331.9,95.079,77.19,31.551,9.1063,25.235,6.8271,19.836,1.7232,32.542,14.127,22.76,1.1697,20.237,2.3053,5.0406,2.3283,0.030948,0.90742,0.10288,55.102,43.259,61.288,52.193,88.013,59.544,19.29,40.031,44.162,46.502,69.895,40.419,19.35
323,0.88455,3672.9,4370.9,8.67,26.785,42.211,2662.1,74.495,120.4,0.35562,80.996,50.049,2588.8,26.921,51.246,3069.0,22.721,69.479,304.38,332.12,95.041,77.378,31.358,9.0279,25.373,6.8166,19.722,1.7095,32.298,14.023,22.163,1.3543,20.226,2.3255,5.1564,2.3394,0.030948,0.90742,0.10288,55.102,43.259,62.45,52.522,86.716,57.213,19.327,44.004,38.245,49.418,70.491,40.255,18.844
324,0.88109,3641.2,4418.6,8.8281,26.853,42.468,2661.6,73.65,120.44,0.35805,81.019,50.546,2588.6,25.098,49.874,3069.6,23.562,69.56,305.24,332.75,94.7,77.197,31.358,9.0279,25.373,6.8166,19.722,1.7095,32.298,14.023,22.163,1.3543,20.226,2.3255,5.1564,2.3394,0.030948,0.90742,0.10288,55.102,43.259,62.994,51.95,87.056,56.909,18.989,43.707,39.707,46.243,71.442,41.736,16.852
325,0.9087,3670.9,4369.2,8.7192,26.85,41.979,2664.8,73.757,120.42,0.34617,81.109,51.301,2591.4,25.346,49.588,3069.5,23.049,69.624,307.3,333.77,94.831,77.962,32.075,9.1168,25.458,6.7038,19.572,1.7138,32.292,13.796,22.838,1.2094,19.902,2.3082,5.0398,2.3477,0.030948,0.90742,0.10288,55.102,43.259,62.634,52.652,89.503,56.405,19.662,42.747,41.928,45.58,72.282,40.248,18.008
326,0.91015,3661.1,4391.9,8.6763,26.466,41.945,2668.1,73.876,120.44,0.34981,81.488,49.701,2596.4,24.611,49.839,3072.5,22.775,69.81,308.01,334.48,94.468,77.711,32.075,9.1168,25.458,6.7038,19.572,1.7138,32.292,13.796,22.838,1.2094,19.902,2.3082,5.0398,2.3477,0.015194,0.88786,0.12022,53.861,43.058,62.801,52.381,89.359,57.822,19.768,42.304,37.219,46.161,73.163,41.372,18.629
327,0.84308,3689.2,4392.5,8.7108,26.747,42.367,2666.2,74.273,120.42,0.32256,81.294,50.093,2593.3,26.02,48.88,3072.8,22.453,69.979,311.9,334.03,94.566,77.294,32.2,9.0738,25.674,6.8024,19.356,1.7296,32.918,14.133,22.146,1.3524,19.81,2.3066,5.0364,2.3665,0.015194,0.88786,0.12022,53.861,43.058,63.421,52.593,83.276,58.432,19.441,39.685,38.374,43.942,73.794,41.592,19.406
328,0.84284,3729.5,4396.4,8.8066,26.761,42.272,2665.3,73.464,120.42,0.32735,81.129,48.774,2592.3,25.857,50.122,3069.6,22.524,70.031,313.75,335.05,94.439,77.581,32.2,9.0738,25.674,6.8024,19.356,1.7296,32.918,14.133,22.146,1.3524,19.81,2.3066,5.0364,2.3665,0.015194,0.88786,0.12022,53.861,43.058,62.729,52.547,83.299,58.013,19.891,39.1,34.492,46.817,74.605,41.585,19.206
329,0.83198,3689.8,4409.3,8.8701,26.684,42.612,2662.3,74.14,120.39,0.36264,81.044,49.674,2589.1,25.525,50.537,3066.9,23.055,70.111,317.67,335.78,94.619,77.374,32.011,9.0647,25.192,6.9076,19.221,1.7279,32.465,14.105,22.22,1.3659,19.386,2.3536,5.1108,2.4822,0.015194,0.88786,0.12022,53.861,43.058,62.669,52.808,82.107,57.178,19.858,44.015,37.14,47.776,75.231,40.664,17.953
330,0.83354,3642.7,4379.8,8.8723,26.946,42.689,2662.1,73.955,120.41,0.36366,81.047,50.025,2589.5,26.153,50.358,3066.4,23.101,70.166,318.51,336.25,94.569,77.627,32.011,9.0647,25.192,6.9076,19.221,1.7279,32.465,14.105,22.22,1.3659,19.386,2.3536,5.1108,2.4822,0.015194,0.88786,0.12022,53.861,43.058,63.479,53.162,81.954,57.745,20.068,43.89,38.172,47.363,76.131,42.057,17.82
331,0.85396,3614.6,4462.1,8.8228,26.655,42.503,2663.8,74.159,120.4,0.36161,81.054,49.945,2591.6,26.327,52.294,3066.3,22.688,70.206,321.77,336.58,94.481,77.35,31.771,9.0766,25.17,6.9008,19.5,1.7211,33.382,14.084,22.281,1.532,19.504,2.3697,5.1541,2.3362,0.011849,0.87403,0.10202,53.725,44.475,63.065,52.423,83.705,57.377,20.472,43.815,37.937,51.844,76.42,41.003,18.81
332,0.85489,3615.9,4394.4,8.8576,27.106,42.058,2664.7,73.731,120.4,0.36214,80.988,48.6,2592.0,25.72,49.485,3066.8,23.225,70.267,324.22,337.36,94.817,77.486,31.771,9.0766,25.17,6.9008,19.5,1.7211,33.382,14.084,22.281,1.532,19.504,2.3697,5.1541,2.3362,0.011849,0.87403,0.10202,53.725,44.475,63.043,53.233,83.614,58.229,20.335,43.751,33.979,45.343,77.0,41.382,17.524
333,0.88075,3611.6,4382.7,8.9526,27.228,42.676,2665.5,73.697,120.39,0.36223,80.856,49.248,2593.1,28.415,49.706,3068.4,23.231,70.266,326.82,337.58,94.542,77.519,32.342,9.0583,25.277,7.09,19.472,1.6827,33.648,13.84,22.248,1.2545,19.82,2.3591,5.092,2.3922,0.011849,0.87403,0.10202,53.725,44.475,63.157,52.587,86.244,58.994,20.331,43.601,35.887,45.853,77.568,41.249,17.508
334,0.87601,3646.9,4332.3,8.9321,27.067,42.632,2672.2,74.224,120.42,0.36056,81.19,51.059,2600.1,26.146,51.58,3072.3,22.964,70.35,329.57,338.64,94.627,78.266,32.342,9.0583,25.277,7.09,19.472,1.6827,33.648,13.84,22.248,1.2545,19.82,2.3591,5.092,2.3922,0.011849,0.87403,0.10202,53.725,44.475,62.549,53.19,86.71,58.42,21.262,43.805,41.216,50.191,78.118,41.178,18.066
335,0.82487,3590.2,4376.0,9.0151,26.904,42.342,2674.9,73.791,120.41,0.33537,81.262,51.584,2602.7,26.266,50.523,3074.9,24.003,70.483,327.2,339.66,94.493,77.801,32.327,9.0618,25.015,6.8127,19.583,1.7086,33.249,13.983,21.903,1.2893,19.705,2.3533,5.0199,2.3892,0.011849,0.87403,0.10202,53.725,44.475,61.757,52.617,81.137,59.073,20.952,40.544,42.762,47.745,79.115,41.004,15.588
336,0.82385,3581.3,4413.5,8.8135,26.712,42.305,2678.6,73.601,120.39,0.33713,81.314,49.768,2607.1,24.336,49.443,3075.9,21.931,70.633,329.3,340.95,94.69,77.854,32.327,9.0618,25.015,6.8127,19.583,1.7086,33.249,13.983,21.903,1.2893,19.705,2.3533,5.0199,2.3892,0.025646,0.8468,0.10203,53.944,43.785,61.91,52.168,81.236,60.173,21.474,40.33,37.418,45.246,79.438,40.7,20.471
337,0.82401,3675.4,4348.7,8.9381,26.648,42.619,2677.0,72.844,120.41,0.35602,80.869,49.876,2605.2,24.275,50.052,3076.3,23.556,70.645,330.44,341.72,94.475,77.627,32.551,8.7775,25.822,6.8805,19.005,1.6917,33.453,14.019,22.409,1.2673,19.309,2.3216,5.0926,2.3723,0.025646,0.8468,0.10203,53.944,43.785,62.657,52.545,81.209,57.015,21.23,41.978,37.736,46.653,80.002,41.908,16.623
338,0.82542,3670.3,4436.1,8.9424,27.003,42.147,2679.0,73.602,120.39,0.35209,80.798,48.972,2608.4,23.817,52.291,3076.3,23.689,70.618,333.06,342.72,94.512,77.713,32.551,8.7775,25.822,6.8805,19.005,1.6917,33.453,14.019,22.409,1.2673,19.309,2.3216,5.0926,2.3723,0.025646,0.8468,0.10203,53.944,43.785,62.746,51.499,81.07,59.522,21.969,42.457,35.074,51.837,80.437,40.852,16.298
339,0.79871,3663.4,4424.4,9.004,26.741,42.332,2682.1,73.72,120.4,0.35878,80.866,50.021,2611.0,25.455,49.399,3079.1,23.319,70.631,334.25,343.05,94.361,77.931,32.661,8.8667,25.084,6.5989,19.348,1.6838,33.835,13.774,22.195,1.2453,19.179,2.3631,5.1823,2.3465,0.025646,0.8468,0.10203,53.944,43.785,62.303,52.97,78.924,60.13,21.734,42.878,38.163,45.143,80.996,41.642,17.138
340,0.80369,3642.4,4436.0,8.9491,26.75,42.518,2685.5,73.869,120.39,0.3638,80.913,49.526,2613.8,24.699,48.662,3080.9,22.527,70.7,336.71,343.97,94.544,77.852,32.661,8.8667,25.084,6.5989,19.348,1.6838,33.835,13.774,22.195,1.2453,19.179,2.3631,5.1823,2.3465,0.025646,0.8468,0.10203,53.944,43.785,62.664,52.831,78.435,59.526,21.99,42.265,36.704,43.437,81.438,40.965,18.998
341,0.78369,3709.3,4410.0,9.058,27.094,42.662,2686.7,73.096,120.46,0.33223,80.771,49.581,2615.6,26.331,50.539,3083.3,23.644,70.733,335.87,344.22,94.178,77.877,32.59,8.952,25.155,6.804,19.028,1.6987,33.682,14.013,22.209,1.2237,18.816,2.3452,4.9913,2.4301,0.020742,0.81102,0.10348,53.764,44.48,64.119,52.235,77.45,59.273,22.364,39.659,36.866,47.781,81.524,42.496,16.329
342,0.78407,3710.3,4373.9,8.8106,26.925,42.975,2689.0,73.695,120.43,0.33451,80.913,49.315,2619.3,26.22,48.721,3084.0,23.255,70.79,336.16,345.35,94.243,77.818,32.59,8.952,25.155,6.804,19.028,1.6987,33.682,14.013,22.209,1.2237,18.816,2.3452,4.9913,2.4301,0.020742,0.81102,0.10348,53.764,44.48,64.102,52.666,77.412,61.672,22.595,39.381,36.085,43.575,81.872,42.16,17.219
343,0.78786,3684.3,4416.4,8.9714,26.754,42.158,2688.5,74.245,120.41,0.3626,80.72,49.482,2618.1,23.057,50.703,3082.7,21.974,70.821,337.98,345.42,94.131,77.507,33.086,8.9864,25.504,6.9419,18.637,1.7027,34.269,13.765,22.542,1.0923,18.531,2.3272,4.9679,2.3942,0.020742,0.81102,0.10348,53.764,44.48,62.919,52.872,77.505,59.091,22.667,42.466,36.575,48.161,82.081,42.019,20.273
344,0.78664,3688.4,4367.9,8.8975,27.281,42.515,2687.9,74.06,120.4,0.36234,80.404,49.846,2616.7,25.372,50.73,3082.5,23.142,70.77,338.11,346.29,94.43,77.544,33.086,8.9864,25.504,6.9419,18.637,1.7027,34.269,13.765,22.542,1.0923,18.531,2.3272,4.9679,2.3942,0.020742,0.81102,0.10348,53.764,44.48,62.848,53.452,77.624,59.347,22.596,42.498,37.647,48.223,82.448,42.007,17.507
345,0.73255,3639.3,4451.9,9.0433,27.324,42.321,2689.6,73.216,120.39,0.33351,80.426,48.805,2619.7,27.853,51.043,3083.0,22.954,70.757,342.5,346.64,94.349,77.391,32.974,8.8302,25.537,6.9185,18.658,1.6799,34.465,13.925,22.436,1.3057,18.023,2.2994,5.0485,2.3924,0.020742,0.81102,0.10348,53.764,44.48,62.493,53.398,72.171,57.997,23.208,39.461,34.583,48.948,82.434,41.335,17.959
346,0.73281,3594.3,4441.8,8.9861,26.605,42.209,2694.6,73.832,120.38,0.33495,80.541,51.347,2624.8,24.649,50.657,3084.7,22.373,70.743,341.05,347.46,94.585,77.76,32.974,8.8302,25.537,6.9185,18.658,1.6799,34.465,13.925,22.436,1.3057,18.023,2.2994,5.0485,2.3924,0.02124,0.77573,0.094708,54.164,43.337,63.268,53.519,72.145,59.635,23.393,39.285,42.063,48.055,82.012,40.378,19.298
347,0.73577,3641.7,4472.2,8.9938,26.854,42.458,2696.8,73.054,120.41,0.35607,80.512,49.85,2627.3,25.551,50.853,3087.9,23.527,70.73,339.57,347.6,94.283,78.068,33.27,8.9795,25.422,6.7896,18.274,1.7135,34.447,13.833,23.008,1.1772,18.099,2.3052,4.9377,2.3782,0.02124,0.77573,0.094708,54.164,43.337,62.61,53.126,72.256,58.733,23.415,41.017,37.66,48.508,82.119,42.251,16.52
348,0.7345,3647.1,4439.8,8.9594,27.112,42.63,2700.0,74.666,120.39,0.35604,80.511,51.215,2630.3,24.004,48.289,3090.4,23.298,70.754,339.33,347.92,94.525,78.105,33.27,8.9795,25.422,6.7896,18.274,1.7135,34.447,13.833,23.008,1.1772,18.099,2.3052,4.9377,2.3782,0.02124,0.77573,0.094708,54.164,43.337,62.518,53.514,72.381,60.824,23.52,41.021,41.677,42.574,82.112,41.041,17.04
349,0.69626,3663.5,4464.6,8.9878,26.595,42.421,2702.7,73.119,120.43,0.34618,80.608,50.021,2633.4,26.005,48.369,3094.9,23.961,70.767,337.42,347.97,94.272,78.144,33.53,8.9393,25.453,6.7033,18.708,1.6759,34.898,13.806,23.137,1.3555,18.054,2.3447,4.9789,2.2465,0.02124,0.77573,0.094708,54.164,43.337,63.393,54.212,68.599,60.039,23.254,39.857,38.162,42.76,82.255,42.024,15.435
350,0.69921,3678.5,4504.6,9.1314,26.737,42.83,2705.3,73.724,120.44,0.34403,80.421,50.731,2635.4,24.059,51.522,3094.5,22.65,70.776,340.1,348.6,94.3,77.375,33.53,8.9393,25.453,6.7033,18.708,1.6759,34.898,13.806,23.137,1.3555,18.054,2.3447,4.9789,2.2465,0.02124,0.77573,0.094708,54.164,43.337,63.136,53.734,68.309,58.143,23.737,40.119,40.25,50.056,81.987,42.84,18.593
351,0.66102,3695.3,4436.6,9.0303,26.909,42.317,2704.7,73.565,120.38,0.34034,80.328,49.85,2634.8,25.095,49.885,3095.8,22.794,70.713,338.73,348.67,94.375,77.837,32.68,8.6778,25.679,6.769,18.494,1.7228,34.61,13.772,23.057,1.213,18.212,2.319,4.9383,2.3566,0.013073,0.76844,0.092827,53.683,43.668,63.731,53.53,64.648,59.41,23.702,39.854,37.658,46.267,81.107,41.278,18.212
352,0.65796,3690.6,4454.4,9.0386,27.093,42.77,2704.1,74.38,120.42,0.34027,80.229,52.209,2633.8,25.166,49.974,3096.1,24.127,70.629,338.73,348.02,94.158,77.699,32.68,8.6778,25.679,6.769,18.494,1.7228,34.61,13.772,23.057,1.213,18.212,2.319,4.9383,2.3566,0.013073,0.76844,0.092827,53.683,43.668,63.812,53.316,64.949,59.342,23.557,39.862,44.601,46.474,80.659,41.989,15.051
353,0.7312,3667.5,4540.9,8.9466,26.866,42.371,2708.8,74.735,120.41,0.33372,80.345,50.337,2639.7,24.03,49.247,3099.1,23.852,70.573,335.05,348.38,94.331,77.752,33.47,8.8903,25.861,6.6586,18.516,1.6503,33.991,13.704,23.299,1.1206,18.219,2.3263,4.9232,2.3788,0.013073,0.76844,0.092827,53.683,43.668,63.77,52.835,72.045,58.991,23.886,39.68,39.093,44.791,80.544,42.914,15.684
354,0.73062,3675.5,4475.4,9.0237,26.537,42.483,2712.2,73.722,120.4,0.3371,80.457,49.74,2643.0,23.952,49.853,3101.9,21.754,70.585,336.59,348.92,94.077,78.134,33.47,8.8903,25.861,6.6586,18.516,1.6503,33.991,13.704,23.299,1.1206,18.219,2.3263,4.9232,2.3788,0.013073,0.76844,0.092827,53.683,43.668,63.633,53.62,72.102,60.153,23.957,39.268,37.336,46.195,79.959,41.557,20.613
355,0.64865,3733.5,4473.0,8.8872,27.041,42.609,2711.1,74.003,120.42,0.3274,80.252,48.715,2641.7,24.652,49.83,3101.7,22.35,70.574,333.34,348.52,94.222,77.508,33.269,8.8652,26.197,6.9054,18.161,1.7038,33.973,13.814,23.515,1.1575,18.525,2.3266,4.8105,2.3142,0.013073,0.76844,0.092827,53.683,43.668,63.762,53.639,63.322,61.086,23.892,38.521,34.317,46.141,79.802,42.592,19.228
356,0.64728,3683.6,4495.9,8.8501,26.711,42.507,2710.2,74.158,120.38,0.32868,80.046,49.885,2640.0,25.203,51.668,3100.0,22.969,70.472,330.42,348.74,94.206,77.232,33.269,8.8652,26.197,6.9054,18.161,1.7038,33.973,13.814,23.515,1.1575,18.525,2.3266,4.8105,2.3142,0.016966,0.75004,0.075481,53.111,44.287,64.621,53.365,63.457,59.369,23.681,38.364,37.763,50.395,79.322,41.777,17.791
357,0.65172,3650.9,4561.2,8.9809,26.944,42.081,2709.9,75.35,120.37,0.33905,80.018,49.815,2641.0,25.164,49.635,3098.6,23.695,70.367,332.33,348.96,94.312,77.605,33.416,8.7442,25.957,6.9233,18.345,1.654,34.087,13.715,23.455,1.2782,18.194,2.3034,4.8943,2.3852,0.016966,0.75004,0.075481,53.111,44.287,63.113,53.53,64.414,61.657,24.349,39.954,37.556,45.688,78.585,41.38,16.043
358,0.65204,3672.5,4501.8,9.135,27.21,42.453,2710.7,74.297,120.39,0.34306,79.927,49.386,2641.5,25.673,49.311,3099.5,23.087,70.279,327.38,348.92,94.493,77.624,33.416,8.7442,25.957,6.9233,18.345,1.654,34.087,13.715,23.455,1.2782,18.194,2.3034,4.8943,2.3852,0.016966,0.75004,0.075481,53.111,44.287,62.741,54.241,64.382,58.682,24.251,39.465,36.294,44.94,78.464,41.441,17.496
359,0.6278,3657.0,4518.7,9.0031,27.083,42.18,2712.0,74.511,120.34,0.32865,80.042,49.315,2642.7,25.712,50.902,3103.1,24.144,70.208,328.61,348.07,94.414,77.795,32.867,8.8566,26.784,6.8893,17.905,1.6528,33.993,13.63,23.58,1.3842,17.766,2.3333,4.9662,2.2779,0.016966,0.75004,0.075481,53.111,44.287,62.82,53.674,61.623,57.384,23.844,38.464,36.085,48.621,77.793,41.142,14.966
360,0.62914,3646.0,4520.4,8.9816,27.256,42.057,2714.7,74.966,120.4,0.33085,80.041,50.659,2644.6,25.206,49.047,3103.8,21.976,70.175,328.47,348.14,94.543,77.419,32.867,8.8566,26.784,6.8893,17.905,1.6528,33.993,13.63,23.58,1.3842,17.766,2.3333,4.9662,2.2779,0.016966,0.75004,0.075481,53.111,44.287,63.009,53.654,61.492,58.373,24.204,38.196,40.038,44.328,77.244,41.494,20.132
361,0.67034,3662.3,4584.2,8.9756,26.867,42.273,2715.6,75.262,120.38,0.3184,79.985,50.026,2645.7,23.673,51.315,3107.5,22.527,70.108,327.43,347.45,94.381,77.707,32.728,8.8221,26.251,6.8406,18.073,1.7092,34.058,13.701,23.825,1.1685,17.489,2.2543,4.8639,2.2905,0.017281,0.71965,0.10364,53.353,44.598,63.005,54.08,65.93,60.346,23.698,37.227,38.176,49.577,76.172,41.525,18.81
362,0.67028,3640.3,4558.1,9.058,26.93,42.461,2719.8,75.553,120.4,0.31866,79.967,49.071,2650.3,25.634,50.262,3110.1,23.737,70.011,323.04,347.76,94.417,77.554,32.728,8.8221,26.251,6.8406,18.073,1.7092,34.058,13.701,23.825,1.1685,17.489,2.2543,4.8639,2.2905,0.017281,0.71965,0.10364,53.353,44.598,63.384,54.392,65.936,57.976,24.116,37.195,35.367,47.141,75.748,41.231,15.951
363,0.67882,3692.2,4530.3,8.925,27.026,42.525,2721.7,74.244,120.41,0.32673,80.048,52.29,2652.2,24.779,50.972,3113.8,23.286,69.964,320.71,347.56,94.37,77.721,33.026,8.9498,26.271,6.7537,17.723,1.6779,34.28,13.657,24.205,1.1693,17.81,2.3175,4.797,2.3587,0.017281,0.71965,0.10364,53.353,44.598,62.933,54.444,66.484,58.48,24.022,37.866,44.84,48.784,75.139,41.261,17.002
364,0.67895,3699.4,4552.0,8.9195,26.923,42.331,2724.3,75.849,120.4,0.32622,80.191,49.788,2654.2,22.641,49.841,3115.6,23.157,69.952,321.19,347.24,94.369,77.649,33.026,8.9498,26.271,6.7537,17.723,1.6779,34.28,13.657,24.205,1.1693,17.81,2.3175,4.797,2.3587,0.017281,0.71965,0.10364,53.353,44.598,62.809,54.184,66.471,58.312,23.816,37.928,37.478,46.167,74.281,41.73,17.289
365,0.64169,3708.2,4554.0,8.9303,26.723,42.389,2722.6,75.141,120.42,0.32226,79.959,49.726,2653.0,25.785,49.2,3114.4,22.764,69.89,317.37,347.0,94.337,77.364,32.474,8.6527,26.899,6.8049,18.139,1.6603,33.775,13.641,24.189,1.363,17.739,2.2959,4.7763,2.3143,0.017281,0.71965,0.10364,53.353,44.598,63.501,55.168,63.056,59.279,23.854,37.021,37.294,44.683,73.808,42.037,18.246
366,0.64261,3721.3,4612.1,8.9194,26.864,42.568,2720.4,74.824,120.39,0.32053,79.693,50.821,2650.3,24.003,50.522,3114.0,23.082,69.726,310.31,346.69,94.427,77.19,32.474,8.6527,26.899,6.8049,18.139,1.6603,33.775,13.641,24.189,1.363,17.739,2.2959,4.7763,2.3143,0.0025738,0.74564,0.10605,52.931,43.169,63.275,54.473,62.965,59.368,23.382,37.233,40.517,47.743,72.676,40.861,17.521
367,0.6908,3673.1,4532.4,8.9585,26.783,42.348,2720.5,74.992,120.4,0.31414,79.72,49.012,2650.7,23.364,50.293,3113.3,23.708,69.536,309.6,346.36,94.416,77.436,32.47,8.6685,26.533,6.8542,18.171,1.724,33.854,13.754,24.474,1.3182,17.469,2.3151,4.8497,2.358,0.0025738,0.74564,0.10605,52.931,43.169,63.752,54.548,67.586,55.346,23.581,37.349,35.193,47.212,71.527,42.213,16.04
368,0.68928,3674.7,4560.2,8.929,26.858,42.649,2721.9,75.76,120.4,0.3156,79.716,50.362,2651.7,25.492,49.076,3113.8,23.798,69.399,307.63,346.0,94.416,77.348,32.47,8.6685,26.533,6.8542,18.171,1.724,33.854,13.754,24.474,1.3182,17.469,2.3151,4.8497,2.358,0.0025738,0.74564,0.10605,52.931,43.169,63.724,54.214,67.735,58.395,23.474,37.171,39.166,44.397,70.492,40.824,15.848
369,0.68618,3688.5,4567.0,8.9664,27.033,42.274,2724.5,75.741,120.4,0.32761,80.074,49.272,2655.0,22.456,49.736,3116.2,23.326,69.328,304.7,345.56,94.377,77.886,32.511,8.7906,26.519,6.8852,18.279,1.6624,33.675,13.633,24.716,1.1724,17.631,2.3049,4.7199,2.2614,0.0025738,0.74564,0.10605,52.931,43.169,63.103,54.159,67.534,58.882,23.763,38.532,35.958,45.922,69.548,41.581,16.908
370,0.68806,3654.6,4567.1,8.836,26.71,42.347,2723.9,75.96,120.42,0.32928,80.084,49.907,2654.3,25.399,50.43,3117.6,23.278,69.272,300.43,344.84,94.406,77.625,32.511,8.7906,26.519,6.8852,18.279,1.6624,33.675,13.633,24.716,1.1724,17.631,2.3049,4.7199,2.2614,0.0025738,0.74564,0.10605,52.931,43.169,63.687,54.157,67.349,57.4,23.24,38.328,37.827,47.53,68.722,41.424,17.029
371,0.68014,3674.0,4524.5,8.7489,27.127,42.385,2723.4,76.108,120.39,0.31276,80.02,49.685,2653.3,24.102,50.334,3117.2,21.928,69.238,298.42,344.76,94.539,77.429,32.779,8.7411,26.49,6.6265,17.665,1.6602,33.674,13.36,24.641,1.2078,18.009,2.3307,4.7025,2.2134,0.0065288,0.75357,0.11592,53.076,44.55,63.092,54.496,66.738,59.782,23.229,36.921,37.174,47.307,68.176,41.358,20.25
372,0.68014,3650.2,4513.7,8.8366,27.007,42.529,2721.7,75.883,120.4,0.31575,79.814,49.137,2651.5,24.487,50.326,3114.7,23.062,69.121,296.22,344.5,94.511,77.045,32.779,8.7411,26.49,6.6265,17.665,1.6602,33.674,13.36,24.641,1.2078,18.009,2.3307,4.7025,2.2134,0.0065288,0.75357,0.11592,53.076,44.55,63.502,54.625,66.738,57.162,23.496,36.556,35.559,47.288,67.386,41.05,17.6
373,0.64951,3742.0,4576.6,8.8296,26.94,41.926,2719.8,74.913,120.4,0.27977,79.655,51.319,2649.3,23.825,51.825,3113.9,23.475,68.983,297.06,344.59,94.549,76.529,32.114,8.8331,27.006,6.8177,18.175,1.6837,32.994,13.439,24.667,1.2503,17.887,2.2937,4.8717,2.25,0.0065288,0.75357,0.11592,53.076,44.55,64.31,55.513,63.718,58.697,22.88,33.151,41.982,50.758,66.329,41.059,16.684
374,0.64959,3747.5,4605.5,8.8019,26.624,42.746,2717.7,76.269,120.41,0.27699,79.658,49.872,2647.8,24.395,48.201,3114.3,22.4,68.794,292.34,343.12,94.318,77.405,32.114,8.8331,27.006,6.8177,18.175,1.6837,32.994,13.439,24.667,1.2503,17.887,2.2937,4.8717,2.25,0.0065288,0.75357,0.11592,53.076,44.55,64.215,55.167,63.71,58.624,22.949,33.49,37.722,42.372,65.776,42.376,19.2
375,0.71047,3705.4,4600.5,8.7987,27.323,42.427,2718.6,75.411,120.38,0.29101,79.829,47.655,2647.6,25.392,50.362,3114.4,23.694,68.684,288.09,343.0,94.461,77.333,31.85,8.8617,26.576,7.0038,17.53,1.6504,33.045,13.632,25.111,1.0471,18.115,2.2659,4.8301,2.325,0.0065288,0.75357,0.11592,53.076,44.55,63.415,54.121,69.836,57.978,23.14,33.261,31.199,47.371,65.182,41.251,16.139
376,0.7106,3685.1,4581.6,8.8701,26.939,42.467,2719.3,75.236,120.4,0.28519,80.003,49.986,2648.5,24.411,49.363,3115.3,22.739,68.665,287.34,342.28,94.502,77.278,31.85,8.8617,26.576,7.0038,17.53,1.6504,33.045,13.632,25.111,1.0471,18.115,2.2659,4.8301,2.325,0.02176,0.76557,0.099733,53.33,44.323,63.764,54.348,69.824,56.303,22.846,33.97,38.06,45.061,64.326,41.869,18.406
377,0.73789,3641.7,4654.8,8.888,27.009,42.43,2717.6,75.829,120.38,0.30569,80.045,47.528,2646.8,24.357,50.397,3114.7,22.178,68.618,284.06,341.48,94.452,77.531,32.445,8.6095,26.676,6.9361,18.588,1.6464,32.712,13.577,24.555,1.1424,17.974,2.2877,4.734,2.0962,0.02176,0.76557,0.099733,53.33,44.323,62.851,55.209,72.587,56.054,22.697,36.212,30.824,47.454,63.669,40.833,19.719
378,0.73644,3618.8,4586.7,8.5901,27.188,42.28,2717.8,75.207,120.37,0.30426,80.044,50.83,2646.9,24.973,50.468,3114.8,23.214,68.589,283.79,341.23,94.743,77.06,32.445,8.6095,26.676,6.9361,18.588,1.6464,32.712,13.577,24.555,1.1424,17.974,2.2877,4.734,2.0962,0.02176,0.76557,0.099733,53.33,44.323,63.245,56.024,72.73,55.981,22.595,36.387,40.543,47.616,62.745,41.931,17.302
379,0.68205,3652.1,4509.8,8.742,26.87,42.451,2713.9,75.891,120.37,0.29858,79.944,49.494,2644.2,24.959,50.074,3111.1,22.702,68.495,280.08,340.98,94.628,76.922,31.647,8.8661,27.085,6.8295,18.559,1.6718,32.802,13.482,24.443,1.0504,18.16,2.2964,4.7938,2.2327,0.02176,0.76557,0.099733,53.33,44.323,63.182,54.468,66.839,55.691,22.42,35.286,36.611,46.706,62.133,40.179,18.539
380,0.68004,3637.4,4548.8,8.7198,26.835,42.198,2712.5,76.052,120.38,0.29316,79.984,50.151,2641.5,24.278,48.392,3109.9,22.42,68.401,279.21,340.3,94.707,77.046,31.647,8.8661,27.085,6.8295,18.559,1.6718,32.802,13.482,24.443,1.0504,18.16,2.2964,4.7938,2.2327,0.02176,0.76557,0.099733,53.33,44.323,63.436,54.002,67.036,56.632,22.36,35.948,38.546,42.813,61.273,40.79,19.215
381,0.76033,3705.5,4499.1,8.8012,26.758,42.29,2711.8,76.008,120.42,0.28611,80.017,50.556,2640.6,24.725,51.074,3110.8,23.755,68.302,274.41,339.48,94.634,77.133,31.698,8.8666,26.962,7.0051,19.101,1.6493,32.849,13.57,24.79,1.2456,17.95,2.2832,4.7213,2.2328,0.0032539,0.784,0.099274,53.939,43.464,63.198,54.702,74.603,55.903,21.689,33.83,39.736,49.019,60.938,41.234,16.051
382,0.75852,3674.1,4490.1,8.6784,27.139,42.204,2711.6,76.751,120.41,0.28641,80.149,49.124,2640.2,25.346,49.675,3110.0,22.289,68.239,271.31,339.59,94.622,77.126,31.698,8.8666,26.962,7.0051,19.101,1.6493,32.849,13.57,24.79,1.2456,17.95,2.2832,4.7213,2.2328,0.0032539,0.784,0.099274,53.939,43.464,63.74,54.81,74.781,56.261,22.124,33.794,35.523,45.782,60.354,41.255,19.532
383,0.76033,3630.2,4511.6,8.5456,26.761,42.368,2707.5,76.04,120.38,0.2929,80.132,49.681,2636.4,25.787,51.592,3106.3,21.801,68.189,271.46,339.13,94.703,77.124,31.867,8.778,26.78,7.066,19.215,1.7141,32.241,13.757,24.379,1.3732,18.508,2.2676,4.7949,2.2155,0.0032539,0.784,0.099274,53.939,43.464,62.921,53.212,74.696,58.172,21.964,34.924,37.161,50.219,59.482,40.654,20.705
384,0.76318,3614.6,4473.7,8.5896,26.65,42.155,2705.2,76.583,120.41,0.29188,80.092,50.038,2634.3,24.595,49.984,3103.2,23.185,68.124,269.74,338.53,94.808,76.904,31.867,8.778,26.78,7.066,19.215,1.7141,32.241,13.757,24.379,1.3732,18.508,2.2676,4.7949,2.2155,0.0032539,0.784,0.099274,53.939,43.464,63.19,53.666,74.415,57.385,21.899,35.049,38.213,46.498,58.782,41.053,17.448
385,0.74624,3607.4,4477.1,8.6564,27.26,42.337,2700.0,76.25,120.38,0.31105,79.811,50.236,2627.6,22.571,47.849,3098.5,22.002,68.004,267.02,338.66,95.07,76.632,31.845,8.808,26.473,6.8074,18.978,1.6961,32.632,13.626,24.404,1.2656,18.749,2.2785,4.8906,2.2672,0.0032539,0.784,0.099274,53.939,43.464,62.634,53.282,73.694,58.039,21.927,37.47,38.794,41.557,58.177,39.925,20.311
386,0.74583,3657.2,4493.7,8.505,26.755,41.917,2698.2,76.379,120.37,0.30887,79.812,50.284,2625.6,25.647,48.149,3095.4,23.085,67.851,263.94,338.49,95.013,76.937,31.845,8.808,26.473,6.8074,18.978,1.6961,32.632,13.626,24.404,1.2656,18.749,2.2785,4.8906,2.2672,0.025304,0.79525,0.099929,54.822,43.814,61.777,53.084,73.734,56.442,21.703,37.736,38.935,42.25,57.975,40.206,17.759
387,0.75487,3713.3,4470.4,8.5704,26.943,42.104,2698.1,76.145,120.43,0.29976,79.979,51.045,2625.8,24.591,50.399,3096.5,22.463,67.76,263.68,337.84,94.984,77.243,31.514,8.852,26.52,6.9078,18.508,1.7165,32.715,13.705,24.867,1.3182,18.969,2.2497,4.9008,2.263,0.025304,0.79525,0.099929,54.822,43.814,63.027,53.889,73.941,55.914,21.404,35.162,41.176,47.458,57.319,40.585,19.234
388,0.75411,3686.7,4498.4,8.6138,27.09,42.18,2697.0,75.996,120.4,0.29783,80.163,50.842,2624.5,24.76,51.107,3097.1,22.91,67.729,261.39,336.9,94.732,77.014,31.514,8.852,26.52,6.9078,18.508,1.7165,32.715,13.705,24.867,1.3182,18.969,2.2497,4.9008,2.263,0.025304,0.79525,0.099929,54.822,43.814,63.486,53.554,74.015,56.008,21.188,35.397,40.579,49.096,56.843,39.745,18.19
389,0.79126,3646.2,4522.4,8.6599,26.777,42.101,2697.1,75.722,120.42,0.30062,80.304,50.782,2625.3,25.36,50.634,3098.3,23.535,67.741,258.86,336.3,94.884,77.258,31.858,8.9142,26.357,6.8623,19.048,1.6559,32.129,13.721,24.352,1.2298,19.134,2.3107,4.8944,2.3777,0.025304,0.79525,0.099929,54.822,43.814,63.325,54.425,77.696,58.171,20.862,36.927,40.401,48.002,56.387,41.751,16.697
390,0.7928,3673.3,4537.1,8.7717,27.014,42.503,2697.4,75.345,120.39,0.30423,80.556,48.767,2625.1,24.863,49.987,3099.5,23.821,67.724,256.79,336.13,94.714,77.654,31.858,8.9142,26.357,6.8623,19.048,1.6559,32.129,13.721,24.352,1.2298,19.134,2.3107,4.8944,2.3777,0.025304,0.79525,0.099929,54.822,43.814,62.859,54.25,77.545,54.883,21.158,36.487,34.472,46.504,55.89,40.836,15.98
391,0.76059,3680.9,4431.4,8.6641,27.055,41.988,2696.3,75.369,120.42,0.30476,80.583,50.263,2624.7,25.824,50.383,3097.4,22.31,67.744,253.65,336.27,94.745,77.22,31.65,8.9787,26.651,6.9307,19.223,1.7024,32.348,13.722,24.311,1.3391,18.358,2.2907,4.83,2.3116,0.020159,0.85772,0.099923,54.156,43.912,63.124,54.19,75.196,57.081,21.484,36.686,38.873,47.421,55.691,41.082,19.582
392,0.76235,3697.8,4507.8,8.6642,26.483,42.174,2692.5,75.895,120.38,0.30437,80.538,50.703,2621.1,26.647,51.241,3094.1,23.004,67.766,255.79,335.67,94.825,76.961,31.65,8.9787,26.651,6.9307,19.223,1.7024,32.348,13.722,24.311,1.3391,18.358,2.2907,4.83,2.3116,0.020159,0.85772,0.099923,54.156,43.912,62.834,53.275,75.023,57.116,20.911,36.734,40.17,49.406,54.908,40.282,17.958
393,0.78828,3652.1,4465.3,8.5944,26.794,42.104,2689.0,76.271,120.4,0.30733,80.369,50.216,2616.0,24.723,52.568,3091.2,23.367,67.682,250.41,335.03,94.82,76.6,31.474,9.0673,26.419,7.0778,19.252,1.7089,32.195,13.868,24.051,1.2732,19.335,2.3017,5.0385,2.2875,0.020159,0.85772,0.099923,54.156,43.912,63.005,53.295,77.329,54.651,20.467,36.264,38.735,52.477,54.799,40.803,17.139
394,0.78867,3641.1,4459.8,8.6095,26.613,42.037,2686.8,76.117,120.37,0.30374,80.436,51.067,2614.4,25.067,51.557,3089.0,23.464,67.597,251.03,335.23,94.886,77.065,31.474,9.0673,26.419,7.0778,19.252,1.7089,32.195,13.868,24.051,1.2732,19.335,2.3017,5.0385,2.2875,0.020159,0.85772,0.099923,54.156,43.912,63.195,53.36,77.29,55.876,20.526,36.702,41.241,50.137,54.161,40.116,16.89
395,0.80932,3588.9,4450.7,8.6768,26.457,41.917,2684.6,75.855,120.39,0.31872,80.473,49.006,2612.6,25.592,52.344,3085.9,21.982,67.526,249.24,334.94,94.952,77.182,32.209,8.8442,26.397,6.8602,19.607,1.6947,32.444,13.762,23.864,1.1949,18.973,2.2923,4.9501,2.3051,0.020159,0.85772,0.099923,54.156,43.912,62.688,53.321,79.89,57.397,20.583,38.725,35.176,51.959,53.738,40.881,20.407
396,0.81181,3642.2,4478.6,8.6672,26.819,41.757,2685.2,74.674,120.36,0.3205,80.627,48.565,2612.3,24.672,49.154,3087.1,23.282,67.52,253.06,334.86,95.034,77.22,32.209,8.8442,26.397,6.8602,19.607,1.6947,32.444,13.762,23.864,1.1949,18.973,2.2923,4.9501,2.3051,0.030228,0.86019,0.11763,53.191,43.498,61.771,52.987,79.644,56.607,20.554,38.507,33.876,44.575,54.397,39.374,17.318
397,0.74138,3669.7,4380.9,8.7592,26.808,41.769,2681.7,75.252,120.39,0.30838,80.491,49.223,2609.3,25.766,49.476,3085.2,22.787,67.509,252.27,334.39,95.073,77.086,31.002,8.8467,26.502,6.9283,19.287,1.7153,31.812,13.714,23.862,1.2051,19.363,2.3545,4.9373,2.4099,0.030228,0.86019,0.11763,53.191,43.498,63.124,53.174,73.299,56.169,20.588,37.131,35.814,45.322,54.576,40.755,18.516
398,0.74233,3608.2,4409.1,8.5824,26.848,42.49,2682.9,75.179,120.4,0.30801,80.72,51.096,2609.4,25.505,51.215,3084.7,23.014,67.512,252.96,334.82,94.898,77.175,31.002,8.8467,26.502,6.9283,19.287,1.7153,31.812,13.714,23.862,1.2051,19.363,2.3545,4.9373,2.4099,0.030228,0.86019,0.11763,53.191,43.498,64.183,52.836,73.206,56.639,20.52,37.177,41.325,49.345,54.62,40.194,17.964
399,0.86437,3635.3,4449.5,8.5741,27.05,42.334,2681.7,75.259,120.43,0.30145,80.701,50.588,2609.1,23.719,50.774,3084.8,22.995,67.573,250.1,333.97,94.844,77.117,31.697,9.0136,26.398,6.9306,18.683,1.697,31.705,13.815,23.93,1.423,19.338,2.3248,5.0825,2.3438,0.030228,0.86019,0.11763,53.191,43.498,63.108,53.025,85.36,57.942,20.412,36.59,39.829,48.326,54.977,41.171,18.026
400,0.86771,3661.8,4476.6,8.7081,26.281,42.498,2682.0,75.36,120.39,0.29968,80.695,49.782,2609.3,26.331,49.725,3086.4,23.44,67.583,252.11,334.16,94.859,77.403,31.697,9.0136,26.398,6.9306,18.683,1.697,31.705,13.815,23.93,1.423,19.338,2.3248,5.0825,2.3438,0.030228,0.86019,0.11763,53.191,43.498,62.653,52.701,85.031,57.268,19.927,36.806,37.458,45.897,54.901,40.242,16.948
401,0.80789,3657.2,4498.0,8.7124,26.901,42.33,2683.1,74.58,120.42,0.31258,80.783,50.056,2609.7,25.348,50.718,3086.2,23.038,67.596,253.28,334.41,94.899,77.24,31.689,8.8949,26.274,6.9809,19.301,1.7098,32.44,13.991,23.941,1.4327,19.206,2.3449,4.9444,2.3973,0.001579,0.8698,0.0898,55.027,43.353,62.666,53.892,79.409,56.099,20.235,37.833,38.264,48.195,55.004,41.406,17.913
402,0.80682,3688.8,4490.0,8.5878,27.314,41.859,2683.0,75.837,120.4,0.31263,80.861,49.149,2610.5,25.047,50.455,3085.6,23.328,67.629,252.87,334.24,94.751,76.964,31.689,8.8949,26.274,6.9809,19.301,1.7098,32.44,13.991,23.941,1.4327,19.206,2.3449,4.9444,2.3973,0.001579,0.8698,0.0898,55.027,43.353,62.122,53.988,79.514,57.495,20.709,37.828,35.597,47.587,55.187,40.448,17.233
403,0.81373,3623.2,4476.6,8.5369,27.013,42.279,2678.5,76.369,120.42,0.33532,80.526,51.697,2605.8,25.641,50.8,3081.9,23.821,67.621,253.18,334.39,94.911,76.755,31.887,8.8843,25.937,7.0674,19.695,1.7072,32.092,13.899,23.364,1.3142,19.781,2.3677,4.9898,2.3543,0.001579,0.8698,0.0898,55.027,43.353,62.74,52.596,79.981,58.074,20.353,39.885,43.093,48.384,55.306,40.756,16.104
404,0.8151,3617.7,4437.2,8.6644,26.891,42.054,2679.1,74.758,120.38,0.33327,80.642,49.185,2606.8,26.819,49.442,3080.3,21.958,67.594,253.41,334.71,94.925,77.804,31.887,8.8843,25.937,7.0674,19.695,1.7072,32.092,13.899,23.364,1.3142,19.781,2.3677,4.9898,2.3543,0.001579,0.8698,0.0898,55.027,43.353,62.834,53.067,79.845,55.479,20.515,40.136,35.701,45.242,55.435,40.316,20.464
405,0.79766,3599.1,4362.6,8.7207,26.646,42.16,2678.8,74.97,120.4,0.32272,80.751,51.585,2606.3,25.757,48.808,3081.2,22.876,67.641,252.54,334.46,94.955,77.116,31.948,8.8758,26.108,6.8711,19.264,1.7266,32.151,13.758,23.583,1.3434,19.192,2.2911,5.0195,2.3082,0.001579,0.8698,0.0898,55.027,43.353,62.261,52.872,78.623,55.615,20.516,39.139,42.765,43.775,55.661,40.514,18.327
406,0.79688,3649.1,4419.9,8.6327,26.57,42.213,2678.4,74.47,120.41,0.3235,80.661,49.723,2605.7,25.482,51.944,3080.2,22.571,67.637,256.07,335.23,95.03,77.216,31.948,8.8758,26.108,6.8711,19.264,1.7266,32.151,13.758,23.583,1.3434,19.192,2.2911,5.0195,2.3082,-0.014062,0.89176,0.11325,54.171,43.053,61.402,52.186,78.7,56.444,20.446,39.044,37.284,51.034,55.789,39.988,19.047
407,0.79458,3648.0,4432.3,8.7706,26.578,42.367,2679.6,75.541,120.41,0.30434,80.705,49.51,2606.8,26.866,52.497,3082.1,24.356,67.638,254.52,335.57,94.757,77.21,31.795,8.9883,25.766,6.9411,19.031,1.7308,32.675,13.774,23.824,1.2632,19.527,2.3342,4.9447,2.3806,-0.014062,0.89176,0.11325,54.171,43.053,63.06,52.976,78.32,57.452,20.442,37.616,36.658,52.313,56.204,40.537,14.813
408,0.79662,3622.7,4396.7,8.83,27.176,42.51,2682.2,74.106,120.42,0.3099,80.947,50.067,2609.9,25.737,50.193,3083.9,22.826,67.701,255.87,335.59,94.835,77.72,31.795,8.9883,25.766,6.9411,19.031,1.7308,32.675,13.774,23.824,1.2632,19.527,2.3342,4.9447,2.3806,-0.014062,0.89176,0.11325,54.171,43.053,63.495,53.402,78.118,58.092,20.887,36.938,38.298,46.981,56.357,40.524,18.389
409,0.81427,3642.1,4429.2,8.736,26.921,41.949,2684.1,74.41,120.4,0.30895,81.12,50.853,2611.8,26.322,49.882,3087.0,23.248,67.808,258.59,335.63,94.681,77.697,31.694,9.0788,25.83,6.8577,19.3,1.7401,32.383,14.003,23.297,1.2781,19.096,2.3236,5.0465,2.344,-0.014062,0.89176,0.11325,54.171,43.053,62.525,53.524,79.944,59.425,20.452,37.393,40.611,46.26,56.381,40.618,17.366
410,0.81391,3665.1,4466.6,8.6961,27.115,42.28,2683.5,75.23,120.39,0.31122,81.089,50.274,2611.1,24.572,50.127,3087.7,22.456,67.884,257.49,335.51,94.69,77.641,31.694,9.0788,25.83,6.8577,19.3,1.7401,32.383,14.003,23.297,1.2781,19.096,2.3236,5.0465,2.344,-0.014062,0.89176,0.11325,54.171,43.053,62.13,53.076,79.979,58.1,20.502,37.117,38.905,46.828,56.743,40.577,19.224
411,0.8272,3654.0,4412.5,8.7762,27.411,41.856,2682.8,74.354,120.41,0.33619,80.958,51.375,2610.4,26.381,49.727,3086.0,22.848,67.951,260.55,335.71,94.732,77.219,31.048,8.9698,26.031,6.948,19.511,1.7216,32.848,13.687,23.003,1.4933,19.333,2.3495,4.9806,2.3064,0.030365,0.88022,0.083979,53.188,43.582,63.035,52.998,81.496,57.324,20.744,40.303,42.145,45.902,57.377,41.687,18.316
412,0.82628,3657.8,4380.7,8.7032,27.332,42.12,2680.8,74.78,120.4,0.33593,80.698,48.635,2607.9,25.11,49.655,3084.7,23.813,67.93,261.71,335.8,94.696,77.384,31.048,8.9698,26.031,6.948,19.511,1.7216,32.848,13.687,23.003,1.4933,19.333,2.3495,4.9806,2.3064,0.030365,0.88022,0.083979,53.188,43.582,62.969,53.378,81.586,59.072,20.346,40.335,34.082,45.736,57.818,39.853,16.025
413,0.90166,3650.9,4372.4,8.8259,26.827,41.98,2683.1,74.069,120.44,0.30195,80.629,51.059,2610.6,26.482,50.206,3084.9,22.319,67.921,264.95,336.87,94.738,77.283,32.35,8.9829,25.952,6.8236,19.105,1.7074,32.61,13.802,22.995,1.2207,19.198,2.351,4.9923,2.3903,0.030365,0.88022,0.083979,53.188,43.582,62.277,52.854,88.136,57.536,20.721,36.051,41.217,47.012,58.076,42.017,19.596
414,0.89709,3631.8,4403.6,8.7861,27.239,42.54,2684.7,74.673,120.38,0.30368,80.564,48.65,2612.9,27.502,50.798,3085.8,23.858,67.897,266.1,337.88,94.679,77.576,32.35,8.9829,25.952,6.8236,19.105,1.7074,32.61,13.802,22.995,1.2207,19.198,2.351,4.9923,2.3903,0.030365,0.88022,0.083979,53.188,43.582,62.605,52.481,88.585,56.884,21.18,35.839,34.129,48.38,58.52,40.266,15.927
415,0.77776,3687.7,4425.9,8.8057,26.936,42.288,2687.3,74.983,120.45,0.31277,80.816,49.486,2615.2,24.34,49.473,3087.1,22.998,67.956,266.36,338.55,94.65,77.474,32.229,8.9222,25.522,6.8425,19.597,1.718,32.368,13.842,23.049,1.2956,19.34,2.3714,4.969,2.3184,0.030365,0.88022,0.083979,53.188,43.582,62.73,53.119,76.556,56.217,21.34,37.69,36.587,45.314,59.039,41.563,17.957
416,0.77907,3681.6,4441.4,8.8103,26.869,42.24,2685.7,74.672,120.41,0.3117,80.632,49.552,2613.2,26.002,50.599,3086.4,23.052,68.019,265.63,338.92,94.594,77.362,32.229,8.9222,25.522,6.8425,19.597,1.718,32.368,13.842,23.049,1.2956,19.34,2.3714,4.969,2.3184,0.019453,0.88036,0.11631,54.178,43.716,62.836,52.933,76.428,58.484,21.196,37.82,36.782,47.921,59.439,40.472,17.835
417,0.78757,3687.3,4392.8,8.9792,27.333,42.466,2686.5,74.817,120.43,0.31776,80.672,51.352,2614.9,23.963,49.543,3084.9,23.651,68.042,268.12,339.05,94.608,77.551,32.354,8.8871,25.965,6.9062,19.229,1.7443,32.332,13.857,23.16,1.2713,19.464,2.359,4.9235,2.293,0.019453,0.88036,0.11631,54.178,43.716,62.618,52.213,77.673,58.135,21.742,38.171,42.08,45.476,59.67,41.801,16.396
418,0.78708,3670.4,4393.7,8.7327,26.968,42.09,2684.7,74.735,120.39,0.3164,80.677,51.812,2612.8,26.885,50.042,3086.0,21.961,68.1,269.41,338.73,94.579,77.248,32.354,8.8871,25.965,6.9062,19.229,1.7443,32.332,13.857,23.16,1.2713,19.464,2.359,4.9235,2.293,0.019453,0.88036,0.11631,54.178,43.716,62.908,52.202,77.722,58.782,21.063,38.336,43.432,46.632,60.0,40.645,20.418
419,0.77635,3652.8,4386.3,8.8996,27.031,41.963,2684.5,75.086,120.39,0.317,80.516,49.232,2613.1,24.592,49.405,3084.1,23.357,68.132,270.3,339.64,94.747,77.201,32.308,8.993,26.01,6.7692,19.067,1.6917,33.362,13.766,23.024,1.0781,18.967,2.3595,4.9537,2.3359,0.019453,0.88036,0.11631,54.178,43.716,62.661,53.086,76.19,58.589,21.443,38.685,35.839,45.157,60.37,40.451,17.122
420,0.77252,3636.2,4414.9,8.9623,26.9,42.241,2686.2,74.666,120.39,0.32005,80.523,49.868,2614.2,26.499,51.171,3084.2,22.874,68.129,271.38,339.8,94.544,77.586,32.308,8.993,26.01,6.7692,19.067,1.6917,33.362,13.766,23.024,1.0781,18.967,2.3595,4.9537,2.3359,0.019453,0.88036,0.11631,54.178,43.716,62.947,52.744,76.567,57.824,21.584,38.312,37.71,49.245,60.722,40.11,18.24
421,0.77769,3682.7,4393.7,8.8598,27.426,42.432,2689.6,74.437,120.44,0.30991,80.771,48.811,2618.9,23.931,51.291,3087.3,24.138,68.182,272.67,340.64,94.647,78.089,31.947,8.875,26.039,6.8907,18.94,1.7176,32.909,13.724,22.955,1.1479,19.208,2.3866,4.9003,2.3236,0.0047025,0.88091,0.11644,53.438,42.983,63.39,53.333,76.651,58.571,22.122,37.115,34.601,49.521,61.134,42.14,15.187
422,0.77657,3655.9,4468.5,8.8927,27.101,42.439,2691.3,74.445,120.39,0.31051,80.858,49.831,2619.7,25.181,51.275,3090.3,22.957,68.293,274.95,340.58,94.427,77.613,31.947,8.875,26.039,6.8907,18.94,1.7176,32.909,13.724,22.955,1.1479,19.208,2.3866,4.9003,2.3236,0.0047025,0.88091,0.11644,53.438,42.983,63.851,52.438,76.761,57.443,21.507,37.042,37.601,49.484,61.405,39.97,17.993
423,0.81207,3639.1,4436.6,8.7958,26.853,42.183,2692.8,73.877,120.44,0.30329,80.811,49.785,2620.7,25.173,49.341,3091.6,23.11,68.404,278.04,340.43,94.533,77.529,31.745,8.9694,25.934,6.6834,18.961,1.7061,32.994,13.995,23.33,1.0746,19.017,2.3371,5.0496,2.306,0.0047025,0.88091,0.11644,53.438,42.983,63.124,53.092,80.252,60.161,21.877,36.67,37.469,45.009,61.602,42.101,17.622
424,0.81546,3682.8,4401.2,8.9864,27.147,42.475,2691.9,73.365,120.4,0.30656,80.574,49.224,2620.5,24.15,51.287,3091.4,23.402,68.415,276.37,340.83,94.381,77.151,31.745,8.9694,25.934,6.6834,18.961,1.7061,32.994,13.995,23.33,1.0746,19.017,2.3371,5.0496,2.306,0.0047025,0.88091,0.11644,53.438,42.983,62.371,53.516,79.919,57.032,21.863,36.272,35.816,49.512,62.221,40.73,16.955
425,0.83689,3712.7,4470.7,8.8459,26.879,42.447,2694.4,73.795,120.39,0.33642,80.489,50.396,2622.6,25.452,51.227,3092.3,22.917,68.397,279.69,341.58,94.611,77.858,32.768,8.8272,26.296,6.9723,18.538,1.7587,33.089,14.022,23.252,1.4484,19.159,2.3459,4.9544,2.3933,0.0047025,0.88091,0.11644,53.438,42.983,63.765,52.603,82.35,57.29,22.019,39.949,39.265,49.374,62.399,41.583,18.058
426,0.8376,3730.6,4425.2,8.9803,26.951,42.384,2695.8,74.451,120.44,0.33597,80.596,50.009,2624.4,24.546,50.064,3093.0,22.773,68.442,280.53,342.22,94.134,77.6,32.768,8.8272,26.296,6.9723,18.538,1.7587,33.089,14.022,23.252,1.4484,19.159,2.3459,4.9544,2.3933,0.01678,0.84216,0.11369,53.956,44.148,63.456,53.148,82.281,57.484,21.917,40.005,38.127,46.683,62.888,42.464,18.4
427,0.73475,3663.3,4433.9,8.9769,26.743,42.614,2694.4,73.241,120.38,0.34167,80.471,49.34,2622.9,25.417,49.423,3090.7,22.189,68.487,281.01,342.43,94.641,77.48,32.679,8.7896,25.905,6.9227,18.904,1.6897,33.231,13.868,23.12,1.0994,18.864,2.3767,4.9681,2.3392,0.01678,0.84216,0.11369,53.956,44.148,62.131,54.087,72.795,56.143,22.052,40.303,36.157,45.199,63.356,41.909,19.798
428,0.73719,3660.4,4469.9,8.8402,26.971,42.243,2693.5,74.622,120.37,0.34123,80.347,48.767,2622.4,26.635,51.427,3089.6,22.852,68.501,283.94,342.77,94.516,77.236,32.679,8.7896,25.905,6.9227,18.904,1.6897,33.231,13.868,23.12,1.0994,18.864,2.3767,4.9681,2.3392,0.01678,0.84216,0.11369,53.956,44.148,62.181,53.655,72.554,60.208,22.342,40.357,34.47,49.836,63.606,40.883,18.241
429,0.7433,3636.7,4421.4,8.8417,27.042,42.254,2695.4,74.094,120.38,0.32302,80.376,48.229,2624.3,25.696,50.055,3091.7,22.582,68.472,285.39,342.86,94.683,77.995,32.367,8.8431,25.93,6.8834,18.072,1.7383,33.336,13.794,23.43,1.3696,18.633,2.299,4.9474,2.2899,0.01678,0.84216,0.11369,53.956,44.148,62.962,53.346,72.547,57.991,22.22,38.625,32.887,46.662,63.986,41.254,18.825
430,0.74208,3642.5,4456.8,8.9537,26.757,42.227,2700.3,74.118,120.4,0.32543,80.66,48.463,2629.9,24.45,49.122,3094.0,23.89,68.56,283.83,343.34,94.413,77.84,32.367,8.8431,25.93,6.8834,18.072,1.7383,33.336,13.794,23.43,1.3696,18.633,2.299,4.9474,2.2899,0.01678,0.84216,0.11369,53.956,44.148,62.862,52.923,72.667,58.111,22.725,38.331,33.575,44.503,64.632,41.515,15.712
431,0.76681,3656.8,4480.8,8.8483,26.826,42.201,2701.6,74.562,120.41,0.31605,80.521,50.458,2630.7,25.189,50.299,3097.7,22.659,68.614,284.89,343.42,94.564,77.679,32.244,9.0636,26.145,6.8683,18.363,1.763,33.662,13.547,23.618,1.2248,18.396,2.3728,4.8537,2.3638,0.027269,0.80398,0.11424,53.906,43.153,62.942,54.727,75.495,59.029,22.361,37.516,39.448,47.225,64.094,40.896,18.636
432,0.76693,3677.1,4542.1,9.0654,26.898,42.367,2702.9,73.663,120.4,0.3155,80.393,50.499,2631.6,24.321,50.966,3099.2,23.031,68.629,284.23,343.48,94.462,77.476,32.244,9.0636,26.145,6.8683,18.363,1.763,33.662,13.547,23.618,1.2248,18.396,2.3728,4.8537,2.3638,0.027269,0.80398,0.11424,53.906,43.153,62.592,53.993,75.483,59.157,22.548,37.584,39.569,48.77,64.247,41.435,17.764
433,0.77824,3670.9,4485.4,8.9224,26.73,42.452,2705.1,75.536,120.39,0.28743,80.273,50.652,2634.1,23.351,51.545,3100.4,22.654,68.602,287.25,343.96,94.437,77.449,32.399,8.8649,26.017,6.8333,18.614,1.6868,33.394,13.733,23.677,1.2787,18.719,2.3733,5.0735,2.3921,0.027269,0.80398,0.11424,53.906,43.153,62.838,54.051,76.47,58.194,22.573,34.168,40.019,50.11,64.073,41.469,18.663
434,0.77609,3629.3,4469.9,8.8931,26.54,42.633,2708.1,74.062,120.42,0.2875,80.408,49.37,2637.1,24.919,51.996,3103.1,23.251,68.598,284.69,343.87,94.417,77.565,32.399,8.8649,26.017,6.8333,18.614,1.6868,33.394,13.733,23.677,1.2787,18.719,2.3733,5.0735,2.3921,0.027269,0.80398,0.11424,53.906,43.153,63.553,54.236,76.68,61.127,22.564,34.159,36.245,51.154,64.394,41.56,17.218
435,0.76085,3668.4,4455.4,8.8835,26.994,42.229,2706.9,74.228,120.41,0.30694,80.253,49.307,2637.4,25.708,50.092,3102.1,23.014,68.607,284.78,344.38,94.361,77.416,32.76,8.9909,26.251,7.0299,18.481,1.6656,33.203,13.704,23.375,1.3201,18.375,2.3877,4.8967,2.4362,0.027269,0.80398,0.11424,53.906,43.153,63.217,53.843,74.964,58.426,23.044,36.491,36.061,46.748,64.481,41.414,17.799
436,0.76111,3686.4,4470.7,8.9959,27.109,42.565,2709.3,73.588,120.38,0.31045,80.377,49.994,2638.9,25.566,50.507,3104.0,22.949,68.558,284.83,344.69,94.444,77.801,32.76,8.9909,26.251,7.0299,18.481,1.6656,33.203,13.704,23.375,1.3201,18.375,2.3877,4.8967,2.4362,0.012743,0.82548,0.10731,53.426,43.711,62.906,53.66,74.939,56.177,23.086,36.062,38.083,47.707,63.573,40.523,17.911
437,0.7219,3621.7,4497.8,8.9212,27.068,42.401,2708.0,75.021,120.39,0.30597,80.118,49.329,2637.6,23.342,50.004,3102.1,22.239,68.56,281.59,344.96,94.432,77.289,32.611,8.7137,25.992,6.7076,18.473,1.7126,33.246,13.602,23.284,1.2814,18.342,2.2819,4.912,2.2559,0.012743,0.82548,0.10731,53.426,43.711,62.249,53.7,71.11,57.642,23.01,35.68,36.124,46.544,63.523,42.038,19.636
438,0.72145,3631.1,4494.5,8.9603,27.133,42.43,2707.6,74.915,120.35,0.30677,79.92,49.405,2637.0,23.697,49.931,3100.3,23.228,68.426,283.19,345.5,94.686,77.271,32.611,8.7137,25.992,6.7076,18.473,1.7126,33.246,13.602,23.284,1.2814,18.342,2.2819,4.912,2.2559,0.012743,0.82548,0.10731,53.426,43.711,62.088,53.739,71.155,58.62,23.478,35.582,36.348,46.375,63.047,40.341,17.311
439,0.73202,3724.5,4498.8,8.8782,26.719,42.43,2710.2,74.407,120.42,0.29373,79.945,50.758,2639.5,27.626,49.241,3102.2,22.8,68.365,283.32,345.35,94.467,77.279,32.395,8.8173,25.981,6.7853,18.477,1.7015,33.562,13.607,23.413,1.2472,18.234,2.3254,4.9371,2.3082,0.012743,0.82548,0.10731,53.426,43.711,63.319,53.757,71.948,56.513,23.41,34.198,40.331,44.777,62.709,41.591,18.336
440,0.73298,3700.4,4483.7,8.8278,26.522,42.752,2711.1,75.343,120.39,0.29663,80.028,48.868,2641.1,25.456,51.908,3105.0,23.407,68.3,280.45,344.83,94.385,77.433,32.395,8.8173,25.981,6.7853,18.477,1.7015,33.562,13.607,23.413,1.2472,18.234,2.3254,4.9371,2.3082,0.012743,0.82548,0.10731,53.426,43.711,63.735,53.938,71.854,57.596,23.023,33.843,34.77,50.949,62.638,40.758,16.884
441,0.74881,3698.6,4496.1,8.8502,26.788,42.113,2714.1,74.456,120.43,0.28955,80.231,50.748,2644.7,24.41,48.77,3105.9,23.413,68.293,279.75,345.74,94.345,77.695,32.694,8.9985,26.462,6.7487,18.941,1.6714,33.561,13.798,23.819,1.0571,17.981,2.3067,4.8294,2.3021,0.0022498,0.79854,0.097544,52.943,42.746,63.211,53.831,73.748,57.491,23.42,34.512,40.301,43.687,62.883,42.557,16.835
442,0.74966,3658.9,4457.0,8.9765,27.481,42.157,2712.5,74.373,120.36,0.29085,80.135,50.701,2642.5,24.919,51.181,3107.6,23.028,68.333,281.85,345.27,94.305,77.248,32.694,8.9985,26.462,6.7487,18.941,1.6714,33.561,13.798,23.819,1.0571,17.981,2.3067,4.8294,2.3021,0.0022498,0.79854,0.097544,52.943,42.746,63.895,54.299,73.665,57.702,23.309,34.352,40.162,49.268,62.587,40.207,17.775
443,0.71638,3690.2,4437.3,8.9211,26.63,42.556,2711.3,74.476,120.39,0.31247,80.021,50.051,2641.5,25.376,50.436,3103.9,22.418,68.301,279.85,345.34,94.45,77.307,32.385,8.7875,26.235,6.8736,18.677,1.6924,33.747,13.897,23.171,1.1193,18.394,2.3486,4.7228,2.3169,0.0022498,0.79854,0.097544,52.943,42.746,63.786,53.408,70.523,58.587,23.215,36.64,38.249,47.544,62.66,41.797,19.221
444,0.71561,3697.6,4493.9,8.9601,27.237,42.58,2707.8,75.139,120.39,0.3108,79.774,49.059,2637.7,26.775,49.74,3102.1,22.959,68.252,282.82,344.96,94.421,76.973,32.385,8.7875,26.235,6.8736,18.677,1.6924,33.747,13.897,23.171,1.1193,18.394,2.3486,4.7228,2.3169,0.0022498,0.79854,0.097544,52.943,42.746,63.658,52.73,70.599,57.703,23.24,36.843,35.33,45.932,62.291,40.997,17.983
445,0.74267,3681.5,4475.1,8.9004,27.033,42.0,2709.0,75.373,120.41,0.32084,79.867,49.922,2638.6,26.447,48.83,3101.7,23.5,68.176,280.94,345.28,94.465,77.489,32.871,8.7781,26.74,6.7505,18.419,1.6887,33.778,13.813,23.861,1.2358,18.137,2.3441,4.7853,2.2267,0.0022498,0.79854,0.097544,52.943,42.746,62.906,53.597,73.102,57.316,23.462,38.318,37.87,43.826,62.361,41.361,16.68
446,0.74114,3651.7,4457.3,8.9471,26.822,42.476,2711.4,74.515,120.39,0.3254,80.118,50.2,2642.5,25.248,50.593,3103.3,23.489,68.208,279.32,345.39,94.372,77.749,32.871,8.7781,26.74,6.7505,18.419,1.6887,33.778,13.813,23.861,1.2358,18.137,2.3441,4.7853,2.2267,0.0022237,0.80679,0.10227,53.014,43.667,63.418,53.81,73.253,57.289,23.48,37.762,38.688,47.907,61.671,40.781,16.664
447,0.69103,3720.3,4546.1,8.7823,27.003,42.67,2711.7,75.73,120.4,0.3134,80.162,48.191,2640.9,23.366,50.052,3105.0,24.836,68.239,278.52,344.83,94.509,77.614,33.038,8.832,26.32,7.0199,18.03,1.708,33.2,13.829,23.981,1.4804,17.96,2.3242,4.8204,2.3663,0.0022237,0.80679,0.10227,53.014,43.667,63.385,53.42,68.04,58.999,23.249,37.027,32.777,46.654,61.319,42.158,13.468
448,0.69143,3734.8,4488.0,8.8931,27.222,41.933,2710.0,74.36,120.39,0.31244,80.077,51.357,2639.3,25.637,51.84,3103.1,24.34,68.235,273.77,344.08,94.319,77.166,33.038,8.832,26.32,7.0199,18.03,1.708,33.2,13.829,23.981,1.4804,17.96,2.3242,4.8204,2.3663,0.0022237,0.80679,0.10227,53.014,43.667,63.135,54.115,68.001,59.149,23.348,37.144,42.094,50.791,61.32,41.227,14.67
449,0.66527,3633.8,4568.1,8.8667,26.76,42.314,2708.7,75.473,120.38,0.31908,79.976,50.194,2637.7,25.245,49.585,3101.6,21.823,68.171,276.68,344.25,94.666,77.19,32.654,8.9389,26.392,7.1111,18.214,1.6853,33.284,13.852,24.042,1.1426,18.16,2.3415,4.8144,2.2739,0.0022237,0.80679,0.10227,53.014,43.667,62.507,54.204,65.816,56.969,23.029,36.754,38.67,45.574,60.641,41.294,20.65
450,0.67067,3621.7,4543.7,8.7774,26.578,42.203,2708.0,75.066,120.37,0.3176,79.952,49.957,2637.4,26.316,51.338,3100.1,21.911,68.113,275.14,344.25,94.728,77.298,32.654,8.9389,26.392,7.1111,18.214,1.6853,33.284,13.852,24.042,1.1426,18.16,2.3415,4.8144,2.2739,0.0022237,0.80679,0.10227,53.014,43.667,62.715,54.496,65.285,58.419,23.013,36.934,37.972,49.63,60.363,41.246,20.45
451,0.69613,3593.9,4548.7,8.9672,26.714,42.672,2710.2,74.268,120.4,0.31944,80.071,49.318,2639.4,23.017,49.564,3102.1,23.235,68.075,274.28,343.95,94.749,77.639,32.436,8.7902,26.88,6.9725,19.067,1.721,33.291,13.72,24.478,1.2347,17.812,2.3145,4.9044,2.357,0.019788,0.80107,0.1032,55.441,43.589,62.22,54.094,68.74,54.973,23.087,37.35,36.094,45.525,60.18,41.17,17.282
452,0.69844,3607.1,4549.1,8.8016,26.843,42.007,2711.2,74.845,120.37,0.32071,80.171,51.505,2640.3,24.186,50.694,3105.0,23.702,68.056,275.07,343.96,94.827,77.631,32.436,8.7902,26.88,6.9725,19.067,1.721,33.291,13.72,24.478,1.2347,17.812,2.3145,4.9044,2.357,0.019788,0.80107,0.1032,55.441,43.589,61.994,54.088,68.513,57.034,22.903,37.194,42.529,48.139,59.761,40.907,16.159
453,0.7135,3642.3,4452.8,8.8355,27.053,42.403,2714.0,73.883,120.41,0.30422,80.277,49.932,2643.2,26.043,50.168,3107.4,22.726,68.07,272.08,343.08,94.715,77.457,32.406,8.951,26.369,6.8011,18.171,1.7009,33.25,13.661,24.026,1.1871,18.08,2.3559,4.7708,2.2843,0.019788,0.80107,0.1032,55.441,43.589,62.452,53.17,70.448,56.822,23.083,35.617,37.901,46.923,59.676,40.88,18.479
454,0.71538,3664.7,4421.8,8.7112,26.482,42.536,2713.0,75.392,120.39,0.30372,80.109,49.3,2642.3,27.173,48.059,3107.4,22.867,68.034,269.52,343.43,94.724,77.453,32.406,8.951,26.369,6.8011,18.171,1.7009,33.25,13.661,24.026,1.1871,18.08,2.3559,4.7708,2.2843,0.019788,0.80107,0.1032,55.441,43.589,62.067,53.541,70.263,57.292,22.603,35.677,36.041,42.042,59.558,40.695,18.147
455,0.71589,3645.1,4557.6,8.886,27.395,42.55,2715.0,75.427,120.42,0.29572,80.212,50.529,2645.5,24.99,50.875,3109.4,21.702,67.997,270.45,343.36,94.693,77.538,31.961,8.8775,26.768,7.0214,18.861,1.7642,33.257,13.737,23.544,1.1999,17.898,2.3727,4.8547,2.2959,0.019788,0.80107,0.1032,55.441,43.589,63.904,54.142,70.321,57.472,23.372,34.878,39.658,48.559,59.129,41.311,20.898
456,0.7148,3723.3,4530.4,8.8363,27.021,42.567,2713.3,74.621,120.42,0.29456,79.948,50.466,2643.0,24.372,47.941,3108.8,23.796,67.925,269.17,343.52,94.508,76.869,31.961,8.8775,26.768,7.0214,18.861,1.7642,33.257,13.737,23.544,1.1999,17.898,2.3727,4.8547,2.2959,0.040868,0.80175,0.092205,53.619,43.827,62.557,54.467,70.429,58.845,22.793,35.02,39.472,41.768,58.698,40.884,15.993
457,0.75758,3619.4,4483.0,8.832,26.964,42.109,2713.0,74.609,120.39,0.30565,79.748,49.432,2641.7,24.835,50.09,3107.4,23.099,67.793,269.1,343.05,94.795,77.09,32.251,8.9093,26.499,6.97,18.723,1.7083,33.05,13.612,24.174,1.1051,18.564,2.2695,4.8191,2.3114,0.040868,0.80175,0.092205,53.619,43.827,62.387,53.386,74.683,57.315,23.007,35.514,36.429,46.742,58.281,40.574,17.661
458,0.75849,3626.8,4462.0,8.8343,26.557,42.505,2715.2,75.311,120.38,0.30537,79.829,50.249,2644.1,26.392,50.04,3109.9,23.586,67.688,266.1,343.15,94.702,77.516,32.251,8.9093,26.499,6.97,18.723,1.7083,33.05,13.612,24.174,1.1051,18.564,2.2695,4.8191,2.3114,0.040868,0.80175,0.092205,53.619,43.827,62.259,53.638,74.594,58.031,22.754,35.548,38.833,46.627,58.131,40.763,16.482
459,0.73274,3603.3,4493.2,8.8735,27.073,42.218,2720.9,74.812,120.43,0.2891,80.253,50.075,2652.3,25.765,49.026,3112.3,22.269,67.717,266.64,343.87,94.663,77.401,32.214,8.683,26.572,6.7823,19.079,1.7144,33.139,13.685,24.023,1.0841,18.318,2.3628,4.8218,2.2675,0.040868,0.80175,0.092205,53.619,43.827,63.006,53.598,71.783,55.916,23.787,33.974,38.321,44.279,57.658,42.042,19.588
460,0.73109,3668.2,4478.3,8.8897,26.843,42.262,2719.4,74.464,120.4,0.28825,79.996,50.111,2649.2,24.541,49.364,3113.1,22.116,67.707,263.29,343.84,94.71,77.156,32.214,8.683,26.572,6.7823,19.079,1.7144,33.139,13.685,24.023,1.0841,18.318,2.3628,4.8218,2.2675,0.040868,0.80175,0.092205,53.619,43.827,61.889,53.777,71.945,57.184,23.113,34.078,38.426,45.062,57.535,40.866,19.975
461,0.73264,3709.0,4459.4,8.8377,26.827,41.933,2717.9,74.469,120.42,0.29379,79.885,51.331,2648.9,25.527,49.127,3112.1,23.171,67.613,264.39,343.64,94.581,77.233,31.987,8.868,26.949,6.7998,18.5,1.7426,33.126,13.677,24.225,1.2261,18.014,2.3096,4.8075,2.3731,0.019928,0.78359,0.1065,54.333,43.101,62.84,53.11,72.411,56.548,23.11,35.087,42.016,44.514,56.976,41.523,17.48
462,0.73264,3670.5,4412.5,8.9182,27.043,42.524,2718.4,74.871,120.39,0.29654,79.816,50.003,2648.2,26.695,50.668,3112.2,22.987,67.544,262.98,343.26,94.597,77.062,31.987,8.868,26.949,6.7998,18.5,1.7426,33.126,13.677,24.225,1.2261,18.014,2.3096,4.8075,2.3731,0.019928,0.78359,0.1065,54.333,43.101,63.502,53.671,72.411,55.834,23.25,34.752,38.11,48.079,56.668,40.223,17.928
463,0.75505,3684.1,4510.8,8.9703,27.379,42.309,2718.5,75.523,120.4,0.29767,79.838,49.199,2648.6,24.286,50.429,3112.7,23.165,67.49,259.67,343.7,94.537,77.446,32.305,8.9776,26.658,6.8301,18.703,1.7351,33.088,13.662,24.47,1.2532,18.632,2.3502,4.894,2.3434,0.019928,0.78359,0.1065,54.333,43.101,63.199,53.913,74.692,56.604,23.483,34.195,35.743,47.527,56.531,41.012,17.489
464,0.75494,3679.2,4521.3,8.8992,26.781,42.081,2720.1,75.003,120.42,0.29533,79.937,50.875,2649.5,25.726,50.477,3114.2,22.941,67.446,257.83,343.69,94.466,77.562,32.305,8.9776,26.658,6.8301,18.703,1.7351,33.088,13.662,24.47,1.2532,18.632,2.3502,4.894,2.3434,0.019928,0.78359,0.1065,54.333,43.101,63.284,53.787,74.703,58.717,23.013,34.48,40.674,47.639,56.264,41.493,18.007
465,0.72523,3673.3,4492.0,8.8897,27.073,42.643,2719.0,75.72,120.43,0.28925,79.965,50.07,2648.4,24.21,50.129,3113.5,23.004,67.45,259.49,343.38,94.491,77.089,32.198,8.8295,26.903,6.861,18.498,1.7094,32.574,13.745,24.499,1.0697,18.108,2.3375,4.7528,2.29,0.019928,0.78359,0.1065,54.333,43.101,63.182,53.668,71.667,58.066,23.209,34.593,38.306,46.832,55.685,40.597,17.887
466,0.72841,3662.2,4529.4,8.7366,26.781,41.865,2719.3,75.434,120.43,0.28969,79.952,49.326,2648.4,24.947,49.908,3111.7,21.487,67.392,257.73,343.38,94.513,77.081,32.198,8.8295,26.903,6.861,18.498,1.7094,32.574,13.745,24.499,1.0697,18.108,2.3375,4.7528,2.29,0.02552,0.80339,0.11355,54.662,44.15,63.373,53.22,71.353,56.267,23.188,34.539,36.118,46.321,54.872,42.1,21.496
467,0.7383,3642.2,4490.5,8.7911,26.887,42.226,2716.3,74.471,120.37,0.30083,79.764,50.66,2645.4,25.184,50.184,3111.2,22.316,67.317,253.12,342.99,94.676,77.055,31.916,8.9208,27.027,6.8406,18.153,1.7243,33.399,13.816,24.091,1.3314,18.299,2.2968,4.8117,2.2759,0.02552,0.80339,0.11355,54.662,44.15,63.482,54.22,72.291,58.748,22.765,35.243,40.042,46.959,54.622,40.191,19.543
468,0.73906,3650.1,4483.7,8.7572,26.812,41.786,2716.9,75.871,120.43,0.29919,79.823,50.156,2646.3,26.221,49.889,3110.9,22.081,67.206,251.15,343.06,94.499,77.161,31.916,8.9208,27.027,6.8406,18.153,1.7243,33.399,13.816,24.091,1.3314,18.299,2.2968,4.8117,2.2759,0.02552,0.80339,0.11355,54.662,44.15,63.346,54.3,72.217,59.025,22.955,35.443,38.559,46.277,54.143,41.1,20.1
469,0.76519,3700.1,4524.7,8.7858,26.856,42.338,2716.3,74.808,120.39,0.30546,79.715,50.135,2645.2,23.863,48.839,3110.2,24.156,67.132,249.6,342.68,94.754,77.343,32.392,8.8857,26.408,6.8171,17.531,1.7218,32.713,13.859,24.224,1.2751,17.841,2.3073,4.8426,2.2099,0.02552,0.80339,0.11355,54.662,44.15,62.694,54.734,75.267,58.52,22.903,36.514,38.498,43.847,53.629,40.928,15.176
470,0.76662,3691.6,4527.7,8.7719,26.991,42.044,2717.9,76.477,120.41,0.30886,79.894,49.944,2646.9,25.228,50.073,3112.9,22.315,67.074,251.47,342.78,94.518,77.271,32.392,8.8857,26.408,6.8171,17.531,1.7218,32.713,13.859,24.224,1.2751,17.841,2.3073,4.8426,2.2099,0.02552,0.80339,0.11355,54.662,44.15,62.84,54.698,75.126,56.657,22.809,36.099,37.937,46.702,52.811,41.568,19.548
471,0.7211,3703.5,4630.2,8.7686,26.447,42.115,2718.3,75.598,120.41,0.31024,80.049,51.619,2647.5,25.087,48.986,3112.6,22.517,67.041,248.67,342.2,94.593,77.481,32.309,9.0081,26.555,6.8712,18.598,1.7047,32.616,13.802,24.598,1.2266,18.267,2.353,4.7853,2.3075,0.025822,0.81347,0.11524,54.377,44.084,62.892,55.154,70.634,55.789,22.837,37.092,42.864,44.188,52.841,40.874,19.044
472,0.71858,3685.0,4646.9,8.7868,27.15,42.207,2715.6,75.627,120.39,0.31089,79.944,51.338,2644.2,24.859,50.13,3111.5,23.082,67.022,248.69,341.97,94.567,76.806,32.309,9.0081,26.555,6.8712,18.598,1.7047,32.616,13.802,24.598,1.2266,18.267,2.353,4.7853,2.3075,0.025822,0.81347,0.11524,54.377,44.084,63.211,54.953,70.882,56.474,22.622,37.012,42.038,46.835,52.376,40.748,17.758
473,0.72487,3650.9,4506.0,8.6554,26.794,42.408,2712.4,75.623,120.4,0.30579,79.803,51.866,2640.7,24.092,52.411,3109.2,23.721,66.976,244.65,341.14,94.581,76.943,31.877,9.0205,26.722,6.8865,19.094,1.745,33.695,13.927,24.491,1.3173,18.234,2.3557,4.8019,2.259,0.025822,0.81347,0.11524,54.377,44.084,63.358,54.142,71.506,58.626,22.297,36.124,43.59,52.114,52.277,40.567,16.252
474,0.72876,3648.6,4538.6,8.6511,27.266,42.106,2710.8,75.628,120.39,0.30558,79.827,50.466,2639.5,25.193,50.506,3107.7,22.803,66.876,243.83,341.05,94.764,77.075,31.877,9.0205,26.722,6.8865,19.094,1.745,33.695,13.927,24.491,1.3173,18.234,2.3557,4.8019,2.259,0.025822,0.81347,0.11524,54.377,44.084,63.397,53.752,71.124,58.692,22.698,36.15,39.472,47.704,51.896,40.51,18.432
475,0.77045,3677.8,4498.2,8.719,26.817,42.398,2710.7,76.553,120.41,0.32098,80.022,50.027,2640.4,24.785,49.644,3107.2,22.294,66.849,241.84,340.79,94.606,77.243,31.727,8.7446,27.176,6.7543,18.545,1.6758,32.258,13.834,24.521,1.2226,18.451,2.3509,4.879,2.2006,0.025822,0.81347,0.11524,54.377,44.084,62.764,53.005,75.44,58.267,22.439,37.678,38.18,45.71,51.619,41.007,19.628
476,0.76774,3681.8,4495.6,8.7908,26.832,42.37,2709.8,75.459,120.39,0.31852,80.055,49.598,2639.4,27.112,50.638,3106.8,22.782,66.817,240.85,341.0,94.689,76.945,31.727,8.7446,27.176,6.7543,18.545,1.6758,32.258,13.834,24.521,1.2226,18.451,2.3509,4.879,2.2006,0.019768,0.82598,0.10744,54.837,43.602,62.695,53.036,75.706,57.618,22.53,37.978,36.917,48.011,51.462,40.077,18.495
477,0.7876,3703.5,4498.5,8.6977,26.881,42.289,2709.2,75.847,120.42,0.3117,79.952,50.034,2638.0,25.824,49.267,3106.9,23.04,66.784,240.55,340.62,94.638,76.963,32.129,8.8334,26.71,6.6709,18.792,1.6995,32.584,13.763,24.698,1.3496,18.56,2.3022,4.7677,2.1626,0.019768,0.82598,0.10744,54.837,43.602,63.54,54.341,77.386,56.703,22.155,36.4,38.202,44.837,51.127,41.597,17.891
478,0.78846,3704.0,4557.8,8.7859,26.997,42.645,2707.2,74.782,120.36,0.31157,79.803,49.379,2634.8,26.53,49.434,3104.6,24.139,66.727,240.54,340.61,94.624,76.909,32.129,8.8334,26.71,6.6709,18.792,1.6995,32.584,13.763,24.698,1.3496,18.56,2.3022,4.7677,2.1626,0.019768,0.82598,0.10744,54.837,43.602,63.531,53.632,77.301,57.165,22.076,36.416,36.272,45.223,50.77,40.562,15.311
479,0.75073,3701.0,4489.4,8.5839,26.893,42.509,2706.9,74.379,120.43,0.30091,79.974,51.003,2635.5,24.212,48.363,3104.7,23.378,66.661,239.09,340.22,94.499,77.418,31.774,8.9023,26.634,6.6559,18.709,1.6267,32.847,13.952,24.576,1.3983,19.005,2.3303,4.8018,2.2156,0.019768,0.82598,0.10744,54.837,43.602,64.475,53.863,73.898,56.924,21.948,35.78,41.053,42.746,50.545,41.615,17.083
480,0.75098,3693.5,4496.2,8.7772,26.85,41.805,2704.9,76.079,120.4,0.29865,80.107,50.187,2633.3,25.668,48.479,3103.3,21.65,66.695,238.44,339.68,94.503,77.299,31.774,8.9023,26.634,6.6559,18.709,1.6267,32.847,13.952,24.576,1.3983,19.005,2.3303,4.8018,2.2156,0.019768,0.82598,0.10744,54.837,43.602,64.603,53.781,73.874,54.954,21.665,36.055,38.651,43.015,50.244,41.088,21.19
481,0.78855,3774.3,4486.2,8.7137,26.802,42.535,2704.2,75.262,120.43,0.32093,80.249,50.145,2632.8,25.308,50.235,3102.7,22.255,66.686,237.18,339.28,94.488,77.346,31.986,8.706,26.384,6.8302,18.663,1.699,32.888,13.901,24.204,1.3513,18.322,2.3444,4.8541,2.2367,0.038734,0.85922,0.09768,54.093,43.557,63.551,54.11,77.408,56.99,21.768,38.463,38.526,47.078,50.289,42.026,19.743
482,0.78723,3735.8,4524.2,8.6728,26.977,42.538,2702.0,75.635,120.4,0.32209,80.317,51.619,2631.3,25.642,49.862,3101.5,22.25,66.727,237.44,338.79,94.398,77.232,31.986,8.706,26.384,6.8302,18.663,1.699,32.888,13.901,24.204,1.3513,18.322,2.3444,4.8541,2.2367,0.038734,0.85922,0.09768,54.093,43.557,64.212,53.655,77.537,57.074,21.642,38.321,42.865,46.216,50.032,40.838,19.762
483,0.77076,3662.8,4480.7,8.7607,27.249,42.066,2701.0,75.985,120.43,0.31501,80.411,49.088,2629.7,24.702,49.946,3098.2,23.715,66.751,236.91,339.14,94.457,77.505,31.819,8.8398,26.945,6.868,19.115,1.7414,32.721,13.999,24.45,1.3451,18.15,2.333,4.8621,2.2864,0.038734,0.85922,0.09768,54.093,43.557,64.071,54.301,75.769,55.011,22.12,37.95,35.417,46.408,49.844,41.928,16.251
484,0.77065,3675.2,4537.6,8.7922,27.054,42.114,2698.3,76.079,120.4,0.31656,80.334,51.685,2625.9,25.868,50.029,3097.0,22.297,66.792,235.58,338.51,94.515,76.795,31.819,8.8398,26.945,6.868,19.115,1.7414,32.721,13.999,24.45,1.3451,18.15,2.333,4.8621,2.2864,0.038734,0.85922,0.09768,54.093,43.557,63.858,53.621,75.78,54.736,21.478,37.761,43.059,46.601,49.727,41.575,19.665
485,0.79027,3631.3,4453.5,8.7134,27.023,42.335,2693.8,74.948,120.38,0.32547,80.166,48.515,2622.1,24.742,50.495,3093.6,22.909,66.732,232.17,338.28,94.754,77.034,31.755,8.9701,26.327,7.0474,18.544,1.7089,32.602,14.087,24.386,1.2672,19.141,2.3267,4.8587,2.2716,0.038734,0.85922,0.09768,54.093,43.557,64.313,53.502,77.605,55.453,21.448,39.482,33.731,47.68,49.797,40.224,18.221
486,0.78829,3694.2,4491.9,8.6834,27.07,42.546,2692.1,75.377,120.39,0.32836,80.179,50.129,2620.2,24.991,48.766,3091.5,22.796,66.672,234.95,338.05,94.615,77.075,31.755,8.9701,26.327,7.0474,18.544,1.7089,32.602,14.087,24.386,1.2672,19.141,2.3267,4.8587,2.2716,0.02035,0.84653,0.10481,53.499,44.464,63.23,53.041,77.8,57.068,21.505,39.13,38.479,43.679,50.184,41.495,18.503
487,0.80141,3619.8,4524.9,8.6753,27.005,42.178,2691.9,75.483,120.36,0.33853,80.156,50.579,2619.3,24.924,51.348,3090.0,23.523,66.671,237.16,338.53,94.971,77.205,31.759,9.0181,26.381,6.9923,18.81,1.6545,32.767,13.747,23.904,1.3314,18.706,2.3414,4.9398,2.4457,0.02035,0.84653,0.10481,53.499,44.464,62.865,54.039,78.552,55.057,21.438,40.582,39.804,49.653,50.133,40.496,16.777
488,0.80053,3618.9,4547.6,8.6953,26.955,42.089,2693.0,75.174,120.39,0.33882,80.472,51.193,2620.5,23.666,51.095,3092.6,23.187,66.716,238.93,337.66,94.77,77.552,31.759,9.0181,26.381,6.9923,18.81,1.6545,32.767,13.747,23.904,1.3314,18.706,2.3414,4.9398,2.4457,0.02035,0.84653,0.10481,53.499,44.464,62.881,53.767,78.638,58.064,21.406,40.547,41.612,49.069,50.118,40.95,17.543
489,0.80487,3623.4,4479.2,8.7345,26.334,41.993,2695.3,75.262,120.41,0.30012,80.582,50.116,2623.4,26.205,49.62,3094.8,23.951,66.816,236.61,337.6,94.81,77.367,31.831,8.9309,26.197,6.9156,19.384,1.6825,33.086,14.038,24.223,1.3555,18.609,2.3443,4.8745,2.2771,0.02035,0.84653,0.10481,53.499,44.464,63.157,53.949,79.008,56.987,21.088,36.318,38.442,45.655,50.462,40.132,15.723
490,0.80422,3616.8,4508.7,8.7517,26.983,42.02,2696.3,73.941,120.42,0.30192,80.681,49.512,2624.5,25.687,51.971,3095.7,23.479,66.903,238.27,337.81,94.77,77.5,31.831,8.9309,26.197,6.9156,19.384,1.6825,33.086,14.038,24.223,1.3555,18.609,2.3443,4.8745,2.2771,0.02035,0.84653,0.10481,53.499,44.464,63.27,53.595,79.072,58.158,21.469,36.098,36.664,51.096,50.449,40.869,16.822
491,0.79995,3655.9,4429.8,8.8773,26.619,42.28,2696.2,74.552,120.4,0.33567,80.733,48.734,2624.8,24.747,49.05,3094.9,21.314,66.942,236.23,337.86,94.619,77.373,32.402,8.8592,25.786,6.7594,18.7,1.7317,32.344,13.925,23.627,1.4234,18.817,2.33,4.9128,2.2767,0.017125,0.86256,0.12413,54.222,44.238,63.201,53.078,78.927,57.483,21.365,39.863,34.374,44.336,50.469,41.317,21.944
492,0.80345,3650.1,4434.6,8.7343,26.792,41.978,2691.8,75.79,120.4,0.33458,80.465,51.195,2619.8,25.375,49.48,3092.5,21.892,66.943,234.77,337.96,94.841,77.099,32.402,8.8592,25.786,6.7594,18.7,1.7317,32.344,13.925,23.627,1.4234,18.817,2.33,4.9128,2.2767,0.017125,0.86256,0.12413,54.222,44.238,63.302,53.021,78.583,57.979,21.23,39.996,41.616,45.332,50.605,40.693,20.606
493,0.74566,3714.7,4497.3,8.7117,26.704,42.19,2688.9,74.78,120.4,0.32034,80.359,48.722,2617.1,26.266,49.445,3089.6,23.136,66.898,237.43,337.86,94.713,76.91,31.275,9.0278,26.22,7.0351,18.846,1.7003,32.368,14.017,23.579,1.1734,18.668,2.3674,4.9612,2.4014,0.017125,0.86256,0.12413,54.222,44.238,63.603,53.902,73.544,55.769,21.225,38.943,34.338,45.249,50.379,40.774,17.684
494,0.74797,3712.3,4482.8,8.8055,26.686,42.419,2687.5,74.011,120.42,0.32046,80.342,48.585,2615.5,25.522,49.462,3087.5,23.063,66.85,236.97,337.39,94.702,77.1,31.275,9.0278,26.22,7.0351,18.846,1.7003,32.368,14.017,23.579,1.1734,18.668,2.3674,4.9612,2.4014,0.017125,0.86256,0.12413,54.222,44.238,63.643,54.076,73.317,56.645,21.188,38.928,33.935,45.29,50.434,41.142,17.859
495,0.86235,3619.4,4481.2,8.6513,26.726,42.446,2689.6,75.512,120.4,0.33071,80.528,49.922,2617.0,25.414,48.598,3089.5,23.131,66.823,234.99,337.27,94.68,77.655,31.765,8.8033,26.017,6.9681,18.694,1.6908,32.324,14.147,23.7,1.3537,19.461,2.357,4.9394,2.2568,0.017125,0.86256,0.12413,54.222,44.238,62.81,53.737,84.231,58.612,21.058,40.37,37.871,43.289,50.624,40.813,17.648
496,0.86126,3613.3,4514.8,8.6883,26.954,42.509,2689.3,74.951,120.41,0.33453,80.563,51.543,2616.8,26.261,50.241,3090.6,23.631,66.883,237.51,337.42,94.803,77.242,31.765,8.8033,26.017,6.9681,18.694,1.6908,32.324,14.147,23.7,1.3537,19.461,2.357,4.9394,2.2568,0.001952,0.89058,0.096559,54.689,43.714,62.914,53.336,84.338,58.242,21.053,39.904,42.641,47.091,50.849,40.926,16.487
497,0.81959,3642.7,4490.4,8.7079,26.986,42.745,2690.0,75.433,120.42,0.3469,80.599,49.327,2617.9,24.618,50.889,3090.1,23.267,66.913,240.96,337.67,94.74,77.301,32.198,9.0013,26.107,6.9273,19.249,1.7302,32.706,14.022,23.592,1.3954,19.41,2.3413,4.9807,2.2624,0.001952,0.89058,0.096559,54.689,43.714,62.885,54.003,80.489,57.21,21.185,42.247,36.121,48.592,50.743,41.304,17.348
498,0.82164,3620.4,4496.3,8.7365,27.223,42.283,2689.2,74.59,120.37,0.34839,80.662,49.692,2617.2,25.81,51.238,3090.5,23.01,66.958,238.98,337.83,94.738,77.448,32.198,9.0013,26.107,6.9273,19.249,1.7302,32.706,14.022,23.592,1.3954,19.41,2.3413,4.9807,2.2624,0.001952,0.89058,0.096559,54.689,43.714,63.268,53.932,80.287,56.312,21.366,42.066,37.194,49.4,51.117,40.333,17.933
499,0.77754,3680.2,4415.3,8.7293,26.792,41.663,2689.8,75.744,120.42,0.3396,80.692,51.408,2618.3,26.111,49.194,3088.2,23.617,67.017,241.13,338.69,94.703,77.341,32.676,8.9541,25.987,7.0015,19.165,1.7462,32.684,13.876,23.354,1.1737,19.323,2.3693,4.8168,2.3081,0.001952,0.89058,0.096559,54.689,43.714,62.535,53.505,76.802,56.558,21.529,40.179,42.245,44.669,51.121,40.531,16.492
500,0.7786,3674.5,4399.8,8.7669,27.059,42.049,2685.7,74.378,120.38,0.33588,80.51,50.026,2613.7,24.712,47.821,3086.0,22.948,67.012,240.81,337.71,94.778,77.514,32.676,8.9541,25.987,7.0015,19.165,1.7462,32.684,13.876,23.354,1.1737,19.323,2.3693,4.8168,2.3081,0.001952,0.89058,0.096559,54.689,43.714,62.633,53.69,76.698,57.434,21.078,40.633,38.176,41.491,51.347,40.196,18.076
501,0.72813,3663.7,4450.8,8.7644,26.792,42.02,2684.3,73.802,120.41,0.32183,80.473,48.138,2612.1,23.445,50.041,3084.6,23.715,67.023,242.2,337.93,94.917,76.865,32.097,8.8984,25.807,6.6554,19.178,1.6941,32.516,13.885,23.266,1.3306,19.105,2.3767,4.9792,2.245,0.0099055,0.88366,0.12967,53.588,43.461,62.09,53.214,72.06,56.216,20.994,38.629,32.622,46.629,52.211,41.241,16.308
502,0.72971,3604.7,4462.1,8.6572,26.826,42.253,2682.3,75.464,120.38,0.3226,80.316,49.837,2610.4,25.18,50.119,3082.1,22.284,66.98,246.32,338.13,94.857,77.401,32.097,8.8984,25.807,6.6554,19.178,1.6941,32.516,13.885,23.266,1.3306,19.105,2.3767,4.9792,2.245,0.0099055,0.88366,0.12967,53.588,43.461,63.105,53.079,71.905,57.488,21.209,38.535,37.619,46.81,52.388,40.021,19.686
503,0.78193,3714.4,4445.2,8.7992,26.602,42.144,2685.3,75.124,120.44,0.32346,80.495,50.507,2612.8,25.915,49.73,3085.3,23.405,67.027,244.01,337.73,94.76,77.224,32.323,8.9435,25.637,6.9495,19.165,1.6983,33.103,13.858,23.01,1.3568,19.11,2.3748,4.9251,2.3533,0.0099055,0.88366,0.12967,53.588,43.461,64.304,53.183,77.37,56.975,20.919,38.751,39.591,45.909,53.133,42.11,17.045
504,0.78377,3755.1,4441.7,8.6704,26.737,42.492,2685.6,74.542,120.4,0.32417,80.657,50.327,2613.7,26.149,48.802,3086.6,22.906,67.092,247.98,337.18,94.432,77.545,32.323,8.9435,25.637,6.9495,19.165,1.6983,33.103,13.858,23.01,1.3568,19.11,2.3748,4.9251,2.3533,0.0099055,0.88366,0.12967,53.588,43.461,63.604,53.225,77.188,60.375,20.801,38.664,39.062,43.761,53.317,40.721,18.191
505,0.76259,3654.4,4435.2,8.7698,26.861,42.303,2686.6,73.959,120.43,0.31744,80.846,49.254,2615.1,23.341,50.424,3085.2,23.336,67.222,249.42,338.17,94.681,77.696,31.774,8.9114,26.01,6.9012,19.458,1.7251,32.583,13.88,23.547,1.2426,19.497,2.319,4.9629,2.1918,0.0099055,0.88366,0.12967,53.588,43.461,62.831,53.268,74.943,58.175,21.218,38.837,35.906,47.516,53.718,42.058,17.141
506,0.76288,3647.5,4455.2,8.757,26.794,42.379,2685.1,74.852,120.41,0.32328,80.874,51.847,2614.0,28.142,48.284,3087.8,23.745,67.347,249.21,337.44,94.612,77.646,31.774,8.9114,26.01,6.9012,19.458,1.7251,32.583,13.88,23.547,1.2426,19.497,2.319,4.9629,2.1918,0.023577,0.88041,0.096327,54.337,44.13,62.951,53.029,74.915,58.966,20.999,38.124,43.536,42.563,54.176,40.347,16.155
507,0.81609,3652.0,4409.6,8.8746,26.916,42.264,2687.6,74.062,120.42,0.32346,80.929,50.314,2616.0,25.204,51.001,3088.3,23.16,67.444,251.44,337.86,94.593,77.764,31.948,8.8249,25.699,7.024,19.329,1.731,32.911,13.845,23.461,1.2343,19.252,2.3516,4.965,2.3433,0.023577,0.88041,0.096327,54.337,44.13,63.256,52.765,80.404,58.149,21.052,38.755,39.023,48.85,54.462,41.451,17.518
508,0.81534,3680.8,4409.3,8.8001,26.609,41.96,2689.0,74.145,120.41,0.32424,80.899,49.548,2617.0,24.187,48.872,3089.0,23.357,67.521,251.84,338.24,94.593,77.693,31.948,8.8249,25.699,7.024,19.329,1.731,32.911,13.845,23.461,1.2343,19.252,2.3516,4.965,2.3433,0.023577,0.88041,0.096327,54.337,44.13,62.761,52.769,80.478,58.291,21.172,38.66,36.769,43.924,54.908,41.251,17.037
509,0.80366,3587.1,4399.1,8.7886,27.069,42.495,2687.5,74.551,120.39,0.31996,80.748,51.267,2615.7,25.364,50.168,3087.9,23.267,67.58,253.17,338.42,94.652,77.558,31.989,8.9533,25.923,6.8873,18.718,1.6922,32.745,13.709,23.684,1.1955,19.203,2.3429,4.9875,2.2622,0.023577,0.88041,0.096327,54.337,44.13,63.218,53.103,78.992,57.37,21.21,38.304,41.829,46.923,55.268,40.792,17.261
510,0.80387,3595.5,4453.1,8.8764,27.305,42.149,2690.2,74.933,120.39,0.31901,80.826,49.347,2617.2,24.688,49.858,3090.4,23.449,67.608,255.97,339.16,94.765,77.659,31.989,8.9533,25.923,6.8873,18.718,1.6922,32.745,13.709,23.684,1.1955,19.203,2.3429,4.9875,2.2622,0.023577,0.88041,0.096327,54.337,44.13,63.075,52.457,78.972,57.264,21.511,38.42,36.178,46.206,55.499,40.48,16.803
511,0.80319,3669.4,4445.1,8.7665,27.029,42.244,2692.0,74.485,120.43,0.30562,80.68,51.786,2620.6,23.993,48.661,3090.7,23.001,67.65,254.52,339.48,94.655,77.469,31.718,9.0246,26.14,7.0428,19.047,1.7358,32.551,14.053,23.271,1.2003,19.423,2.3691,5.006,2.3792,0.0095302,0.86502,0.095718,53.856,43.877,62.932,54.01,78.703,59.599,21.493,36.35,43.357,43.436,56.105,41.656,17.881
512,0.80338,3681.2,4450.2,8.7629,26.991,42.484,2692.0,73.677,120.38,0.30308,80.503,50.58,2620.4,24.672,50.493,3091.1,22.929,67.632,257.41,340.46,94.584,77.069,31.718,9.0246,26.14,7.0428,19.047,1.7358,32.551,14.053,23.271,1.2003,19.423,2.3691,5.006,2.3792,0.0095302,0.86502,0.095718,53.856,43.877,62.729,53.949,78.684,58.968,21.644,36.661,39.807,47.674,56.328,40.98,18.091
513,0.83187,3643.0,4475.1,8.8818,27.038,42.36,2691.8,73.937,120.42,0.34346,80.369,50.392,2619.7,25.883,49.793,3091.6,23.316,67.591,260.3,340.17,94.727,77.278,32.349,8.9755,25.804,6.8155,19.573,1.7008,32.925,13.914,23.221,1.0907,18.837,2.3634,4.9885,2.4426,0.0095302,0.86502,0.095718,53.856,43.877,61.944,52.826,81.72,57.565,21.745,41.014,39.253,46.054,56.554,41.226,17.172
514,0.83283,3621.0,4484.8,8.9616,26.738,42.017,2693.6,74.973,120.38,0.34374,80.272,49.174,2622.0,26.929,49.724,3092.0,23.586,67.56,260.97,340.64,94.78,77.288,32.349,8.9755,25.804,6.8155,19.573,1.7008,32.925,13.914,23.221,1.0907,18.837,2.3634,4.9885,2.4426,0.0095302,0.86502,0.095718,53.856,43.877,62.324,52.709,81.626,57.826,21.784,40.979,35.669,45.894,56.977,39.954,16.544
515,0.77266,3685.2,4422.7,8.8111,26.957,42.165,2695.9,73.65,120.42,0.33168,80.412,49.522,2624.8,25.482,50.004,3093.1,23.13,67.591,263.41,341.18,94.532,77.62,32.298,8.9667,25.862,6.9746,18.972,1.7279,32.967,13.886,23.473,1.3336,18.911,2.3503,4.9946,2.2694,0.0095302,0.86502,0.095718,53.856,43.877,63.167,52.074,75.851,58.487,22.177,38.985,36.694,46.544,57.24,41.209,17.6
516,0.77149,3663.8,4364.7,8.8713,26.751,42.295,2698.2,74.589,120.41,0.33271,80.494,48.157,2626.5,26.461,49.348,3093.4,23.428,67.635,262.0,342.01,94.549,77.467,32.298,8.9667,25.862,6.9746,18.972,1.7279,32.967,13.886,23.473,1.3336,18.911,2.3503,4.9946,2.2694,0.022702,0.85007,0.099211,53.439,43.952,63.535,52.767,75.966,58.103,22.168,38.86,32.677,45.025,57.518,40.958,16.888
517,0.77647,3653.1,4445.1,8.8728,27.139,42.456,2698.0,75.331,120.42,0.32827,80.451,48.167,2626.1,25.477,50.066,3095.8,23.193,67.676,263.27,341.8,94.589,77.733,32.13,8.8602,25.598,6.6008,18.505,1.7219,33.352,14.021,23.246,1.1551,18.239,2.3589,4.9352,2.2295,0.022702,0.85007,0.099211,53.439,43.952,62.312,53.196,76.179,59.744,22.071,38.766,32.705,46.688,57.736,41.545,17.417
518,0.77473,3606.1,4440.1,8.8213,26.917,42.536,2699.7,74.55,120.4,0.3276,80.494,48.465,2629.0,24.461,49.043,3096.6,23.762,67.732,264.47,342.43,94.583,77.553,32.13,8.8602,25.598,6.6008,18.505,1.7219,33.352,14.021,23.246,1.1551,18.239,2.3589,4.9352,2.2295,0.022702,0.85007,0.099211,53.439,43.952,63.121,53.255,76.35,59.889,22.464,38.847,33.584,44.32,57.961,41.244,16.066
519,0.79258,3739.9,4498.1,8.9536,27.048,42.865,2701.4,74.947,120.43,0.34369,80.479,52.136,2630.7,24.808,50.17,3098.9,23.063,67.773,263.76,342.51,94.363,77.591,32.36,8.8508,26.221,6.9347,19.06,1.7282,33.138,13.72,23.18,1.3755,18.589,2.3486,4.9243,2.3272,0.022702,0.85007,0.099211,53.439,43.952,64.186,53.714,77.742,58.138,22.288,40.68,44.386,46.928,58.355,42.172,17.719
520,0.79035,3728.5,4477.1,8.802,26.966,42.446,2702.7,74.24,120.43,0.34455,80.497,48.761,2631.0,26.193,48.552,3099.5,22.75,67.842,268.03,342.99,94.304,77.761,32.36,8.8508,26.221,6.9347,19.06,1.7282,33.138,13.72,23.18,1.3755,18.589,2.3486,4.9243,2.3272,0.022702,0.85007,0.099211,53.439,43.952,64.383,53.965,77.961,60.602,22.301,40.575,34.453,43.182,58.302,41.608,18.435
521,0.7671,3643.3,4471.5,8.9653,26.758,42.168,2702.5,75.344,120.4,0.31256,80.508,51.526,2632.6,23.055,48.182,3098.7,23.459,67.838,267.71,342.9,94.31,77.868,32.327,8.9453,26.672,6.7034,18.854,1.7326,33.261,13.876,23.667,1.3038,18.398,2.3817,4.9516,2.3386,0.020551,0.84271,0.097484,53.534,43.332,63.028,52.671,75.738,58.855,22.411,36.501,42.59,42.326,58.313,41.828,16.73
522,0.76829,3636.8,4444.4,8.9619,26.725,42.449,2702.8,73.911,120.36,0.30975,80.422,49.169,2631.6,26.135,51.142,3098.7,22.876,67.869,267.01,343.23,94.445,77.395,32.327,8.9453,26.672,6.7034,18.854,1.7326,33.261,13.876,23.667,1.3038,18.398,2.3817,4.9516,2.3386,0.020551,0.84271,0.097484,53.534,43.332,63.138,52.995,75.621,58.216,22.346,36.844,35.655,49.176,58.549,40.999,18.139
523,0.77174,3689.2,4461.4,8.9202,26.992,42.428,2702.3,73.844,120.42,0.32582,80.226,50.181,2631.5,25.582,52.893,3098.4,22.71,67.877,267.33,343.5,94.367,77.365,32.699,8.9336,25.875,7.0389,18.47,1.7083,33.458,13.623,23.704,1.3616,18.513,2.3651,4.8303,2.3239,0.020551,0.84271,0.097484,53.534,43.332,64.326,53.267,75.603,60.153,22.583,39.003,38.633,53.23,58.7,42.101,18.542
524,0.77173,3718.8,4468.5,8.9074,26.92,42.503,2704.2,74.229,120.38,0.32571,80.312,50.658,2633.1,25.345,49.238,3099.1,22.611,67.859,268.15,343.78,94.386,77.438,32.699,8.9336,25.875,7.0389,18.47,1.7083,33.458,13.623,23.704,1.3616,18.513,2.3651,4.8303,2.3239,0.020551,0.84271,0.097484,53.534,43.332,63.817,53.182,75.604,60.28,22.543,39.017,40.037,44.772,58.805,41.604,18.767
525,0.73066,3625.5,4463.1,8.8724,27.104,42.049,2705.3,73.925,120.41,0.30104,80.289,48.408,2634.5,24.654,50.366,3099.2,22.864,67.87,271.28,344.56,94.423,77.656,32.058,8.8781,25.996,6.7683,18.949,1.7181,33.458,13.824,23.489,1.2924,18.563,2.3044,4.9362,2.3314,0.020551,0.84271,0.097484,53.534,43.332,62.489,54.208,71.9,59.155,22.856,35.154,33.415,47.381,58.705,41.081,18.141
526,0.7284,3639.9,4447.3,9.0725,26.527,42.453,2707.7,75.389,120.36,0.29737,80.306,51.668,2636.7,25.523,49.376,3101.3,22.895,67.883,267.03,344.25,94.569,77.511,32.058,8.8781,25.996,6.7683,18.949,1.7181,33.458,13.824,23.489,1.2924,18.563,2.3044,4.9362,2.3314,0.017642,0.8222,0.095806,53.199,44.061,62.242,54.397,72.123,56.712,22.694,35.601,43.008,45.089,59.091,40.615,18.075
527,0.78945,3706.9,4419.2,8.8241,27.026,42.176,2709.8,74.161,120.43,0.32296,80.319,50.879,2639.0,24.647,49.808,3103.6,23.29,67.921,268.99,344.46,94.436,77.688,32.481,8.8997,25.897,6.8695,18.567,1.6964,33.7,13.71,23.642,1.3504,18.412,2.3387,4.8816,2.3389,0.017642,0.8222,0.095806,53.199,44.061,63.441,53.569,77.92,58.943,22.901,37.711,40.688,46.09,59.018,41.884,17.114
528,0.78995,3732.4,4410.8,9.0067,26.9,42.261,2710.9,75.362,120.41,0.32094,80.323,49.917,2641.0,24.292,51.099,3104.5,22.468,67.924,270.42,345.14,94.334,77.555,32.481,8.8997,25.897,6.8695,18.567,1.6964,33.7,13.71,23.642,1.3504,18.412,2.3387,4.8816,2.3389,0.017642,0.8222,0.095806,53.199,44.061,63.003,53.669,77.871,59.267,23.108,37.958,37.856,49.076,58.991,41.165,19.068
529,0.74981,3655.5,4463.2,8.831,26.412,42.228,2710.3,74.715,120.4,0.30829,80.2,49.655,2640.3,24.155,50.54,3102.2,22.158,67.92,271.27,345.13,94.337,77.324,32.648,8.748,26.524,6.7341,18.666,1.7076,33.68,13.629,23.977,1.1012,18.264,2.3247,4.82,2.3041,0.017642,0.8222,0.095806,53.199,44.061,63.498,53.982,73.613,58.125,23.163,36.364,37.084,47.784,59.017,41.428,19.82
530,0.74903,3659.2,4472.7,8.9636,26.954,42.214,2709.4,75.475,120.38,0.31032,79.963,49.305,2638.8,24.441,49.954,3102.0,23.005,67.862,269.61,345.24,94.49,77.373,32.648,8.748,26.524,6.7341,18.666,1.7076,33.68,13.629,23.977,1.1012,18.264,2.3247,4.82,2.3041,0.017642,0.8222,0.095806,53.199,44.061,63.434,53.868,73.69,59.477,23.201,36.117,36.054,46.429,59.27,41.294,17.826
531,0.72939,3733.3,4485.1,8.895,27.1,42.367,2711.5,75.153,120.41,0.29852,80.134,51.069,2641.3,23.175,49.532,3104.1,23.301,67.861,269.18,345.48,94.374,77.642,32.971,8.8971,26.076,6.953,18.578,1.6849,33.822,13.868,23.89,1.3103,18.196,2.3668,4.8917,2.3111,0.015154,0.83345,0.099493,52.797,43.524,63.422,53.503,71.666,60.263,23.328,35.167,41.246,45.45,58.884,41.391,17.093
532,0.73065,3712.4,4466.8,8.8445,26.834,42.219,2712.1,75.012,120.41,0.29762,80.22,49.369,2642.7,22.589,50.723,3104.4,22.091,67.856,269.66,345.22,94.273,77.42,32.971,8.8971,26.076,6.953,18.578,1.6849,33.822,13.868,23.89,1.3103,18.196,2.3668,4.8917,2.3111,0.015154,0.83345,0.099493,52.797,43.524,63.782,53.722,71.542,58.699,23.683,35.277,36.243,48.207,58.711,42.099,19.968
533,0.6917,3610.4,4482.8,8.8691,26.734,42.61,2706.8,75.482,120.35,0.32563,79.915,49.661,2636.3,25.29,49.209,3100.5,23.825,67.854,268.58,345.08,94.558,77.07,32.473,8.7912,26.651,6.8644,18.84,1.7416,33.491,13.777,23.897,1.024,18.185,2.3607,4.8215,2.2526,0.015154,0.83345,0.099493,52.797,43.524,63.653,53.773,67.96,58.003,22.968,38.159,37.101,44.703,58.681,41.016,15.888
534,0.69166,3633.2,4484.7,8.7005,27.303,42.281,2707.6,74.84,120.39,0.3224,79.873,50.222,2636.5,26.445,49.475,3098.8,22.624,67.78,268.21,345.67,94.626,77.379,32.473,8.7912,26.651,6.8644,18.84,1.7416,33.491,13.777,23.897,1.024,18.185,2.3607,4.8215,2.2526,0.015154,0.83345,0.099493,52.797,43.524,63.261,53.751,67.964,59.396,23.714,38.553,38.754,45.32,58.592,40.95,18.735
535,0.73379,3654.7,4485.5,9.0246,26.869,42.18,2709.6,74.483,120.38,0.31558,80.059,50.96,2639.1,23.059,52.23,3102.3,23.052,67.74,267.0,344.44,94.57,77.646,32.315,8.7586,26.274,6.906,18.77,1.7229,33.096,13.72,23.946,1.1401,18.432,2.3217,4.8331,2.2937,0.015154,0.83345,0.099493,52.797,43.524,63.642,53.108,72.206,57.161,23.136,36.944,40.924,51.695,58.578,41.118,17.694
536,0.7341,3685.8,4470.7,8.7795,26.775,41.761,2712.3,74.442,120.4,0.31461,80.188,49.415,2642.3,24.18,46.806,3104.3,23.466,67.759,270.05,344.61,94.37,77.251,32.315,8.7586,26.274,6.906,18.77,1.7229,33.096,13.72,23.946,1.1401,18.432,2.3217,4.8331,2.2937,0.032783,0.80982,0.10275,54.347,43.478,63.109,53.285,72.176,59.724,23.227,37.063,36.378,39.141,58.455,41.426,16.731
537,0.74607,3675.2,4461.3,8.8945,27.268,42.428,2712.1,74.795,120.4,0.30603,80.048,49.936,2642.4,24.124,52.579,3104.3,22.879,67.782,267.64,345.39,94.706,77.34,32.778,8.8598,26.069,6.978,18.346,1.6578,33.569,13.665,23.594,1.1406,18.467,2.349,4.8934,2.3296,0.032783,0.80982,0.10275,54.347,43.478,62.923,53.566,73.578,57.615,23.601,36.46,37.911,52.502,58.665,41.767,18.125
538,0.74616,3680.2,4459.0,8.9057,26.607,42.592,2713.2,75.505,120.43,0.30819,80.175,51.014,2643.7,26.283,49.363,3106.1,22.662,67.793,267.39,345.07,94.414,77.62,32.778,8.8598,26.069,6.978,18.346,1.6578,33.569,13.665,23.594,1.1406,18.467,2.349,4.8934,2.3296,0.032783,0.80982,0.10275,54.347,43.478,62.837,53.593,73.569,58.908,23.309,36.197,41.083,45.061,58.681,41.857,18.607
539,0.69485,3616.7,4498.2,8.8366,26.986,41.965,2712.7,75.241,120.38,0.29898,79.968,48.175,2642.0,24.496,51.86,3106.0,23.636,67.804,267.76,345.03,94.7,77.411,32.333,9.0283,26.594,6.7225,18.061,1.6987,33.363,13.904,23.876,1.3416,18.057,2.3327,4.8958,2.3154,0.032783,0.80982,0.10275,54.347,43.478,63.241,54.202,69.08,57.816,23.205,35.655,32.729,50.839,58.643,40.323,16.322
540,0.69771,3651.0,4540.2,8.9051,26.745,42.635,2712.0,74.263,120.39,0.30205,79.868,47.901,2642.2,25.785,50.478,3104.1,23.033,67.763,266.69,345.32,94.526,76.851,32.333,9.0283,26.594,6.7225,18.061,1.6987,33.363,13.904,23.876,1.3416,18.057,2.3327,4.8958,2.3154,0.032783,0.80982,0.10275,54.347,43.478,62.65,53.699,68.799,58.938,23.4,35.28,31.922,47.64,58.735,40.692,17.796
541,0.73802,3706.5,4551.1,8.8297,26.543,42.484,2712.8,75.315,120.41,0.32377,79.75,50.289,2642.5,25.227,48.867,3105.7,21.94,67.689,267.25,344.96,94.635,77.106,32.505,8.8503,26.374,6.9306,18.647,1.7078,33.39,13.939,23.925,1.3471,18.498,2.2996,4.8633,2.2587,0.0099393,0.81288,0.10224,54.348,43.578,63.968,54.364,72.537,59.77,23.025,38.989,38.951,43.913,58.057,41.528,20.403
542,0.73963,3743.4,4537.6,8.9619,26.777,42.309,2715.2,74.593,120.41,0.32533,79.915,50.192,2645.4,24.804,49.826,3107.7,24.084,67.628,264.89,344.56,94.392,77.78,32.505,8.8503,26.374,6.9306,18.647,1.7078,33.39,13.939,23.925,1.3471,18.498,2.2996,4.8633,2.2587,0.0099393,0.81288,0.10224,54.348,43.578,63.333,54.526,72.379,57.891,23.246,38.799,38.665,46.131,57.996,41.153,15.27
543,0.71708,3665.4,4506.1,8.9205,26.962,42.134,2715.0,74.78,120.4,0.33116,80.116,49.57,2644.3,24.268,49.676,3108.9,22.825,67.635,266.2,344.02,94.417,77.594,32.066,8.8998,26.422,6.8028,18.516,1.7171,33.235,13.753,24.28,1.1842,17.996,2.3596,4.7935,2.3463,0.0099393,0.81288,0.10224,54.348,43.578,62.902,53.535,70.862,59.035,23.195,39.166,36.834,45.784,57.605,41.046,18.251
544,0.71903,3653.3,4490.7,8.9786,27.063,42.32,2715.2,75.497,120.4,0.33311,80.203,50.179,2644.5,24.109,50.495,3109.2,22.041,67.67,263.23,344.16,94.61,77.783,32.066,8.8998,26.422,6.8028,18.516,1.7171,33.235,13.753,24.28,1.1842,17.996,2.3596,4.7935,2.3463,0.0099393,0.81288,0.10224,54.348,43.578,63.111,53.719,70.671,57.398,23.203,38.928,38.628,47.68,57.594,41.331,20.09
545,0.75823,3695.4,4509.3,8.8223,26.997,42.343,2716.2,75.513,120.4,0.31128,80.153,50.139,2644.8,23.936,50.703,3110.8,24.15,67.705,262.03,344.01,94.475,77.447,31.956,8.8868,26.043,6.9391,18.268,1.7136,33.259,13.752,24.436,1.2677,18.006,2.2995,4.8937,2.3131,0.0099393,0.81288,0.10224,54.348,43.578,63.52,53.852,74.967,59.496,22.8,36.635,38.51,48.16,57.423,40.98,15.096
546,0.75986,3699.2,4489.5,8.8179,27.122,42.508,2716.1,74.971,120.41,0.3158,80.132,50.537,2645.7,25.339,49.626,3110.0,23.343,67.685,262.95,343.84,94.455,77.566,31.956,8.8868,26.043,6.9391,18.268,1.7136,33.259,13.752,24.436,1.2677,18.006,2.2995,4.8937,2.3131,0.030983,0.80051,0.11359,53.498,43.905,63.454,54.089,74.807,58.235,23.22,36.083,39.681,45.669,57.101,41.748,16.997
547,0.77274,3655.9,4557.9,8.7991,27.009,42.364,2717.2,75.352,120.37,0.30937,80.161,50.387,2646.9,25.949,50.145,3110.6,22.372,67.679,260.63,344.0,94.451,77.384,31.789,8.9715,26.277,7.0019,18.736,1.6986,32.978,13.794,23.909,1.2339,18.032,2.2848,4.8617,2.2605,0.030983,0.80051,0.11359,53.498,43.905,63.014,53.943,75.992,57.448,23.232,36.756,39.238,46.869,57.048,40.856,19.313
548,0.77546,3647.3,4510.7,8.7852,26.909,42.557,2716.1,74.866,120.41,0.31423,79.934,48.665,2645.5,25.535,50.282,3109.5,22.814,67.644,259.86,344.37,94.498,77.292,31.789,8.9715,26.277,7.0019,18.736,1.6986,32.978,13.794,23.909,1.2339,18.032,2.2848,4.8617,2.2605,0.030983,0.80051,0.11359,53.498,43.905,63.163,54.508,75.725,57.822,23.56,36.164,34.172,47.187,56.861,41.404,18.28
549,0.79156,3631.6,4470.3,8.8831,27.147,42.1,2715.3,75.388,120.37,0.31675,79.805,50.22,2644.0,23.168,49.211,3108.4,22.422,67.532,262.71,344.3,94.637,77.271,32.417,8.9011,26.426,6.8078,17.947,1.7169,33.828,13.667,24.444,1.139,18.013,2.3354,4.7787,2.4256,0.030983,0.80051,0.11359,53.498,43.905,62.799,53.888,77.959,57.107,23.312,36.897,38.748,44.708,56.354,40.519,19.234
550,0.79219,3628.7,4512.3,9.0606,26.82,42.501,2717.5,75.367,120.39,0.31466,79.866,50.012,2647.1,24.053,49.166,3108.7,23.05,67.459,261.13,344.38,94.642,77.498,32.417,8.9011,26.426,6.8078,17.947,1.7169,33.828,13.667,24.444,1.139,18.013,2.3354,4.7787,2.4256,0.030983,0.80051,0.11359,53.498,43.905,62.848,53.385,77.898,55.862,23.472,37.153,38.136,44.604,56.246,41.356,17.731
551,0.73269,3695.3,4579.5,8.8725,27.324,42.35,2719.2,75.294,120.37,0.29971,80.051,49.754,2649.1,24.648,49.284,3112.4,23.426,67.464,257.42,344.79,94.459,77.421,32.461,8.876,26.171,6.7415,18.485,1.704,33.416,13.791,24.1,1.3287,18.801,2.298,4.8168,2.3151,0.0021801,0.82176,0.096023,53.721,44.589,63.385,54.59,71.987,56.721,23.448,35.436,37.377,44.877,55.957,41.117,16.83
552,0.7335,3678.2,4581.6,8.7352,26.782,42.455,2718.0,75.333,120.42,0.29922,80.047,48.855,2648.4,24.776,49.85,3112.9,23.577,67.459,258.29,344.39,94.473,77.353,32.461,8.876,26.171,6.7415,18.485,1.704,33.416,13.791,24.1,1.3287,18.801,2.298,4.8168,2.3151,0.0021801,0.82176,0.096023,53.721,44.589,63.678,54.565,71.907,58.334,23.148,35.496,34.731,46.187,55.468,41.813,16.473
553,0.72661,3680.7,4501.2,8.868,26.81,42.529,2717.3,75.789,120.39,0.31117,80.159,51.921,2647.8,25.926,50.245,3112.0,22.566,67.441,257.47,343.79,94.345,77.459,32.43,8.8803,26.745,6.9429,19.001,1.7056,33.325,13.928,24.309,1.328,18.691,2.3015,4.7991,2.2169,0.0021801,0.82176,0.096023,53.721,44.589,64.317,54.304,71.229,56.907,22.933,37.212,43.753,47.1,55.13,40.557,18.849
554,0.72542,3716.4,4488.0,8.8144,26.563,42.045,2715.6,75.834,120.41,0.31075,80.101,49.431,2644.5,23.52,48.549,3109.4,23.576,67.421,254.1,344.13,94.452,77.415,32.43,8.8803,26.745,6.9429,19.001,1.7056,33.325,13.928,24.309,1.328,18.691,2.3015,4.7991,2.2169,0.0021801,0.82176,0.096023,53.721,44.589,63.704,54.462,71.347,57.062,23.03,37.263,36.426,43.177,55.021,41.981,16.451
555,0.72352,3698.1,4451.4,8.865,27.037,42.11,2711.7,75.085,120.38,0.32996,80.009,48.216,2641.3,24.48,49.935,3104.7,22.331,67.41,253.17,343.53,94.487,77.078,32.684,8.7952,26.277,6.7903,18.62,1.6601,33.358,13.757,24.207,1.3635,18.507,2.3657,4.8616,2.3721,0.0021801,0.82176,0.096023,53.721,44.589,62.29,53.638,71.594,56.457,23.149,38.634,32.849,46.383,54.693,40.753,19.437
556,0.72571,3672.2,4481.6,8.7994,26.822,42.469,2706.8,75.729,120.39,0.32731,79.79,49.72,2636.1,24.292,50.773,3101.0,21.79,67.327,255.66,343.0,94.804,76.963,32.684,8.7952,26.277,6.7903,18.62,1.6601,33.358,13.757,24.207,1.3635,18.507,2.3657,4.8616,2.3721,0.028123,0.82625,0.096405,54.318,43.919,62.734,53.276,71.378,56.41,22.813,38.958,37.277,48.323,54.568,41.861,20.754
557,0.69936,3708.9,4494.2,8.7171,26.609,42.109,2703.4,75.298,120.37,0.30777,79.679,49.568,2632.9,25.395,49.257,3097.9,22.573,67.249,252.61,342.72,94.689,76.878,32.111,8.6119,26.552,6.9283,18.693,1.7278,33.357,13.697,24.43,1.3343,18.013,2.2876,4.8255,2.3289,0.028123,0.82625,0.096405,54.318,43.919,63.457,54.054,68.386,57.942,22.55,36.8,36.83,44.814,54.657,40.427,18.933
558,0.69821,3678.4,4517.3,8.7074,26.761,42.177,2703.2,76.088,120.39,0.30896,79.78,50.152,2632.7,23.7,50.759,3098.4,23.984,67.163,253.04,342.51,94.666,77.246,32.111,8.6119,26.552,6.9283,18.693,1.7278,33.357,13.697,24.43,1.3343,18.013,2.2876,4.8255,2.3289,0.028123,0.82625,0.096405,54.318,43.919,63.981,53.777,68.499,59.171,22.579,36.654,38.548,48.29,54.441,40.31,15.579
559,0.7485,3672.6,4485.0,8.717,26.594,42.196,2707.3,75.588,120.41,0.30191,80.166,49.812,2636.3,25.513,51.57,3100.8,24.351,67.181,251.95,341.56,94.598,77.381,31.842,8.8927,26.18,6.9994,18.606,1.6979,33.33,13.809,24.581,1.3091,18.703,2.3333,4.8296,2.2889,0.028123,0.82625,0.096405,54.318,43.919,62.892,54.006,74.027,58.064,22.554,35.776,37.546,50.168,54.355,40.807,14.69
560,0.74802,3698.2,4531.3,8.7181,26.488,41.926,2707.4,75.155,120.41,0.30314,80.3,51.336,2637.1,25.278,50.169,3102.7,21.378,67.245,252.76,341.79,94.759,77.487,31.842,8.8927,26.18,6.9994,18.606,1.6979,33.33,13.809,24.581,1.3091,18.703,2.3333,4.8296,2.2889,0.028123,0.82625,0.096405,54.318,43.919,62.452,53.451,74.074,58.117,22.464,35.627,42.03,46.926,54.094,40.871,21.721
561,0.77793,3653.0,4521.5,8.7366,26.848,42.118,2705.6,75.511,120.4,0.3111,80.16,50.722,2634.9,25.158,52.333,3101.8,22.459,67.301,250.79,341.74,94.613,77.154,32.093,8.9172,26.662,6.9729,18.815,1.72,33.07,13.699,24.296,1.4099,18.445,2.3483,4.8859,2.3091,0.0038195,0.81583,0.10489,54.181,44.071,62.528,53.805,76.675,56.728,22.425,37.535,40.223,51.934,54.174,40.591,19.184
562,0.77984,3650.0,4505.2,8.7944,26.854,41.962,2706.6,75.229,120.39,0.31039,80.21,48.577,2635.5,24.827,49.829,3101.9,22.644,67.265,251.27,341.48,94.801,77.588,32.093,8.9172,26.662,6.9729,18.815,1.72,33.07,13.699,24.296,1.4099,18.445,2.3483,4.8859,2.3091,0.0038195,0.81583,0.10489,54.181,44.071,62.579,54.0,76.487,58.874,22.551,37.623,33.913,46.138,53.987,41.286,18.722
563,0.75828,3643.4,4446.3,8.7335,26.641,42.372,2707.5,74.928,120.39,0.29786,80.296,50.709,2636.7,24.281,49.426,3103.0,22.777,67.295,250.6,341.62,94.6,77.547,31.881,9.0652,26.353,6.9417,19.014,1.7057,32.786,13.909,23.906,1.1829,18.422,2.3233,4.9312,2.2819,0.0038195,0.81583,0.10489,54.181,44.071,62.828,54.202,74.283,56.652,22.2,36.104,40.185,45.206,53.901,40.386,18.397
564,0.75651,3642.1,4508.9,8.6232,27.354,41.869,2705.0,75.544,120.39,0.2995,80.044,48.358,2633.6,25.111,51.661,3100.9,24.075,67.281,251.94,341.55,94.827,76.803,31.881,9.0652,26.353,6.9417,19.014,1.7057,32.786,13.909,23.906,1.1829,18.422,2.3233,4.9312,2.2819,0.0038195,0.81583,0.10489,54.181,44.071,62.851,53.452,74.457,58.063,22.632,35.903,33.269,50.377,53.635,40.608,15.38
565,0.7799,3662.4,4476.4,8.7525,27.051,41.697,2702.1,75.103,120.4,0.32277,79.939,51.121,2630.8,23.705,48.856,3097.7,22.678,67.212,248.34,341.48,94.844,76.942,32.344,8.9232,26.435,6.9605,18.53,1.6852,33.07,13.638,24.124,1.114,18.857,2.3307,4.8908,2.251,0.0038195,0.81583,0.10489,54.181,44.071,62.704,53.33,76.601,56.135,22.516,38.665,41.399,43.887,53.816,40.779,18.714
566,0.77842,3666.5,4478.8,8.7616,26.965,42.036,2703.1,75.6,120.41,0.32572,79.966,49.319,2632.5,26.039,50.36,3097.4,22.8,67.124,248.64,341.77,94.841,77.433,32.344,8.9232,26.435,6.9605,18.53,1.6852,33.07,13.638,24.124,1.114,18.857,2.3307,4.8908,2.251,0.010442,0.83613,0.10447,54.082,43.877,62.633,53.301,76.747,56.743,22.727,38.304,36.094,47.367,53.359,40.611,18.405
567,0.73557,3679.9,4524.9,8.8219,26.579,41.981,2706.2,75.747,120.41,0.29207,80.382,50.767,2635.5,26.375,50.541,3100.3,23.053,67.143,248.62,341.21,94.673,77.565,32.235,8.7441,26.311,7.0203,18.977,1.7283,32.864,13.945,23.798,1.2919,18.282,2.3739,4.9218,2.3223,0.010442,0.83613,0.10447,54.082,43.877,62.172,53.939,72.308,57.054,22.758,35.096,40.358,47.786,53.093,40.428,17.773
568,0.73523,3647.2,4492.1,8.6328,26.462,42.051,2705.7,74.557,120.4,0.29352,80.406,50.703,2635.7,26.273,50.79,3101.7,22.431,67.207,246.57,340.6,94.751,77.211,32.235,8.7441,26.311,7.0203,18.977,1.7283,32.864,13.945,23.798,1.2919,18.282,2.3739,4.9218,2.3223,0.010442,0.83613,0.10447,54.082,43.877,62.734,54.332,72.342,60.307,22.176,34.92,40.169,48.361,53.003,40.913,19.259
569,0.74381,3623.3,4465.3,8.7306,26.526,42.095,2702.2,75.181,120.4,0.32626,80.131,50.086,2629.8,27.255,50.079,3099.7,22.783,67.157,246.44,340.66,94.821,77.227,32.2,9.0158,26.042,7.1225,19.012,1.6995,33.065,13.714,23.62,1.1705,18.781,2.3383,4.8698,2.3132,0.010442,0.83613,0.10447,54.082,43.877,62.52,53.557,73.366,55.352,21.728,39.081,38.354,46.717,52.746,40.697,18.438
570,0.7458,3647.6,4513.3,8.9204,26.603,42.044,2703.4,74.944,120.38,0.32726,80.349,50.476,2631.6,25.233,50.579,3098.5,22.96,67.155,245.52,341.0,94.863,77.6,32.2,9.0158,26.042,7.1225,19.012,1.6995,33.065,13.714,23.62,1.1705,18.781,2.3383,4.8698,2.3132,0.010442,0.83613,0.10447,54.082,43.877,62.101,52.984,73.17,56.84,22.163,38.959,39.501,47.873,52.562,40.369,17.983
571,0.74811,3581.1,4446.9,8.7612,26.808,42.358,2703.0,74.979,120.39,0.30039,80.303,50.717,2631.7,24.683,51.656,3099.4,24.369,67.128,245.86,340.18,94.873,77.142,32.192,8.9126,26.363,6.7549,18.863,1.7109,33.227,14.012,23.851,1.4141,18.354,2.3644,4.8044,2.2241,0.025856,0.86345,0.10777,54.643,42.524,62.171,53.655,73.551,59.919,22.092,36.065,40.21,50.367,52.765,40.304,14.665
572,0.74855,3591.9,4453.9,8.7689,26.872,41.984,2703.9,76.014,120.4,0.29614,80.265,49.509,2633.1,25.948,49.836,3098.0,23.277,67.121,246.44,341.09,94.997,76.979,32.192,8.9126,26.363,6.7549,18.863,1.7109,33.227,14.012,23.851,1.4141,18.354,2.3644,4.8044,2.2241,0.025856,0.86345,0.10777,54.643,42.524,61.984,53.571,73.507,57.783,22.595,36.583,36.654,46.154,52.665,39.908,17.274
573,0.74794,3643.4,4464.4,8.7206,26.995,42.162,2701.7,75.138,120.4,0.33444,80.054,51.268,2630.7,24.759,50.03,3097.6,22.577,67.055,247.3,340.94,94.836,77.336,31.585,8.7341,26.049,6.8601,19.129,1.7067,32.576,13.96,24.066,1.2836,18.4,2.3177,4.8505,2.2418,0.025856,0.86345,0.10777,54.643,42.524,64.27,53.783,73.697,56.933,22.466,39.95,41.833,46.603,52.544,41.139,18.936
574,0.75051,3699.8,4451.7,8.7378,26.744,42.51,2702.4,75.355,120.39,0.33488,80.209,50.072,2630.6,23.139,48.311,3097.9,22.695,67.024,245.05,340.58,94.76,77.569,31.585,8.7341,26.049,6.8601,19.129,1.7067,32.576,13.96,24.066,1.2836,18.4,2.3177,4.8505,2.2418,0.025856,0.86345,0.10777,54.643,42.524,63.299,53.936,73.445,58.789,22.042,39.896,38.311,42.624,52.704,40.299,18.636
575,0.81076,3661.7,4440.5,8.837,26.539,42.167,2702.1,75.582,120.43,0.33184,80.338,51.725,2631.6,25.262,48.621,3099.4,22.922,67.058,246.35,340.57,94.599,77.261,31.702,8.8128,26.742,6.8155,18.903,1.6665,33.042,13.798,23.966,1.2538,18.935,2.3659,4.967,2.2823,0.025856,0.86345,0.10777,54.643,42.524,63.101,53.381,79.674,56.03,21.93,39.11,43.175,43.342,52.539,41.568,18.116
576,0.81025,3628.9,4466.6,8.6291,26.978,42.429,2701.0,75.404,120.41,0.33048,80.293,49.9,2629.6,25.278,46.69,3098.6,23.469,67.08,248.37,339.97,94.653,77.372,31.702,8.8128,26.742,6.8155,18.903,1.6665,33.042,13.798,23.966,1.2538,18.935,2.3659,4.967,2.2823,0.0068125,0.86357,0.10401,54.653,43.814,63.665,53.068,79.725,58.959,22.027,39.276,37.807,38.873,53.037,40.813,16.805
577,0.80379,3634.3,4501.6,8.7406,26.769,42.312,2702.3,75.633,120.44,0.31101,80.256,48.185,2631.2,25.432,50.106,3098.7,23.22,67.09,246.94,340.59,94.616,77.489,32.274,8.8601,26.693,6.9004,18.698,1.6825,33.618,13.926,23.817,1.1925,19.07,2.3763,4.8504,2.304,0.0068125,0.86357,0.10401,54.653,43.814,64.007,53.164,79.254,57.744,22.101,37.396,32.759,46.78,53.433,41.503,17.396
578,0.80606,3644.3,4496.0,8.6569,27.004,42.424,2702.5,75.427,120.38,0.31316,80.419,48.664,2631.2,25.548,49.478,3099.2,23.53,67.164,247.53,340.77,94.586,77.377,32.274,8.8601,26.693,6.9004,18.698,1.6825,33.618,13.926,23.817,1.1925,19.07,2.3763,4.8504,2.304,0.0068125,0.86357,0.10401,54.653,43.814,63.835,53.231,79.031,58.162,22.26,37.134,34.169,45.326,53.644,41.115,16.653
579,0.75033,3640.5,4514.4,8.7806,26.885,42.51,2698.6,74.799,120.4,0.32757,80.115,51.172,2627.3,25.91,50.011,3096.4,22.044,67.179,249.79,340.34,94.659,76.922,32.23,8.9143,25.953,6.8955,18.8,1.6937,33.31,13.638,23.923,1.326,18.441,2.3607,4.93,2.2949,0.0068125,0.86357,0.10401,54.653,43.814,63.179,53.51,74.043,56.43,21.897,38.86,41.548,46.559,53.707,40.688,20.23
580,0.75173,3672.1,4500.4,8.9082,27.104,42.295,2698.8,75.566,120.42,0.32724,80.154,50.961,2627.9,26.718,49.617,3096.7,23.614,67.137,248.86,340.49,94.815,77.534,32.23,8.9143,25.953,6.8955,18.8,1.6937,33.31,13.638,23.923,1.326,18.441,2.3607,4.93,2.2949,0.0068125,0.86357,0.10401,54.653,43.814,62.633,53.677,73.905,56.645,22.068,38.9,40.929,45.648,54.058,40.927,16.474
581,0.75455,3672.7,4452.5,8.8138,27.073,42.162,2703.0,74.554,120.4,0.29609,80.512,48.554,2631.7,24.984,49.522,3099.5,22.757,67.215,251.18,340.92,94.529,77.729,32.047,8.8923,26.733,6.8788,18.369,1.707,33.292,13.899,24.304,1.2463,18.615,2.3528,4.8372,2.3105,0.020859,0.85656,0.11366,53.418,43.863,62.651,54.004,74.324,57.934,22.423,34.934,33.845,45.429,54.168,41.167,18.469
582,0.75664,3659.3,4479.4,8.7827,27.005,42.034,2702.7,75.64,120.41,0.29478,80.396,49.971,2630.1,24.999,49.276,3099.2,23.042,67.284,250.13,340.35,94.733,77.088,32.047,8.8923,26.733,6.8788,18.369,1.707,33.292,13.899,24.304,1.2463,18.615,2.3528,4.8372,2.3105,0.020859,0.85656,0.11366,53.418,43.863,62.883,53.682,74.119,58.883,21.894,35.094,38.015,44.859,54.542,40.96,17.829
583,0.77317,3678.1,4495.7,8.792,26.697,42.262,2699.8,74.88,120.41,0.32651,80.133,48.88,2628.3,24.508,49.399,3097.9,23.342,67.294,252.51,340.52,94.666,76.956,32.477,9.1555,26.215,6.8398,18.491,1.7265,33.079,14.056,23.697,1.307,18.6,2.3538,4.8944,2.3661,0.020859,0.85656,0.11366,53.418,43.863,62.699,54.578,76.073,57.208,21.862,38.122,34.805,45.143,54.614,40.733,17.15
584,0.77232,3646.7,4549.4,8.7874,26.791,42.104,2698.2,75.165,120.38,0.32022,79.896,48.636,2626.9,26.231,51.476,3097.5,22.885,67.211,253.6,340.66,94.789,77.078,32.477,9.1555,26.215,6.8398,18.491,1.7265,33.079,14.056,23.697,1.307,18.6,2.3538,4.8944,2.3661,0.020859,0.85656,0.11366,53.418,43.863,63.241,53.935,76.157,58.177,21.982,38.891,34.085,49.95,54.804,40.486,18.257
585,0.73034,3645.5,4523.2,8.8844,26.661,42.334,2701.7,75.01,120.42,0.34077,80.323,49.946,2630.4,26.92,49.647,3099.2,22.782,67.225,254.9,340.48,94.562,77.638,31.743,9.0,26.326,6.7841,18.834,1.6957,32.705,13.689,23.76,1.2416,18.356,2.3486,4.9048,2.4026,0.020859,0.85656,0.11366,53.418,43.863,63.624,54.007,71.97,57.195,21.948,40.811,37.94,45.717,54.979,41.865,18.449
586,0.73023,3676.8,4549.3,8.8059,26.612,42.358,2702.3,75.005,120.4,0.34422,80.457,51.563,2630.4,24.772,50.099,3101.0,24.03,67.312,255.78,339.78,94.647,77.696,31.743,9.0,26.326,6.7841,18.834,1.6957,32.705,13.689,23.76,1.2416,18.356,2.3486,4.9048,2.4026,0.017194,0.86366,0.10648,53.726,44.439,63.085,53.694,71.981,57.819,21.619,40.39,42.699,46.763,55.043,40.446,15.461
587,0.80363,3673.8,4477.0,8.8193,27.315,42.364,2704.3,76.24,120.41,0.30048,80.638,48.774,2632.7,25.824,51.466,3104.5,23.995,67.432,255.34,339.92,94.366,77.506,32.14,8.9166,26.338,6.7217,18.957,1.7138,32.949,14.049,24.168,1.2107,18.433,2.3826,4.8086,2.345,0.017194,0.86366,0.10648,53.726,44.439,63.692,53.736,78.875,58.274,21.746,35.995,34.493,49.926,55.297,42.18,15.527
588,0.80337,3712.7,4504.2,8.6236,27.2,42.426,2704.1,74.42,120.41,0.30011,80.49,50.768,2632.9,25.751,49.18,3102.4,24.27,67.5,254.97,339.88,94.55,77.144,32.14,8.9166,26.338,6.7217,18.957,1.7138,32.949,14.049,24.168,1.2107,18.433,2.3826,4.8086,2.345,0.017194,0.86366,0.10648,53.726,44.439,63.023,53.41,78.9,59.899,21.946,36.04,40.361,44.635,55.543,41.259,14.898
589,0.76692,3729.4,4448.7,8.8713,26.801,42.208,2698.9,75.022,120.41,0.34474,80.143,49.973,2627.3,24.894,51.233,3098.5,23.062,67.467,257.45,340.22,94.466,76.928,32.128,8.7553,26.562,6.7828,18.926,1.7018,32.551,13.828,24.084,1.1417,18.476,2.315,4.8748,2.3573,0.017194,0.86366,0.10648,53.726,44.439,63.405,53.755,75.439,56.609,21.537,40.278,38.02,49.386,55.54,40.777,17.803
590,0.76646,3711.4,4474.3,8.7863,26.926,42.19,2697.9,74.903,120.41,0.33982,80.042,52.14,2626.8,23.947,50.829,3095.6,24.012,67.399,258.03,340.26,94.584,77.194,32.128,8.7553,26.562,6.7828,18.926,1.7018,32.551,13.828,24.084,1.1417,18.476,2.315,4.8748,2.3573,0.017194,0.86366,0.10648,53.726,44.439,63.714,53.448,75.484,57.924,21.857,40.878,44.399,48.453,55.712,41.483,15.551
591,0.76891,3662.1,4441.2,8.7652,26.724,42.466,2698.3,75.215,120.41,0.31711,80.248,51.613,2627.0,25.306,51.903,3095.2,22.038,67.413,258.26,340.13,94.481,77.167,31.981,8.939,25.938,6.9087,18.624,1.6981,32.859,13.808,23.522,1.3229,18.761,2.3262,4.8459,2.2557,0.028113,0.85449,0.098695,54.375,42.734,64.149,53.893,75.589,58.327,21.823,37.916,42.847,50.938,56.136,41.354,20.237
592,0.76756,3670.7,4497.0,8.803,27.289,42.233,2696.8,75.449,120.39,0.31676,80.342,49.901,2625.4,26.744,49.222,3094.6,22.728,67.462,256.97,340.07,94.558,77.651,31.981,8.939,25.938,6.9087,18.624,1.6981,32.859,13.808,23.522,1.3229,18.761,2.3262,4.8459,2.2557,0.028113,0.85449,0.098695,54.375,42.734,64.002,53.225,75.723,57.824,22.021,37.958,37.809,44.734,56.565,41.79,18.563
593,0.78573,3674.5,4519.1,8.7499,26.506,42.823,2695.3,75.152,120.37,0.31349,80.21,52.295,2623.4,25.299,51.87,3094.6,22.146,67.505,260.24,339.44,94.587,77.125,31.568,8.9347,26.46,6.9312,18.799,1.7058,32.743,13.851,23.988,1.2525,19.012,2.3397,4.8837,2.2736,0.028113,0.85449,0.098695,54.375,42.734,62.866,53.7,76.99,57.379,21.354,37.803,44.854,50.861,56.585,40.981,19.994
594,0.7846,3674.9,4496.1,8.7778,27.182,42.067,2698.7,75.551,120.39,0.3157,80.468,50.388,2627.0,25.681,49.217,3095.5,23.135,67.561,261.19,339.41,94.682,77.59,31.568,8.9347,26.46,6.9312,18.799,1.7058,32.743,13.851,23.988,1.2525,19.012,2.3397,4.8837,2.2736,0.028113,0.85449,0.098695,54.375,42.734,62.859,53.976,77.101,57.466,21.824,37.534,39.241,44.721,56.813,41.489,17.601
595,0.82796,3638.0,4502.2,8.9144,26.947,42.358,2700.0,74.788,120.39,0.31728,80.551,49.446,2627.8,26.169,51.606,3099.4,22.284,67.64,262.51,339.73,94.655,77.493,31.981,9.0291,25.922,6.9999,18.76,1.6812,32.495,13.751,23.827,1.3102,18.556,2.3396,4.936,2.3316,0.028113,0.85449,0.098695,54.375,42.734,63.26,53.485,81.557,56.172,21.552,38.526,36.47,50.25,57.0,41.049,19.614
596,0.83034,3663.2,4475.3,8.8341,26.667,42.426,2699.3,73.966,120.39,0.32062,80.359,50.582,2627.8,24.511,49.191,3098.1,22.498,67.683,260.45,340.26,94.576,77.188,31.981,9.0291,25.922,6.9999,18.76,1.6812,32.495,13.751,23.827,1.3102,18.556,2.3396,4.936,2.3316,0.020301,0.84569,0.10365,54.222,43.307,62.827,53.807,81.322,56.2,21.785,38.119,39.813,44.662,57.296,40.826,19.138
597,0.79553,3623.2,4478.5,8.8635,26.888,42.174,2700.2,74.637,120.39,0.30838,80.382,49.816,2628.3,26.697,51.638,3098.4,22.577,67.701,261.74,340.37,94.672,77.711,32.206,8.9395,26.229,6.8799,18.846,1.7069,32.813,13.961,23.869,1.3099,18.94,2.3298,4.9457,2.2792,0.020301,0.84569,0.10365,54.222,43.307,62.835,53.863,77.735,56.711,21.884,36.894,37.559,50.324,57.404,41.052,18.904
598,0.7926,3632.8,4502.3,8.7624,26.447,42.736,2702.2,75.301,120.38,0.31081,80.529,48.634,2631.7,25.521,50.79,3101.3,22.87,67.755,262.22,341.13,94.69,77.725,32.206,8.9395,26.229,6.8799,18.846,1.7069,32.813,13.961,23.869,1.3099,18.94,2.3298,4.9457,2.2792,0.020301,0.84569,0.10365,54.222,43.307,62.669,53.579,78.022,57.953,21.631,36.597,34.079,48.362,57.579,40.413,18.189
599,0.77229,3652.4,4469.2,8.8718,27.016,42.418,2702.4,75.628,120.42,0.33372,80.448,50.876,2630.1,25.726,50.473,3100.7,23.028,67.803,262.87,340.44,94.528,77.407,32.566,8.8039,25.992,6.9629,19.002,1.6949,32.68,13.875,23.604,1.1834,18.894,2.3411,4.8962,2.2477,0.020301,0.84569,0.10365,54.222,43.307,63.329,53.76,75.924,56.958,21.826,39.464,40.678,47.629,57.739,41.293,17.827
600,0.77245,3681.4,4465.1,8.7727,26.909,42.043,2701.0,74.753,120.4,0.33616,80.396,50.669,2629.3,26.275,52.534,3097.8,22.937,67.79,263.25,340.83,94.664,77.41,32.566,8.8039,25.992,6.9629,19.002,1.6949,32.68,13.875,23.604,1.1834,18.894,2.3411,4.8962,2.2477,0.020301,0.84569,0.10365,54.222,43.307,62.831,53.809,75.908,58.972,21.995,39.166,40.07,52.398,57.923,40.737,18.047
601,0.73367,3640.7,4476.5,8.7632,26.856,42.384,2701.3,74.922,120.39,0.324,80.541,51.931,2630.2,26.41,49.068,3097.0,22.241,67.828,262.59,341.32,94.615,77.345,31.971,8.86,25.941,6.9604,18.542,1.7073,33.046,13.851,23.681,1.4998,18.274,2.3333,4.8526,2.2772,0.024807,0.85511,0.087705,54.545,43.896,62.765,53.264,72.472,57.451,22.386,38.491,43.782,44.377,57.999,41.23,19.688
602,0.7349,3660.2,4478.9,8.7018,26.882,42.087,2698.5,74.722,120.38,0.32427,80.347,49.635,2627.2,23.973,49.564,3096.6,23.787,67.813,264.24,340.92,94.684,77.371,31.971,8.86,25.941,6.9604,18.542,1.7073,33.046,13.851,23.681,1.4998,18.274,2.3333,4.8526,2.2772,0.024807,0.85511,0.087705,54.545,43.896,62.43,53.235,72.351,57.609,22.02,38.458,37.027,45.526,57.981,40.98,16.023
603,0.79376,3635.5,4491.6,8.8503,26.595,42.307,2699.7,74.984,120.4,0.31807,80.323,49.966,2629.2,24.995,51.353,3096.0,22.97,67.832,263.01,341.27,94.641,77.341,32.394,9.0481,26.166,6.9843,18.797,1.7203,32.752,13.657,23.649,1.3916,18.848,2.3255,4.9296,2.3849,0.024807,0.85511,0.087705,54.545,43.896,62.803,54.213,77.707,57.578,22.23,38.626,37.999,49.665,58.22,41.13,17.961
604,0.7913,3639.4,4520.7,8.7591,26.759,42.277,2699.5,75.053,120.38,0.31933,80.221,50.283,2628.1,25.043,47.611,3096.4,24.326,67.798,264.66,341.06,94.641,77.1,32.394,9.0481,26.166,6.9843,18.797,1.7203,32.752,13.657,23.649,1.3916,18.848,2.3255,4.9296,2.3849,0.024807,0.85511,0.087705,54.545,43.896,62.734,53.864,77.95,59.504,21.903,38.473,38.932,41.006,58.205,40.716,14.771
605,0.75198,3640.2,4499.5,8.8244,26.819,42.176,2699.6,74.98,120.39,0.30027,80.16,50.429,2628.3,25.455,50.962,3095.7,22.818,67.782,267.1,341.49,94.754,76.876,32.346,8.9915,25.977,6.8652,18.684,1.7421,32.79,13.835,23.455,1.2489,18.898,2.3446,4.9573,2.286,0.024807,0.85511,0.087705,54.545,43.896,62.426,53.51,73.794,58.528,22.313,35.508,39.363,48.76,58.121,41.263,18.384
606,0.75337,3602.2,4453.3,8.8338,27.004,42.397,2701.4,74.636,120.4,0.29697,80.247,50.664,2629.3,25.247,49.567,3097.2,22.731,67.782,269.43,341.36,94.683,77.402,32.346,8.9915,25.977,6.8652,18.684,1.7421,32.79,13.835,23.455,1.2489,18.898,2.3446,4.9573,2.286,0.022933,0.82673,0.095951,53.981,44.04,63.081,54.064,73.658,60.823,22.284,35.911,40.054,45.533,58.313,40.844,18.551
607,0.75324,3667.4,4500.1,8.8648,27.032,41.792,2701.3,74.834,120.4,0.31664,80.313,49.358,2630.2,25.173,49.981,3098.1,22.277,67.818,268.5,341.21,94.75,77.243,32.504,9.0848,25.903,6.6716,18.661,1.7077,32.984,13.823,23.693,1.3568,18.74,2.3348,4.8405,2.2743,0.022933,0.82673,0.095951,53.981,44.04,62.962,53.788,74.207,58.478,22.156,38.162,36.209,46.489,58.642,41.134,19.633
608,0.75271,3676.7,4433.2,8.9219,27.036,42.369,2701.0,75.089,120.42,0.31842,80.174,48.12,2629.7,26.839,50.566,3097.9,24.002,67.817,269.77,341.33,94.576,77.385,32.504,9.0848,25.903,6.6716,18.661,1.7077,32.984,13.823,23.693,1.3568,18.74,2.3348,4.8405,2.2743,0.022933,0.82673,0.095951,53.981,44.04,62.802,54.588,74.259,55.262,22.316,37.944,32.567,47.845,58.775,41.408,15.548
609,0.73588,3679.7,4470.5,8.8526,26.925,42.515,2702.1,74.638,120.43,0.31977,80.437,48.684,2630.7,25.05,48.91,3099.9,22.344,67.84,267.97,341.27,94.484,77.701,32.262,8.9631,26.155,6.9229,18.956,1.7247,33.069,13.655,23.786,1.285,18.962,2.3401,4.7815,2.332,0.022933,0.82673,0.095951,53.981,44.04,64.555,54.216,72.418,56.998,22.126,37.459,34.227,44.012,59.182,41.445,19.443
610,0.73507,3718.3,4526.1,8.7561,26.718,42.598,2702.7,74.711,120.43,0.3166,80.601,49.149,2631.8,24.97,49.804,3099.6,22.558,67.936,268.89,340.75,94.361,77.559,32.262,8.9631,26.155,6.9229,18.956,1.7247,33.069,13.655,23.786,1.285,18.962,2.3401,4.7815,2.332,0.022933,0.82673,0.095951,53.981,44.04,63.892,53.55,72.497,58.345,21.916,37.847,35.596,46.08,59.338,40.753,18.919
611,0.75634,3641.9,4451.6,8.6969,26.681,42.335,2700.9,75.596,120.4,0.29837,80.467,50.064,2630.8,23.716,50.432,3097.7,22.978,68.01,267.48,340.86,94.509,77.167,32.409,8.8636,26.205,6.888,18.883,1.7599,33.094,13.794,23.372,1.1159,18.691,2.371,4.7877,2.3586,0.025588,0.83336,0.085614,54.311,44.009,63.083,53.713,74.613,57.674,22.078,35.461,38.289,47.534,58.985,41.367,17.952
612,0.75937,3633.6,4480.0,8.8689,26.273,41.924,2699.8,75.305,120.42,0.2962,80.302,50.453,2628.7,26.562,47.777,3096.0,23.647,67.986,266.45,340.99,94.598,77.046,32.409,8.8636,26.205,6.888,18.883,1.7599,33.094,13.794,23.372,1.1159,18.691,2.371,4.7877,2.3586,0.025588,0.83336,0.085614,54.311,44.009,63.226,53.372,74.315,56.847,21.927,35.725,39.432,41.389,59.004,41.679,16.375
613,0.74477,3649.1,4460.1,8.745,26.968,42.583,2697.7,75.307,120.39,0.31186,80.246,49.061,2626.3,21.984,48.542,3094.6,23.476,67.94,267.18,340.79,94.654,77.725,32.197,9.0458,26.313,6.9902,18.732,1.7231,32.703,13.736,23.118,1.018,18.856,2.382,4.8622,2.3534,0.025588,0.83336,0.085614,54.311,44.009,63.242,53.766,72.657,57.354,22.276,37.379,35.337,43.16,58.871,41.152,16.749
614,0.74171,3651.7,4513.6,8.802,27.064,42.238,2697.4,74.636,120.38,0.3128,80.26,49.87,2626.4,24.539,50.369,3094.9,23.457,67.914,267.09,340.68,94.686,77.049,32.197,9.0458,26.313,6.9902,18.732,1.7231,32.703,13.736,23.118,1.018,18.856,2.382,4.8622,2.3534,0.025588,0.83336,0.085614,54.311,44.009,63.198,53.125,72.958,57.77,21.89,37.265,37.718,47.389,58.81,39.606,16.836
615,0.76335,3658.2,4455.0,8.7328,27.053,42.091,2697.7,75.667,120.42,0.30322,80.262,50.581,2626.8,24.6,49.766,3095.5,22.503,67.901,266.65,340.69,94.658,77.209,32.181,9.0283,26.458,6.8332,18.341,1.7274,32.966,14.05,23.492,1.2669,18.576,2.3333,4.8283,2.3431,0.025588,0.83336,0.085614,54.311,44.009,62.136,54.192,74.632,59.013,22.174,36.812,39.809,45.992,58.782,41.604,19.103
616,0.76193,3654.3,4477.1,8.6911,26.851,42.158,2699.7,74.286,120.37,0.30242,80.308,51.187,2628.2,25.37,49.327,3096.0,22.596,67.895,268.1,340.72,94.752,77.555,32.181,9.0283,26.458,6.8332,18.341,1.7274,32.966,14.05,23.492,1.2669,18.576,2.3333,4.8283,2.3431,0.013049,0.84262,0.097566,54.017,43.293,62.202,53.927,74.772,56.668,22.048,36.91,41.592,44.976,58.744,40.305,18.857
617,0.76255,3671.8,4545.4,8.9101,27.147,42.446,2701.1,73.949,120.43,0.34091,80.45,51.777,2629.4,24.961,50.19,3100.1,23.038,67.914,267.83,340.27,94.687,77.652,31.988,8.9592,26.48,6.7605,18.728,1.7216,32.958,13.858,23.636,1.326,18.668,2.3762,4.9015,2.2349,0.013049,0.84262,0.097566,54.017,43.293,63.25,54.11,75.013,57.41,21.833,40.709,43.33,46.973,58.767,41.787,17.79
618,0.76583,3678.1,4537.2,8.8756,26.734,42.144,2703.1,75.157,120.39,0.34007,80.656,50.506,2632.7,25.205,49.001,3100.7,23.872,67.959,266.79,340.7,94.535,77.836,31.988,8.9592,26.48,6.7605,18.728,1.7216,32.958,13.858,23.636,1.326,18.668,2.3762,4.9015,2.2349,0.013049,0.84262,0.097566,54.017,43.293,63.143,54.208,74.691,57.956,21.96,40.812,39.588,44.221,58.855,40.475,15.777
619,0.78342,3720.2,4478.9,8.8211,27.444,42.548,2701.6,75.156,120.42,0.32241,80.52,49.333,2629.5,23.839,49.836,3101.6,22.106,68.029,268.6,340.43,94.477,77.351,32.023,8.6877,25.998,6.9227,18.549,1.7234,32.497,13.894,23.792,1.4373,18.617,2.33,4.7495,2.3811,0.013049,0.84262,0.097566,54.017,43.293,63.136,53.995,76.848,56.539,21.982,38.032,36.138,46.155,58.689,41.492,19.993
620,0.78208,3694.7,4509.3,8.8367,27.121,42.146,2699.3,75.418,120.41,0.3204,80.34,48.73,2628.4,25.138,49.151,3098.8,23.045,67.981,265.37,340.71,94.461,76.981,32.023,8.6877,25.998,6.9227,18.549,1.7234,32.497,13.894,23.792,1.4373,18.617,2.33,4.7495,2.3811,0.013049,0.84262,0.097566,54.017,43.293,63.575,53.632,76.979,58.592,21.769,38.278,34.363,44.57,58.973,40.436,17.803
621,0.77968,3656.7,4522.1,8.7729,26.974,42.313,2696.1,74.98,120.4,0.32349,79.965,49.336,2623.9,25.817,51.46,3095.4,23.518,67.904,266.32,340.36,94.665,76.931,32.363,9.097,25.827,6.9257,18.693,1.7092,32.721,13.855,23.423,1.3537,18.588,2.3166,4.9424,2.301,0.016034,0.84339,0.093748,53.788,43.788,62.843,53.941,76.918,56.836,21.658,38.932,36.145,49.912,59.135,41.033,16.72
622,0.77919,3653.8,4525.5,8.6882,27.168,42.44,2698.8,75.199,120.39,0.32844,80.242,49.728,2627.1,24.289,51.086,3096.6,23.054,67.827,269.81,340.65,94.636,77.581,32.363,9.097,25.827,6.9257,18.693,1.7092,32.721,13.855,23.423,1.3537,18.588,2.3166,4.9424,2.301,0.016034,0.84339,0.093748,53.788,43.788,62.894,53.901,76.967,57.01,21.922,38.329,37.299,49.047,58.934,41.193,17.782
623,0.7472,3648.4,4562.2,8.7834,26.956,42.221,2699.7,73.87,120.4,0.32078,80.405,49.328,2628.3,23.823,50.537,3096.4,23.383,67.86,269.31,340.54,94.539,77.544,32.502,8.9751,26.476,6.9824,19.294,1.7241,32.766,13.829,24.082,1.3106,18.418,2.3551,4.8961,2.3373,0.016034,0.84339,0.093748,53.788,43.788,62.92,53.134,73.632,58.803,22.074,38.288,36.123,47.776,59.085,41.329,16.989
624,0.74938,3659.2,4522.6,8.8088,27.095,42.431,2701.1,74.928,120.38,0.3203,80.536,50.175,2630.1,25.695,50.341,3098.4,23.007,67.951,269.38,340.71,94.635,77.384,32.502,8.9751,26.476,6.9824,19.294,1.7241,32.766,13.829,24.082,1.3106,18.418,2.3551,4.8961,2.3373,0.016034,0.84339,0.093748,53.788,43.788,62.734,53.607,73.418,57.011,22.084,38.347,38.616,47.323,59.18,41.339,17.877
625,0.73256,3630.9,4411.5,8.6623,26.857,42.313,2698.5,75.161,120.38,0.31655,80.32,47.87,2627.1,24.697,49.542,3096.0,22.746,67.964,269.14,340.37,94.681,77.049,32.303,9.0637,26.474,6.7178,19.122,1.7055,32.963,13.845,23.404,1.3334,18.773,2.3359,4.842,2.3553,0.016034,0.84339,0.093748,53.788,43.788,62.657,53.428,71.928,60.33,22.098,38.152,31.833,45.473,59.304,41.502,18.53
626,0.73123,3649.8,4404.1,8.7797,27.353,42.29,2696.4,74.937,120.37,0.32048,80.201,50.923,2625.1,23.795,49.809,3094.4,23.093,67.961,270.37,340.14,94.847,77.197,32.303,9.0637,26.474,6.7178,19.122,1.7055,32.963,13.845,23.404,1.3334,18.773,2.3359,4.842,2.3553,0.031085,0.82696,0.11104,53.766,44.022,62.331,53.516,72.059,58.694,21.875,37.673,40.816,46.091,59.331,40.376,17.709
627,0.75117,3722.4,4465.2,8.8551,26.887,42.052,2698.9,75.146,120.42,0.32024,80.342,50.716,2627.4,24.811,50.515,3096.4,22.476,67.93,271.42,340.37,94.634,77.739,31.664,8.8638,25.798,7.0436,19.038,1.7326,32.96,13.822,23.321,1.3323,18.819,2.3456,4.9879,2.3756,0.031085,0.82696,0.11104,53.766,44.022,63.433,53.133,73.444,57.628,21.915,38.137,40.208,47.726,59.356,41.141,19.133
628,0.74803,3675.4,4445.9,8.8165,27.288,42.176,2699.0,75.535,120.4,0.31963,80.609,49.786,2628.3,24.529,49.002,3097.1,21.973,68.024,269.55,340.1,94.404,77.65,31.664,8.8638,25.798,7.0436,19.038,1.7326,32.96,13.822,23.321,1.3323,18.819,2.3456,4.9879,2.3756,0.031085,0.82696,0.11104,53.766,44.022,64.241,53.365,73.753,57.979,22.148,38.212,37.469,44.224,59.638,40.236,20.309
629,0.81383,3633.3,4455.8,8.804,26.709,42.174,2698.0,75.834,120.38,0.31773,80.386,49.005,2625.6,26.994,50.439,3097.4,22.961,68.054,268.97,339.82,94.683,77.036,32.301,8.6924,26.234,6.762,18.734,1.7248,33.128,13.676,23.929,1.271,18.932,2.3076,5.0024,2.2312,0.031085,0.82696,0.11104,53.766,44.022,62.109,53.4,79.86,57.686,21.361,37.862,35.173,47.549,59.8,40.941,18.013
630,0.81176,3624.1,4462.2,8.8247,27.301,42.45,2698.2,74.93,120.37,0.31655,80.236,50.149,2626.4,25.047,50.745,3095.3,22.46,68.025,269.79,341.06,94.713,77.344,32.301,8.6924,26.234,6.762,18.734,1.7248,33.128,13.676,23.929,1.271,18.932,2.3076,5.0024,2.2312,0.031085,0.82696,0.11104,53.766,44.022,62.269,53.324,80.064,57.497,22.211,38.006,38.539,48.258,59.843,40.946,19.201
631,0.75682,3721.5,4494.7,8.7244,26.832,42.554,2699.7,75.322,120.42,0.30273,80.227,49.409,2628.5,25.376,50.605,3096.0,22.544,68.005,268.98,341.05,94.682,77.234,31.989,8.9284,26.44,6.8721,19.217,1.6813,32.688,13.782,23.302,1.3133,18.588,2.3249,4.904,2.2512,0.008906,0.83594,0.074545,52.864,43.587,63.043,53.663,73.756,59.37,22.075,35.66,36.361,47.935,59.611,41.537,19.016
632,0.75476,3708.3,4461.9,8.8091,26.905,42.318,2700.4,75.019,120.4,0.2993,80.339,50.228,2629.7,27.007,50.551,3098.3,23.694,67.968,268.77,340.91,94.578,77.586,31.989,8.9284,26.44,6.8721,19.217,1.6813,32.688,13.782,23.302,1.3133,18.588,2.3249,4.904,2.2512,0.008906,0.83594,0.074545,52.864,43.587,63.269,54.056,73.959,58.174,21.971,36.079,38.772,47.809,59.565,40.677,16.253
633,0.78365,3644.6,4477.1,8.8719,26.943,42.215,2701.1,74.852,120.41,0.31188,80.516,50.934,2630.5,24.381,51.031,3099.9,22.95,68.011,271.67,340.5,94.432,77.579,32.449,8.6829,25.798,6.7568,18.907,1.7066,32.868,13.867,23.896,1.2305,18.552,2.4006,4.9453,2.3654,0.008906,0.83594,0.074545,52.864,43.587,63.462,52.655,77.145,56.582,21.896,37.243,40.847,48.921,59.236,41.341,17.997
634,0.78203,3685.1,4461.7,8.8085,27.11,42.408,2700.6,74.874,120.4,0.31121,80.426,49.063,2628.5,26.129,48.391,3098.7,22.317,68.064,265.86,340.82,94.589,77.098,32.449,8.6829,25.798,6.7568,18.907,1.7066,32.868,13.867,23.896,1.2305,18.552,2.4006,4.9453,2.3654,0.008906,0.83594,0.074545,52.864,43.587,62.765,52.839,77.304,58.73,21.924,37.326,35.343,42.811,59.682,40.96,19.531
635,0.73832,3711.5,4477.4,8.7434,27.088,42.265,2698.1,75.342,120.4,0.32422,80.235,50.034,2626.4,24.385,49.714,3095.5,23.717,68.02,268.53,341.2,94.575,77.198,32.173,8.8172,26.262,7.0651,19.054,1.704,32.912,13.917,23.489,1.1087,19.089,2.3119,4.7335,2.2174,0.008906,0.83594,0.074545,52.864,43.587,63.384,53.363,72.793,59.606,22.244,38.015,38.2,45.873,59.377,40.606,16.216
636,0.73909,3656.5,4487.1,8.873,27.047,42.465,2696.7,75.241,120.38,0.32439,80.23,48.609,2625.0,25.152,50.137,3095.1,23.875,68.005,269.75,340.53,94.553,77.189,32.173,8.8172,26.262,7.0651,19.054,1.704,32.912,13.917,23.489,1.1087,19.089,2.3119,4.7335,2.2174,0.0079375,0.83893,0.097344,52.869,44.215,64.331,53.247,72.718,56.892,21.805,37.994,34.006,46.852,59.423,41.001,15.845
637,0.76386,3604.2,4440.7,8.9484,27.228,42.462,2698.2,75.225,120.38,0.3288,80.388,50.688,2626.5,26.232,51.587,3094.8,23.302,67.944,269.68,340.47,94.68,77.646,31.736,8.9585,26.152,6.9127,18.539,1.6761,33.093,13.793,23.584,1.2932,18.221,2.3433,4.9401,2.3126,0.0079375,0.83893,0.097344,52.869,44.215,62.5,53.407,75.282,54.883,21.97,38.899,40.126,50.208,59.462,41.236,17.172
638,0.7628,3621.2,4445.8,8.9028,27.104,41.926,2700.6,74.836,120.4,0.32987,80.477,49.558,2629.5,26.727,50.944,3095.8,22.712,68.021,268.24,341.34,94.705,77.285,31.736,8.9585,26.152,6.9127,18.539,1.6761,33.093,13.793,23.584,1.2932,18.221,2.3433,4.9401,2.3126,0.0079375,0.83893,0.097344,52.869,44.215,62.207,53.345,75.386,57.48,22.56,38.769,36.801,48.718,59.617,41.965,18.586
639,0.80863,3644.9,4506.8,8.7827,27.079,42.23,2702.4,74.172,120.38,0.31753,80.413,49.457,2632.0,25.269,48.266,3098.7,22.284,68.031,267.53,341.24,94.772,77.523,32.237,8.8924,25.857,7.0151,19.309,1.7324,33.027,13.789,23.235,1.3452,18.328,2.3589,4.9808,2.3184,0.0079375,0.83893,0.097344,52.869,44.215,63.035,53.875,79.66,58.715,22.447,37.006,36.501,42.521,59.707,40.688,19.582
640,0.80996,3636.1,4500.5,8.7755,26.734,42.458,2701.7,75.406,120.4,0.31613,80.267,50.26,2630.9,24.571,48.586,3099.9,23.565,68.055,269.16,341.48,94.541,77.205,32.237,8.8924,25.857,7.0151,19.309,1.7324,33.027,13.789,23.235,1.3452,18.328,2.3589,4.9808,2.3184,0.0079375,0.83893,0.097344,52.869,44.215,63.186,53.951,79.529,57.987,22.002,37.177,38.866,43.263,59.588,41.147,16.562
641,0.76246,3587.6,4466.1,8.9012,26.796,42.118,2702.1,75.274,120.39,0.31228,80.206,51.424,2630.8,26.462,50.261,3098.5,23.904,67.992,269.85,341.83,94.773,77.494,32.218,9.0563,25.861,6.7782,18.871,1.7496,32.957,13.906,23.443,1.4359,18.606,2.3106,4.9106,2.3608,0.01075,0.83476,0.12083,53.788,44.048,63.045,52.45,75.093,56.238,22.24,37.498,42.29,47.137,59.637,40.652,15.744
642,0.76373,3620.9,4425.1,8.8111,26.949,42.148,2702.9,74.903,120.4,0.31615,80.26,52.601,2632.0,24.916,49.289,3099.3,23.058,67.999,269.05,342.21,94.66,77.299,32.218,9.0563,25.861,6.7782,18.871,1.7496,32.957,13.906,23.443,1.4359,18.606,2.3106,4.9106,2.3608,0.01075,0.83476,0.12083,53.788,44.048,62.472,52.941,74.969,60.191,22.434,37.025,45.755,44.89,59.774,40.405,17.764
643,0.76271,3680.0,4429.6,8.8284,26.697,42.455,2704.4,75.25,120.42,0.32857,80.319,49.315,2633.5,23.76,51.343,3101.0,23.446,67.994,269.58,342.07,94.752,77.603,32.186,8.8635,26.161,6.8477,18.689,1.7724,33.026,13.803,23.339,1.2717,18.329,2.3549,4.8426,2.4225,0.01075,0.83476,0.12083,53.788,44.048,63.521,53.908,75.349,57.339,22.153,38.671,36.083,49.641,59.79,40.809,16.813
644,0.76292,3719.9,4447.8,8.8756,26.815,42.59,2704.2,75.004,120.44,0.32576,80.353,48.741,2634.0,24.428,50.26,3100.2,22.411,68.031,270.78,342.56,94.389,77.727,32.186,8.8635,26.161,6.8477,18.689,1.7724,33.026,13.803,23.339,1.2717,18.329,2.3549,4.8426,2.4225,0.01075,0.83476,0.12083,53.788,44.048,62.832,53.691,75.328,60.018,22.565,39.014,34.396,47.137,59.745,41.914,19.254
645,0.76527,3671.5,4475.0,8.9193,27.184,42.503,2706.8,74.402,120.4,0.3149,80.485,50.558,2635.6,25.964,48.865,3101.5,22.875,68.052,269.77,342.62,94.462,77.559,32.205,9.0519,26.355,6.8858,18.551,1.7046,33.302,13.905,23.349,1.2657,18.382,2.3377,4.9121,2.3368,0.01075,0.83476,0.12083,53.788,44.048,63.121,53.811,75.67,57.374,22.803,37.622,39.743,43.908,59.897,41.382,18.149
646,0.7679,3649.1,4483.2,8.8746,26.84,42.399,2706.4,75.368,120.41,0.31521,80.468,48.151,2636.0,24.678,49.273,3101.6,23.835,68.088,270.64,342.72,94.532,77.576,32.205,9.0519,26.355,6.8858,18.551,1.7046,33.302,13.905,23.349,1.2657,18.382,2.3377,4.9121,2.3368,0.014879,0.80758,0.087737,54.498,44.069,63.507,53.714,75.411,56.583,22.687,37.584,32.659,44.851,59.773,41.394,15.856
647,0.76418,3640.7,4508.1,8.6838,27.152,42.578,2703.0,76.06,120.39,0.32826,80.178,49.287,2631.6,24.539,50.005,3099.5,22.513,68.07,269.95,342.24,94.476,76.833,32.276,8.7285,25.868,6.9494,18.416,1.7834,32.526,13.711,23.871,1.2247,18.582,2.3467,4.7696,2.4059,0.014879,0.80758,0.087737,54.498,44.069,63.331,53.781,75.397,60.114,22.457,38.762,36.003,46.545,59.85,40.809,19.058
648,0.7663,3699.7,4505.1,8.881,26.759,41.88,2701.6,74.268,120.38,0.3246,79.885,50.993,2630.9,26.799,50.874,3097.7,23.079,68.001,271.34,342.7,94.755,76.951,32.276,8.7285,25.868,6.9494,18.416,1.7834,32.526,13.711,23.871,1.2247,18.582,2.3467,4.7696,2.4059,0.014879,0.80758,0.087737,54.498,44.069,62.317,53.816,75.188,56.519,22.423,39.209,41.021,48.557,59.748,41.712,17.739
649,0.75807,3633.4,4536.3,8.8016,26.343,42.579,2704.4,74.36,120.39,0.30751,80.089,51.399,2633.6,25.794,48.887,3098.2,23.383,67.919,271.36,342.62,94.529,77.368,32.64,8.7548,26.122,6.7541,18.334,1.7001,33.613,13.947,23.651,1.475,18.027,2.3259,4.9685,2.4017,0.014879,0.80758,0.087737,54.498,44.069,62.867,53.824,74.536,57.8,22.588,36.087,42.218,43.958,59.77,40.728,16.995
650,0.75846,3623.8,4564.8,8.7983,26.7,42.58,2707.8,74.359,120.43,0.30567,80.373,49.286,2637.5,25.705,51.819,3102.3,23.243,67.96,270.95,342.94,94.684,77.625,32.64,8.7548,26.122,6.7541,18.334,1.7001,33.613,13.947,23.651,1.475,18.027,2.3259,4.9685,2.4017,0.014879,0.80758,0.087737,54.498,44.069,63.031,53.482,74.498,58.035,22.835,36.311,36.0,50.743,59.826,41.542,17.282
651,0.71747,3668.6,4532.4,8.6853,26.503,42.457,2706.2,76.422,120.41,0.33102,80.407,50.408,2636.0,25.256,50.434,3102.5,22.873,68.021,267.64,342.34,94.474,77.241,31.819,8.9028,25.796,6.994,18.565,1.6945,33.39,13.73,23.431,1.0596,18.372,2.3021,4.8566,2.307,0.024132,0.82307,0.094852,53.657,44.57,64.001,54.137,71.052,58.321,22.217,39.555,39.301,47.538,59.413,40.809,18.171
652,0.72028,3725.6,4519.8,8.7761,27.287,42.258,2702.9,75.296,120.44,0.33297,80.052,50.783,2632.1,25.458,49.806,3098.4,22.68,68.001,265.51,342.67,94.644,76.965,31.819,8.9028,25.796,6.994,18.565,1.6945,33.39,13.73,23.431,1.0596,18.372,2.3021,4.8566,2.307,0.024132,0.82307,0.094852,53.657,44.57,63.021,54.289,70.776,57.725,22.762,39.316,40.403,46.085,59.31,41.786,18.676
653,0.798,3656.0,4504.1,8.6873,27.197,42.258,2704.2,74.565,120.4,0.30613,80.108,51.655,2633.9,24.269,51.304,3099.3,24.058,67.871,268.29,342.69,94.573,77.493,32.253,8.876,25.94,6.8757,19.0,1.7127,33.382,13.798,24.226,1.3176,18.688,2.2895,4.9004,2.2763,0.024132,0.82307,0.094852,53.657,44.57,62.123,53.966,78.666,56.698,22.675,36.784,42.972,49.552,58.773,40.792,15.379
654,0.79856,3634.2,4467.8,8.6721,26.802,42.358,2706.2,74.315,120.39,0.30662,80.307,51.473,2635.7,24.583,48.892,3101.7,22.032,67.883,266.93,342.3,94.532,77.505,32.253,8.876,25.94,6.8757,19.0,1.7127,33.382,13.798,24.226,1.3176,18.688,2.2895,4.9004,2.2763,0.024132,0.82307,0.094852,53.657,44.57,62.498,54.4,78.611,58.501,22.55,36.724,42.434,43.97,58.602,40.564,20.172
655,0.75774,3690.8,4445.3,8.7443,26.816,42.222,2705.6,74.518,120.39,0.31696,80.265,48.584,2634.8,25.427,48.658,3100.7,22.219,67.902,265.24,342.63,94.671,77.513,31.995,8.9154,26.198,6.9491,18.637,1.6771,33.133,13.835,23.549,1.2618,18.248,2.3158,4.8997,2.3388,0.024132,0.82307,0.094852,53.657,44.57,62.511,53.598,74.694,58.21,22.639,37.204,33.932,43.427,58.46,41.069,19.723
656,0.75673,3673.3,4458.8,8.6905,26.971,42.194,2704.9,75.613,120.41,0.31191,80.152,49.767,2633.7,25.168,49.678,3099.9,22.862,67.868,266.22,342.41,94.568,77.196,31.995,8.9154,26.198,6.9491,18.637,1.6771,33.133,13.835,23.549,1.2618,18.248,2.3158,4.8997,2.3388,0.013287,0.82305,0.10232,53.76,44.059,62.812,53.437,74.793,59.767,22.727,37.82,37.415,45.789,58.443,40.727,18.226
657,0.78219,3644.3,4519.4,9.0069,26.513,42.299,2703.4,75.619,120.37,0.318,80.005,49.147,2632.3,26.27,49.437,3100.5,22.726,67.82,268.93,342.17,94.703,76.891,31.987,8.8548,26.355,6.7031,18.4,1.7087,32.823,13.907,23.408,1.3528,18.449,2.3501,4.8472,2.2783,0.013287,0.82305,0.10232,53.76,44.059,62.639,53.598,77.32,54.612,22.118,38.05,35.591,45.231,58.07,40.618,18.586
658,0.78358,3639.9,4503.5,8.8224,27.05,42.048,2704.7,75.034,120.4,0.32025,79.995,48.92,2633.4,25.795,49.573,3098.4,23.527,67.748,267.57,342.59,94.747,77.434,31.987,8.8548,26.355,6.7031,18.4,1.7087,32.823,13.907,23.408,1.3528,18.449,2.3501,4.8472,2.2783,0.013287,0.82305,0.10232,53.76,44.059,62.715,53.788,77.183,58.951,22.774,37.775,34.92,45.545,58.065,41.366,16.66
659,0.78717,3734.3,4493.3,8.8014,26.877,42.384,2707.1,74.999,120.43,0.32542,80.155,49.276,2636.1,24.478,51.779,3101.8,22.526,67.729,266.09,342.77,94.404,77.246,31.841,8.9359,26.451,6.8463,18.277,1.6828,33.24,13.801,23.758,1.2602,18.253,2.3339,4.8283,2.2844,0.013287,0.82305,0.10232,53.76,44.059,63.301,54.535,77.386,57.388,22.681,39.162,35.971,50.651,58.069,41.572,19.05
660,0.78563,3708.8,4541.6,8.8831,26.687,42.635,2704.7,75.887,120.38,0.32978,80.076,49.912,2634.6,25.156,50.746,3101.5,22.543,67.727,266.42,342.61,94.525,77.152,31.841,8.9359,26.451,6.8463,18.277,1.6828,33.24,13.801,23.758,1.2602,18.253,2.3339,4.8283,2.2844,0.013287,0.82305,0.10232,53.76,44.059,63.738,53.956,77.537,55.339,22.336,38.63,37.84,48.26,57.911,40.702,19.02
661,0.80246,3670.7,4525.3,8.6546,26.977,42.299,2704.8,74.616,120.43,0.31287,80.057,49.502,2633.7,24.746,48.835,3099.9,23.204,67.714,262.91,342.57,94.479,77.528,32.74,8.8919,26.027,6.7075,18.946,1.707,33.178,13.807,23.434,1.2399,18.258,2.3137,4.9116,2.2588,0.02933,0.82114,0.11717,54.752,44.601,63.241,54.527,79.224,57.77,22.436,37.896,36.635,43.838,58.074,41.743,17.436
662,0.80432,3672.3,4541.1,8.9173,26.951,42.535,2706.3,75.268,120.4,0.31689,80.287,47.876,2635.5,25.384,50.415,3101.9,22.816,67.718,265.35,342.48,94.531,77.524,32.74,8.8919,26.027,6.7075,18.946,1.707,33.178,13.807,23.434,1.2399,18.258,2.3137,4.9116,2.2588,0.02933,0.82114,0.11717,54.752,44.601,63.212,54.338,79.042,56.702,22.514,37.406,31.85,47.495,57.718,41.426,18.338
663,0.71578,3708.6,4463.2,8.8483,26.82,42.478,2703.3,74.877,120.41,0.31809,80.229,49.225,2633.0,25.295,50.521,3099.3,23.568,67.744,263.68,342.38,94.42,77.352,32.449,8.9594,26.166,6.9961,18.27,1.7046,33.264,13.707,23.257,1.1492,18.765,2.3546,4.86,2.3035,0.02933,0.82114,0.11717,54.752,44.601,63.904,53.655,70.427,57.781,22.23,37.404,35.82,47.74,57.727,41.446,16.561
664,0.71469,3708.5,4428.0,8.6743,27.142,42.193,2703.1,75.017,120.4,0.31559,80.474,49.003,2632.4,24.589,47.533,3098.8,22.931,67.786,262.02,342.13,94.431,77.657,32.449,8.9594,26.166,6.9961,18.27,1.7046,33.264,13.707,23.257,1.1492,18.765,2.3546,4.86,2.3035,0.02933,0.82114,0.11717,54.752,44.601,63.906,54.077,70.534,56.475,22.525,37.708,35.167,40.825,57.733,41.529,18.034
665,0.73829,3654.5,4548.0,8.8469,26.848,42.546,2699.9,75.833,120.38,0.30286,80.373,50.756,2628.7,26.199,52.242,3096.0,23.773,67.865,262.74,341.76,94.554,77.071,32.911,8.8137,26.107,6.9455,18.319,1.6502,32.85,13.946,23.83,1.3071,18.327,2.3515,4.9087,2.3173,0.02933,0.82114,0.11717,54.752,44.601,62.331,54.329,72.916,56.352,22.203,36.475,40.323,51.722,57.522,40.774,16.063
666,0.73914,3637.8,4564.6,8.8974,27.164,42.366,2697.8,75.594,120.4,0.30646,80.152,49.318,2627.4,25.293,49.037,3094.1,23.955,67.808,259.79,341.39,94.767,77.122,32.911,8.8137,26.107,6.9455,18.319,1.6502,32.85,13.946,23.83,1.3071,18.327,2.3515,4.9087,2.3173,0.013638,0.83435,0.09745,53.664,45.244,62.619,54.13,72.832,54.455,22.31,36.036,36.092,44.305,57.573,41.153,15.648
667,0.68906,3646.2,4518.3,8.8443,26.89,42.439,2696.9,74.568,120.38,0.33011,80.181,49.339,2626.8,25.062,50.248,3091.4,21.956,67.722,263.19,341.77,94.718,77.618,32.208,8.9267,26.208,6.9586,18.395,1.6748,33.524,13.66,23.323,1.2724,18.631,2.3541,4.9196,2.3258,0.013638,0.83435,0.09745,53.664,45.244,62.836,54.644,67.971,56.301,22.391,39.545,36.155,47.108,57.103,40.565,20.378
668,0.68968,3635.9,4559.9,8.8104,27.134,42.076,2694.9,75.181,120.4,0.33325,80.123,49.61,2623.3,25.033,50.918,3091.9,23.078,67.682,261.83,340.76,94.948,77.194,32.208,8.9267,26.208,6.9586,18.395,1.6748,33.524,13.66,23.323,1.2724,18.631,2.3541,4.9196,2.3258,0.013638,0.83435,0.09745,53.664,45.244,63.013,54.146,67.91,59.87,22.109,39.163,36.951,48.657,57.057,41.067,17.749
669,0.75368,3638.6,4577.2,8.8323,26.609,42.332,2698.3,74.827,120.38,0.29998,80.396,48.611,2627.6,25.297,48.567,3095.2,23.576,67.665,261.34,340.43,94.561,77.359,32.054,9.0717,26.401,6.8523,18.891,1.7087,33.348,13.871,23.543,1.2778,18.498,2.3502,4.8871,2.3016,0.013638,0.83435,0.09745,53.664,45.244,62.785,53.822,74.22,56.218,21.864,35.55,34.013,43.218,56.933,40.137,16.548
670,0.75425,3605.7,4525.9,8.7289,26.855,41.927,2699.0,73.899,120.42,0.2974,80.415,49.874,2627.6,22.923,48.949,3096.7,22.751,67.701,261.78,340.17,94.801,77.481,32.054,9.0717,26.401,6.8523,18.891,1.7087,33.348,13.871,23.543,1.2778,18.498,2.3502,4.8871,2.3016,0.013638,0.83435,0.09745,53.664,45.244,63.352,54.437,74.164,56.408,21.913,35.866,37.728,44.101,56.725,41.111,18.492
671,0.77004,3665.5,4477.5,8.6186,27.3,42.544,2699.9,73.312,120.42,0.3211,80.496,49.038,2629.0,25.387,49.938,3098.1,21.686,67.723,260.97,340.2,94.535,77.288,32.356,8.9742,25.979,6.807,18.491,1.7315,33.187,13.811,23.679,1.1331,18.541,2.2918,4.8465,2.3686,-0.0072845,0.84422,0.10509,53.655,43.241,63.233,53.822,75.664,57.662,22.194,38.53,35.27,46.391,56.949,41.084,21.027
672,0.76906,3684.5,4532.1,8.6716,26.895,42.184,2698.9,75.332,120.42,0.32357,80.394,50.753,2627.6,24.685,48.573,3096.7,22.336,67.73,260.33,340.11,94.715,77.614,32.356,8.9742,25.979,6.807,18.491,1.7315,33.187,13.811,23.679,1.1331,18.541,2.2918,4.8465,2.3686,-0.0072845,0.84422,0.10509,53.655,43.241,62.905,53.169,75.76,57.641,21.983,38.228,40.317,43.231,56.977,41.312,19.462
673,0.74055,3690.3,4523.5,8.7419,26.827,42.264,2698.1,74.96,120.39,0.31752,80.533,49.441,2627.3,23.596,49.763,3096.6,23.723,67.756,260.28,340.16,94.514,77.46,32.241,8.975,26.28,6.6703,19.068,1.7099,33.078,13.814,24.355,1.3046,18.561,2.3269,4.883,2.2329,-0.0072845,0.84422,0.10509,53.655,43.241,63.253,54.268,72.789,54.666,21.917,37.381,36.456,45.986,56.951,40.564,16.166
674,0.74063,3696.6,4514.6,8.7209,26.952,42.318,2696.0,75.192,120.41,0.31499,80.44,49.126,2624.7,25.182,48.59,3094.7,22.771,67.783,258.73,339.66,94.596,76.912,32.241,8.975,26.28,6.6703,19.068,1.7099,33.078,13.814,24.355,1.3046,18.561,2.3269,4.883,2.2329,-0.0072845,0.84422,0.10509,53.655,43.241,63.145,54.375,72.781,58.205,21.745,37.689,35.528,43.272,57.057,41.086,18.467
675,0.74844,3710.8,4480.0,8.8009,27.093,42.143,2690.4,75.344,120.4,0.31395,80.049,50.781,2617.5,25.101,48.722,3091.7,23.246,67.68,261.22,338.69,94.665,76.743,32.266,8.8885,26.516,6.9767,18.587,1.7045,32.855,13.801,23.505,1.4137,18.744,2.3095,4.9445,2.3539,-0.0072845,0.84422,0.10509,53.655,43.241,64.233,53.372,73.965,56.786,21.005,37.896,40.398,43.577,56.81,40.927,17.396
676,0.74876,3736.1,4448.0,8.7602,26.685,42.409,2689.2,75.056,120.4,0.31573,80.135,48.412,2617.4,25.68,49.803,3089.7,23.878,67.609,259.84,338.44,94.554,76.97,32.266,8.8885,26.516,6.9767,18.587,1.7045,32.855,13.801,23.505,1.4137,18.744,2.3095,4.9445,2.3539,0.015648,0.84799,0.10063,53.669,44.157,63.799,53.755,73.933,57.589,21.344,37.68,33.426,46.077,57.17,41.455,15.894
677,0.75036,3651.4,4486.7,8.8282,27.008,42.064,2691.8,75.289,120.4,0.31467,80.471,50.617,2620.0,25.329,48.618,3090.4,22.8,67.618,260.2,338.84,94.717,77.54,32.373,9.0111,26.562,7.1068,19.237,1.7099,32.798,13.557,23.224,1.2665,18.874,2.3251,4.9449,2.2862,0.015648,0.84799,0.10063,53.669,44.157,62.624,54.463,73.176,55.78,21.711,37.422,39.915,43.335,57.228,40.732,18.407
678,0.74704,3673.8,4511.9,8.7825,26.734,42.071,2692.9,74.72,120.39,0.31571,80.678,50.537,2621.1,23.439,50.251,3091.2,23.564,67.739,260.89,338.88,94.659,77.291,32.373,9.0111,26.562,7.1068,19.237,1.7099,32.798,13.557,23.224,1.2665,18.874,2.3251,4.9449,2.2862,0.015648,0.84799,0.10063,53.669,44.157,62.238,54.161,73.503,57.61,21.452,37.295,39.68,47.115,57.247,40.686,16.585
679,0.73577,3601.8,4447.0,8.6941,26.84,42.038,2692.8,75.742,120.4,0.28352,80.642,50.406,2620.6,26.129,48.718,3091.1,23.087,67.801,259.93,338.64,94.806,77.604,32.109,8.9174,26.078,7.0339,19.175,1.7469,33.111,13.921,24.034,1.2818,18.788,2.3115,4.8225,2.3862,0.015648,0.84799,0.10063,53.669,44.157,62.186,53.321,72.31,57.682,21.46,34.483,39.293,43.567,57.41,40.565,17.693
680,0.73854,3626.9,4454.6,8.7347,26.42,42.206,2693.7,75.999,120.4,0.28528,80.698,48.84,2621.1,26.146,48.958,3091.4,23.257,67.859,260.71,338.49,94.94,77.18,32.109,8.9174,26.078,7.0339,19.175,1.7469,33.111,13.921,24.034,1.2818,18.788,2.3115,4.8225,2.3862,0.015648,0.84799,0.10063,53.669,44.157,61.755,53.23,72.038,58.143,21.357,34.269,34.687,44.122,57.419,40.619,17.309
681,0.75989,3606.2,4407.4,8.6759,27.369,42.115,2691.2,74.39,120.38,0.32355,80.479,51.485,2619.6,23.86,49.196,3090.4,23.503,67.85,262.73,338.73,94.838,77.113,32.164,9.0028,26.264,6.8538,19.074,1.7015,32.83,13.969,23.102,1.2209,19.311,2.3464,4.923,2.399,0.012539,0.84213,0.11596,52.872,44.148,62.571,53.873,74.841,57.976,21.715,39.217,42.469,44.672,57.431,40.256,16.735
682,0.76207,3637.9,4435.2,8.6422,26.938,42.051,2690.4,74.854,120.39,0.32798,80.316,50.852,2618.3,25.988,48.856,3089.4,23.071,67.815,262.48,338.51,95.029,77.3,32.164,9.0028,26.264,6.8538,19.074,1.7015,32.83,13.969,23.102,1.2209,19.311,2.3464,4.923,2.399,0.012539,0.84213,0.11596,52.872,44.148,62.026,53.54,74.627,58.495,21.194,38.676,40.607,43.887,57.585,41.21,17.773
683,0.75619,3638.8,4424.3,8.7655,27.458,42.008,2691.6,74.766,120.4,0.32969,80.439,51.163,2618.8,24.007,48.511,3091.4,23.027,67.765,263.89,338.39,94.766,77.432,32.143,8.9277,25.919,6.7389,19.445,1.6989,32.843,13.87,23.416,1.4412,18.874,2.4108,4.8996,2.3422,0.012539,0.84213,0.11596,52.872,44.148,63.531,53.862,74.272,57.965,21.58,39.937,41.522,43.088,57.593,40.352,17.872
684,0.75574,3682.8,4466.6,8.8179,27.106,42.288,2691.2,74.585,120.43,0.33017,80.489,51.729,2618.7,24.185,50.805,3091.4,23.418,67.769,263.1,338.25,94.876,77.442,32.143,8.9277,25.919,6.7389,19.445,1.6989,32.843,13.87,23.416,1.4412,18.874,2.4108,4.8996,2.3422,0.012539,0.84213,0.11596,52.872,44.148,62.775,53.355,74.316,57.065,21.349,39.878,43.189,48.397,57.794,41.116,16.943
685,0.75886,3693.2,4416.3,8.8452,27.075,42.42,2690.3,75.147,120.42,0.32053,80.398,48.251,2618.3,24.807,49.417,3091.0,23.498,67.799,262.99,338.39,94.546,77.263,31.894,8.949,25.981,6.8691,18.743,1.7386,32.643,13.989,24.206,1.4865,18.785,2.3477,4.982,2.2584,0.012539,0.84213,0.11596,52.872,44.148,63.684,52.964,74.479,57.189,21.478,38.55,32.952,45.185,57.937,39.92,16.773
686,0.75818,3693.9,4393.3,8.8034,26.678,42.17,2691.9,75.278,120.43,0.32014,80.612,50.786,2619.8,24.229,50.432,3090.2,22.655,67.808,266.17,338.72,94.653,77.658,31.894,8.949,25.981,6.8691,18.743,1.7386,32.643,13.989,24.206,1.4865,18.785,2.3477,4.982,2.2584,0.035064,0.82288,0.099514,53.43,43.84,63.673,53.239,74.546,56.271,21.618,38.599,40.413,47.533,57.648,41.226,18.737
687,0.78332,3695.2,4532.4,8.8839,26.964,42.043,2690.7,75.02,120.42,0.33601,80.689,50.224,2619.1,22.891,50.122,3091.6,22.396,67.901,265.12,338.02,94.523,77.543,32.059,8.8968,26.033,6.9508,19.325,1.7234,32.738,13.945,23.495,1.2594,19.038,2.3433,4.9013,2.4076,0.035064,0.82288,0.099514,53.43,43.84,62.582,53.244,77.161,58.075,21.246,39.99,38.759,46.816,57.81,41.179,19.345
688,0.784,3694.7,4480.0,8.8657,27.045,41.949,2690.6,75.27,120.41,0.33278,80.594,49.617,2618.7,25.699,49.754,3091.4,23.235,67.911,265.06,337.96,94.684,77.472,32.059,8.8968,26.033,6.9508,19.325,1.7234,32.738,13.945,23.495,1.2594,19.038,2.3433,4.9013,2.4076,0.035064,0.82288,0.099514,53.43,43.84,62.59,53.872,77.093,58.295,21.104,40.385,36.972,45.964,57.883,41.377,17.359
689,0.76851,3648.5,4416.2,8.9179,26.938,41.932,2691.8,74.435,120.39,0.33188,80.793,50.49,2620.2,26.508,47.411,3091.4,21.605,67.945,263.74,338.19,94.58,77.801,31.986,8.8676,26.197,6.9084,18.601,1.7094,32.77,13.656,23.49,1.4657,19.14,2.3573,4.9609,2.3808,0.035064,0.82288,0.099514,53.43,43.84,62.643,53.163,75.912,54.832,21.501,39.533,39.542,40.542,58.067,41.033,21.186
690,0.76751,3635.9,4421.5,8.8452,27.053,42.119,2689.8,75.463,120.37,0.33211,80.581,50.28,2617.2,25.451,48.686,3092.5,22.257,67.965,265.29,338.44,94.741,77.093,31.986,8.8676,26.197,6.9084,18.601,1.7094,32.77,13.656,23.49,1.4657,19.14,2.3573,4.9609,2.3808,0.035064,0.82288,0.099514,53.43,43.84,62.859,53.099,76.01,58.648,21.191,39.506,38.925,43.493,57.994,40.732,19.69
691,0.77871,3658.9,4489.5,8.834,26.562,42.318,2692.2,74.258,120.4,0.29873,80.47,50.631,2620.1,23.957,51.766,3090.9,23.654,67.929,262.13,338.88,94.666,77.135,32.06,8.8218,26.73,6.9193,19.108,1.6968,32.597,14.049,23.442,1.1888,19.036,2.367,4.9328,2.2922,0.027808,0.85262,0.11176,53.708,43.954,62.79,54.031,76.625,59.979,21.287,35.814,39.958,50.621,57.847,40.914,16.39
692,0.7783,3676.9,4501.8,8.7967,26.833,42.213,2694.6,74.603,120.42,0.29751,80.545,50.876,2622.8,25.809,51.045,3093.7,25.148,67.854,261.17,338.64,94.799,77.443,32.06,8.8218,26.73,6.9193,19.108,1.6968,32.597,14.049,23.442,1.1888,19.036,2.367,4.9328,2.2922,0.027808,0.85262,0.11176,53.708,43.954,62.481,53.883,76.665,57.367,21.495,35.963,40.678,48.953,57.789,41.058,12.816
693,0.77301,3668.7,4471.3,8.8341,27.198,42.087,2695.3,74.239,120.38,0.3413,80.633,51.247,2623.8,28.407,51.328,3094.6,24.368,67.851,259.02,339.37,94.57,77.558,31.994,9.0771,25.858,6.8818,19.07,1.7397,32.679,13.896,23.602,1.3864,18.97,2.3831,5.0535,2.2401,0.027808,0.85262,0.11176,53.708,43.954,62.496,52.993,76.119,57.69,21.881,41.195,41.77,49.608,57.833,40.551,14.645
694,0.77518,3645.6,4429.1,8.8129,26.94,42.563,2695.8,75.06,120.41,0.34339,80.656,50.706,2624.0,24.159,50.26,3094.6,23.555,67.896,261.21,339.5,94.643,77.298,31.994,9.0771,25.858,6.8818,19.07,1.7397,32.679,13.896,23.602,1.3864,18.97,2.3831,5.0535,2.2401,0.027808,0.85262,0.11176,53.708,43.954,62.894,53.498,75.906,56.253,21.621,40.939,40.179,47.136,57.49,40.892,16.58
695,0.78109,3638.6,4426.7,8.9247,26.738,42.414,2694.0,75.045,120.4,0.32663,80.503,48.802,2622.0,25.919,48.047,3095.3,22.312,67.846,261.44,339.2,94.698,77.662,31.467,8.9659,25.843,7.037,18.915,1.7703,33.032,13.923,22.965,1.2369,18.783,2.3718,4.8725,2.2837,0.027808,0.85262,0.11176,53.708,43.954,63.326,53.565,76.902,57.538,21.193,39.11,34.575,42.014,57.323,41.125,19.51
696,0.77986,3659.5,4423.4,8.6966,26.678,42.019,2694.1,75.388,120.38,0.32424,80.43,50.728,2622.0,25.148,49.933,3095.0,23.745,67.814,261.98,339.1,94.646,77.192,31.467,8.9659,25.843,7.037,18.915,1.7703,33.032,13.923,22.965,1.2369,18.783,2.3718,4.8725,2.2837,0.0067838,0.84682,0.10269,54.113,44.061,62.966,53.604,77.022,60.317,21.137,39.402,40.243,46.378,57.896,41.3,16.143
697,0.83652,3604.1,4519.7,8.785,26.932,42.146,2696.6,75.656,120.43,0.3294,80.363,50.195,2625.2,25.626,51.562,3095.1,22.951,67.782,263.79,340.3,94.774,77.268,32.084,9.0219,26.143,6.8436,19.036,1.7237,32.982,13.74,23.547,1.3389,18.989,2.3692,4.8199,2.3547,0.0067838,0.84682,0.10269,54.113,44.061,62.485,52.798,82.411,59.095,21.914,39.609,38.673,50.148,57.926,41.51,18.036
698,0.83796,3629.1,4487.3,8.7741,27.492,41.86,2699.0,74.889,120.39,0.33121,80.381,50.816,2627.5,24.595,51.337,3096.7,22.687,67.793,264.17,340.71,94.677,77.592,32.084,9.0219,26.143,6.8436,19.036,1.7237,32.982,13.74,23.547,1.3389,18.989,2.3692,4.8199,2.3547,0.0067838,0.84682,0.10269,54.113,44.061,62.055,53.185,82.27,58.123,22.278,39.388,40.501,49.629,58.082,40.989,18.641
699,0.78275,3652.0,4443.6,8.8496,27.211,42.548,2700.1,74.018,120.41,0.31172,80.373,51.488,2627.9,25.296,50.428,3098.3,24.038,67.786,265.12,340.89,94.639,77.415,32.23,8.8427,26.002,6.7069,18.897,1.7141,33.289,13.876,23.289,1.3969,18.45,2.3978,4.8967,2.3993,0.0067838,0.84682,0.10269,54.113,44.061,63.302,53.377,76.806,58.071,22.009,36.879,42.478,47.523,58.187,41.53,15.446
700,0.78081,3669.2,4442.7,8.8608,26.882,42.277,2702.1,75.271,120.42,0.30846,80.505,48.969,2630.8,26.012,47.426,3100.5,23.186,67.824,265.39,341.44,94.543,77.576,32.23,8.8427,26.002,6.7069,18.897,1.7141,33.289,13.876,23.289,1.3969,18.45,2.3978,4.8967,2.3993,0.0067838,0.84682,0.10269,54.113,44.061,63.006,53.388,76.997,57.632,21.904,37.276,35.065,40.578,58.35,41.841,17.441
701,0.76775,3728.1,4471.1,8.8462,26.591,42.307,2702.2,75.557,120.42,0.32726,80.488,48.831,2630.9,24.807,50.377,3100.5,22.262,67.865,265.59,341.4,94.446,77.332,32.365,8.9839,26.138,6.5686,18.713,1.7552,33.03,13.951,23.407,1.3987,18.927,2.3792,4.9085,2.3372,0.037942,0.84685,0.097928,53.352,43.459,63.292,53.356,75.573,57.609,21.907,38.601,34.66,47.405,58.395,41.598,19.646
702,0.76958,3699.5,4484.2,8.8652,26.822,42.398,2700.2,75.451,120.41,0.32617,80.307,51.352,2628.9,24.576,49.038,3097.1,23.458,67.86,265.91,341.29,94.48,77.183,32.365,8.9839,26.138,6.5686,18.713,1.7552,33.03,13.951,23.407,1.3987,18.927,2.3792,4.9085,2.3372,0.037942,0.84685,0.097928,53.352,43.459,63.784,53.2,75.392,58.318,21.959,38.734,42.078,44.308,58.499,41.253,16.821
703,0.75441,3748.5,4495.7,8.776,26.589,42.095,2700.0,73.536,120.43,0.33077,80.33,48.709,2629.3,25.246,47.613,3097.1,23.298,67.834,266.58,341.79,94.24,77.493,32.194,8.8115,26.538,6.865,18.691,1.706,32.983,13.837,23.416,1.1126,18.277,2.3488,4.8668,2.4119,0.037942,0.84685,0.097928,53.352,43.459,64.385,53.508,74.083,58.179,21.969,40.329,34.299,41.009,58.575,41.933,17.18
704,0.75012,3722.7,4503.5,8.816,26.944,42.577,2698.7,75.121,120.41,0.33302,80.416,51.193,2627.1,25.783,52.264,3097.3,23.108,67.858,266.63,341.21,94.356,77.238,32.194,8.8115,26.538,6.865,18.691,1.706,32.983,13.837,23.416,1.1126,18.277,2.3488,4.8668,2.4119,0.037942,0.84685,0.097928,53.352,43.459,64.828,53.415,74.505,58.586,22.021,40.054,41.612,51.774,58.703,41.866,17.642
705,0.76925,3678.3,4465.8,8.8628,26.789,42.292,2695.7,75.587,120.35,0.32553,80.284,48.698,2624.3,23.844,51.125,3095.0,22.867,67.871,268.18,340.59,94.312,76.966,32.15,9.0691,26.237,6.7046,19.06,1.7338,32.858,13.716,23.287,1.355,18.589,2.3473,4.8808,2.3507,0.037942,0.84685,0.097928,53.352,43.459,63.148,53.933,75.693,57.314,21.606,38.014,34.269,49.137,58.698,41.206,18.238
706,0.772,3664.1,4445.2,8.8617,27.296,42.645,2696.5,74.11,120.41,0.32164,80.254,49.445,2624.7,24.79,48.649,3094.0,23.823,67.846,268.29,341.56,94.704,77.627,32.15,9.0691,26.237,6.7046,19.06,1.7338,32.858,13.716,23.287,1.355,18.589,2.3473,4.8808,2.3507,0.016451,0.83675,0.087571,53.58,43.673,63.392,54.18,75.423,59.117,22.178,38.488,36.467,43.408,58.842,40.983,15.927
707,0.77358,3700.4,4429.8,8.8373,27.028,42.625,2699.0,74.376,120.38,0.31076,80.48,51.585,2628.1,24.357,48.83,3096.0,23.887,67.905,269.81,341.14,94.327,77.23,32.099,8.8331,26.496,6.9749,18.805,1.7397,32.93,13.696,23.325,1.4012,18.607,2.3533,4.9471,2.3665,0.016451,0.83675,0.087571,53.58,43.673,64.266,53.441,76.138,59.462,22.136,36.519,42.766,43.826,58.844,41.708,15.792
708,0.77598,3724.6,4432.5,8.8863,26.988,42.437,2698.2,75.039,120.41,0.30758,80.385,51.745,2627.5,25.683,49.577,3096.2,22.899,67.914,267.35,341.28,94.478,77.78,32.099,8.8331,26.496,6.9749,18.805,1.7397,32.93,13.696,23.325,1.4012,18.607,2.3533,4.9471,2.3665,0.016451,0.83675,0.087571,53.58,43.673,63.85,53.409,75.902,58.144,22.044,36.907,43.234,45.555,59.203,41.522,18.102
709,0.78036,3649.5,4511.5,8.9808,26.624,42.775,2699.8,75.224,120.38,0.30442,80.535,49.423,2628.9,26.525,49.818,3097.0,23.204,67.982,267.38,341.4,94.429,77.507,32.105,8.9096,26.104,6.967,18.711,1.6907,32.922,13.763,23.674,1.2425,18.777,2.3307,4.9247,2.3565,0.016451,0.83675,0.087571,53.58,43.673,62.812,53.065,76.574,57.838,22.118,36.573,36.403,46.112,59.335,41.294,17.378
710,0.77879,3618.1,4485.3,8.8245,26.823,41.739,2700.9,75.09,120.4,0.30718,80.489,51.168,2629.9,25.69,51.184,3097.0,23.283,68.028,269.48,341.89,94.528,77.591,32.105,8.9096,26.104,6.967,18.711,1.6907,32.922,13.763,23.674,1.2425,18.777,2.3307,4.9247,2.3565,0.016451,0.83675,0.087571,53.58,43.673,63.352,53.379,76.728,58.184,22.19,36.236,41.537,49.274,59.282,41.142,17.182
711,0.78027,3632.6,4512.1,8.7865,27.067,42.457,2701.8,74.149,120.38,0.31062,80.573,49.817,2630.3,25.716,50.006,3099.0,21.73,68.055,269.3,341.94,94.523,77.525,32.112,8.8447,26.046,6.919,18.517,1.7104,33.045,13.875,23.52,1.2074,18.701,2.3582,4.9118,2.2903,0.0188,0.84542,0.10239,52.579,43.476,63.088,53.291,76.644,60.345,22.203,37.466,37.56,46.547,59.183,41.252,20.854
712,0.77994,3661.4,4501.6,8.7721,26.648,42.168,2701.3,74.954,120.41,0.31201,80.329,51.254,2630.1,24.282,49.623,3096.5,22.477,68.019,267.19,342.41,94.585,77.543,32.112,8.8447,26.046,6.919,18.517,1.7104,33.045,13.875,23.52,1.2074,18.701,2.3582,4.9118,2.2903,0.0188,0.84542,0.10239,52.579,43.476,62.592,53.416,76.677,58.743,22.285,37.296,41.79,45.66,59.398,41.617,19.093
713,0.78085,3688.0,4474.1,8.7715,27.0,42.454,2700.8,75.241,120.39,0.328,80.254,50.827,2629.4,23.196,50.159,3096.7,23.219,68.014,271.19,342.03,94.612,77.56,32.286,9.1052,26.559,6.9722,18.43,1.7122,32.93,13.884,23.69,1.4639,19.031,2.3812,4.9617,2.381,0.0188,0.84542,0.10239,52.579,43.476,62.499,54.25,76.625,59.902,22.256,38.335,40.534,46.902,59.07,40.234,17.331
714,0.78128,3664.0,4468.4,8.7211,26.78,42.611,2702.7,74.791,120.4,0.3291,80.334,50.773,2632.4,26.371,48.363,3097.7,22.319,67.999,269.9,342.81,94.538,77.122,32.286,9.1052,26.559,6.9722,18.43,1.7122,32.93,13.884,23.69,1.4639,19.031,2.3812,4.9617,2.381,0.0188,0.84542,0.10239,52.579,43.476,62.911,54.318,76.584,59.833,22.449,38.201,40.374,42.745,59.216,41.225,19.496
715,0.76147,3633.6,4513.8,8.6549,26.704,42.403,2700.9,75.166,120.36,0.32656,80.174,49.162,2629.6,25.074,50.436,3098.2,24.342,67.935,269.0,342.31,94.745,77.248,32.571,8.9764,25.869,6.8764,18.525,1.6893,33.255,13.801,23.438,1.1425,18.395,2.3626,4.8492,2.3308,0.0188,0.84542,0.10239,52.579,43.476,62.908,54.037,75.194,57.815,21.962,38.851,35.633,47.542,59.326,39.925,14.698
716,0.76538,3667.2,4546.9,8.7189,26.949,42.574,2703.0,74.957,120.4,0.3261,80.25,49.979,2631.3,25.191,50.873,3099.2,24.177,67.926,270.02,342.39,94.583,77.838,32.571,8.9764,25.869,6.8764,18.525,1.6893,33.255,13.801,23.438,1.1425,18.395,2.3626,4.8492,2.3308,0.014183,0.82353,0.097343,53.333,43.836,62.33,53.641,74.809,58.219,22.392,38.906,38.039,48.553,59.499,41.291,15.052
717,0.73326,3657.5,4522.5,8.9609,26.971,42.191,2705.8,75.713,120.4,0.31831,80.556,49.837,2635.4,25.752,49.009,3099.7,22.52,67.991,271.13,342.54,94.602,77.77,32.372,9.0361,25.965,6.9744,18.55,1.7146,33.095,13.923,23.225,1.2518,19.062,2.3559,4.866,2.224,0.014183,0.82353,0.097343,53.333,43.836,63.297,53.75,72.053,55.255,22.808,37.66,37.619,44.241,59.527,40.521,18.961
718,0.73382,3663.0,4519.2,8.925,26.927,42.649,2703.3,75.541,120.41,0.31616,80.37,50.825,2632.4,24.692,49.444,3098.9,22.028,68.067,270.06,342.61,94.532,77.159,32.372,9.0361,25.965,6.9744,18.55,1.7146,33.095,13.923,23.225,1.2518,19.062,2.3559,4.866,2.224,0.014183,0.82353,0.097343,53.333,43.836,63.202,53.789,71.998,56.488,22.557,37.922,40.529,45.248,59.748,41.349,20.17
719,0.74739,3638.3,4518.2,8.7515,26.718,42.374,2699.6,74.692,120.39,0.33196,80.078,51.553,2628.8,26.918,48.229,3096.9,23.715,68.018,270.44,342.31,94.69,77.264,32.575,8.9997,26.546,6.8805,18.704,1.769,33.152,13.896,23.515,1.1148,18.488,2.3797,4.8829,2.3102,0.014183,0.82353,0.097343,53.333,43.836,62.727,53.782,73.861,58.32,22.006,39.307,42.67,42.436,59.844,40.777,16.182
720,0.74719,3659.2,4528.9,8.8989,26.749,42.065,2701.4,75.89,120.41,0.33115,80.138,51.172,2631.2,26.197,47.458,3096.4,22.838,67.961,272.62,342.22,94.609,77.347,32.575,8.9997,26.546,6.8805,18.704,1.769,33.152,13.896,23.515,1.1148,18.488,2.3797,4.8829,2.3102,0.014183,0.82353,0.097343,53.333,43.836,62.367,53.654,73.881,55.813,22.662,39.406,41.548,40.65,59.782,41.358,18.27
721,0.72551,3660.8,4531.6,8.8193,26.817,42.367,2702.8,75.524,120.34,0.32798,80.26,48.859,2631.9,25.783,51.697,3096.9,23.09,67.936,269.31,342.23,94.625,77.463,32.111,8.8221,25.723,6.9026,18.64,1.7197,33.185,13.971,23.592,1.2248,18.853,2.3337,4.9028,2.3386,-0.010855,0.81968,0.10555,54.308,44.222,63.121,53.267,71.583,58.846,22.783,39.194,34.741,50.461,59.647,39.686,17.664
722,0.72764,3685.9,4489.2,8.8839,26.714,42.027,2702.9,75.461,120.44,0.32737,80.456,47.721,2632.4,24.21,51.573,3098.8,22.975,67.988,271.59,341.66,94.498,77.59,32.111,8.8221,25.723,6.9026,18.64,1.7197,33.185,13.971,23.592,1.2248,18.853,2.3337,4.9028,2.3386,-0.010855,0.81968,0.10555,54.308,44.222,62.688,53.773,71.374,56.8,22.306,39.269,31.393,50.175,59.328,42.028,17.911
723,0.76971,3651.5,4495.2,8.8047,27.034,42.183,2702.1,74.433,120.35,0.34044,80.429,51.012,2631.7,23.579,50.095,3099.4,22.108,68.041,268.81,341.99,94.611,77.542,32.377,8.8271,26.172,7.0923,18.479,1.7113,33.338,13.769,23.78,1.2792,18.881,2.3202,4.9015,2.337,-0.010855,0.81968,0.10555,54.308,44.222,63.077,53.878,75.736,57.393,22.242,39.854,41.078,46.754,59.456,39.782,19.962
724,0.77087,3686.1,4488.9,8.8225,26.96,42.488,2701.6,74.755,120.42,0.33649,80.322,50.633,2630.4,25.255,48.889,3098.4,22.607,68.026,268.79,341.67,94.588,77.395,32.377,8.8271,26.172,7.0923,18.479,1.7113,33.338,13.769,23.78,1.2792,18.881,2.3202,4.9015,2.337,-0.010855,0.81968,0.10555,54.308,44.222,62.482,53.954,75.622,58.137,22.33,40.336,39.963,43.963,59.34,41.763,18.787
725,0.74327,3590.5,4514.5,8.7676,27.186,42.035,2701.8,74.317,120.38,0.31505,80.295,51.539,2630.8,24.252,50.469,3097.5,21.92,68.016,268.15,341.72,94.655,77.482,32.35,8.8879,26.212,6.9338,18.695,1.678,33.163,13.72,23.584,1.0965,18.466,2.3587,4.7887,2.2419,-0.010855,0.81968,0.10555,54.308,44.222,62.355,54.079,73.169,57.808,22.545,37.605,42.629,47.619,59.28,40.69,20.42
726,0.74374,3562.4,4482.4,8.897,26.788,42.576,2703.7,74.766,120.39,0.31465,80.37,49.729,2632.3,24.365,48.509,3099.0,22.17,67.983,268.09,341.96,94.751,77.608,32.35,8.8879,26.212,6.9338,18.695,1.678,33.163,13.72,23.584,1.0965,18.466,2.3587,4.7887,2.2419,0.0088901,0.81725,0.11668,53.625,43.747,62.837,54.463,73.123,59.283,22.138,37.653,37.302,43.083,59.048,40.638,19.813
727,0.74431,3669.7,4509.1,8.7577,27.498,42.207,2703.6,74.46,120.38,0.30941,80.307,48.72,2632.5,25.608,49.39,3100.1,23.081,67.983,266.42,341.77,94.685,77.542,32.435,8.9964,26.207,6.867,18.53,1.6843,32.622,13.975,24.127,1.3948,18.767,2.3765,4.9152,2.2805,0.0088901,0.81725,0.11668,53.625,43.747,62.257,53.645,73.221,60.137,22.554,36.87,34.333,45.123,59.029,40.6,17.649
728,0.74249,3645.6,4509.7,8.7257,26.874,42.431,2703.6,75.592,120.41,0.30682,80.197,48.922,2632.2,25.475,50.013,3099.9,22.885,67.92,266.98,342.23,94.742,77.231,32.435,8.9964,26.207,6.867,18.53,1.6843,32.622,13.975,24.127,1.3948,18.767,2.3765,4.9152,2.2805,0.0088901,0.81725,0.11668,53.625,43.747,62.673,53.638,73.4,59.566,22.505,37.187,34.926,46.564,58.812,40.592,18.143
729,0.73346,3682.4,4529.6,8.8858,27.094,42.5,2702.7,75.118,120.4,0.33889,80.208,50.601,2631.4,24.612,47.919,3100.5,23.995,67.894,269.21,341.5,94.513,77.55,32.848,9.0799,25.866,6.7725,18.753,1.7569,33.066,13.792,23.679,1.1861,18.6,2.3331,4.869,2.3932,0.0088901,0.81725,0.11668,53.625,43.747,62.608,53.833,72.249,57.876,22.332,40.148,39.869,41.717,58.45,41.029,15.496
730,0.73298,3682.0,4523.0,8.9065,26.692,42.605,2705.6,74.688,120.44,0.33778,80.549,51.247,2634.9,24.074,49.357,3101.4,22.245,67.902,267.04,341.97,94.687,77.955,32.848,9.0799,25.866,6.7725,18.753,1.7569,33.066,13.792,23.679,1.1861,18.6,2.3331,4.869,2.3932,0.0088901,0.81725,0.11668,53.625,43.747,62.616,53.912,72.296,57.039,22.217,40.285,41.769,45.046,58.478,41.394,19.602
731,0.69054,3638.0,4475.7,8.7422,26.515,42.353,2702.9,74.856,120.39,0.31971,80.395,51.975,2631.7,26.628,49.961,3101.1,22.602,67.922,267.54,341.77,94.55,76.856,31.805,8.8269,26.395,6.7126,18.696,1.7512,33.31,13.839,23.582,1.3115,18.757,2.3759,4.8779,2.3459,0.038239,0.84,0.083445,53.248,43.913,64.26,53.953,67.69,57.437,21.877,37.661,43.911,46.443,58.171,40.971,18.822
732,0.68913,3651.6,4437.4,8.9104,26.875,42.819,2699.0,74.966,120.41,0.3169,80.136,48.559,2627.2,25.039,49.75,3096.5,22.919,67.85,265.5,340.91,94.704,77.297,31.805,8.8269,26.395,6.7126,18.696,1.7512,33.31,13.839,23.582,1.3115,18.757,2.3759,4.8779,2.3459,0.038239,0.84,0.083445,53.248,43.913,64.026,54.412,67.83,58.394,21.966,38.003,33.859,45.956,58.151,40.996,18.063
733,0.78891,3736.0,4495.6,8.7689,27.105,42.704,2699.8,74.696,120.41,0.32285,80.221,50.681,2629.0,25.159,50.585,3098.7,22.613,67.805,266.45,340.89,94.506,77.62,32.405,8.8344,26.459,6.8209,18.731,1.7053,33.113,13.65,24.097,1.2208,18.404,2.3315,4.9302,2.3227,0.038239,0.84,0.083445,53.248,43.913,63.231,53.864,77.572,60.877,22.127,38.547,40.104,47.887,57.865,41.295,18.772
734,0.79081,3723.0,4463.6,8.7897,26.653,42.287,2703.1,74.578,120.42,0.32281,80.449,50.436,2631.9,24.555,49.939,3100.5,23.317,67.824,262.3,340.86,94.452,77.335,32.405,8.8344,26.459,6.8209,18.731,1.7053,33.113,13.65,24.097,1.2208,18.404,2.3315,4.9302,2.3227,0.038239,0.84,0.083445,53.248,43.913,63.453,54.247,77.385,56.464,21.859,38.553,39.383,46.393,58.031,41.547,17.103
735,0.73026,3690.4,4449.7,8.8468,26.903,42.412,2702.2,74.794,120.39,0.3005,80.449,50.157,2630.7,26.337,48.975,3099.3,22.879,67.838,264.51,340.94,94.439,77.637,31.979,8.9525,26.244,6.8413,18.792,1.7204,32.68,13.916,23.361,1.257,18.729,2.3427,4.7563,2.2455,0.038239,0.84,0.083445,53.248,43.913,63.174,54.336,72.103,56.387,22.165,36.101,38.562,44.161,57.631,41.406,18.119
736,0.72883,3678.3,4465.4,8.6566,27.056,42.66,2701.5,74.826,120.41,0.30334,80.503,51.285,2630.1,25.706,49.354,3100.6,22.142,67.856,265.72,340.73,94.536,77.223,31.979,8.9525,26.244,6.8413,18.792,1.7204,32.68,13.916,23.361,1.257,18.729,2.3427,4.7563,2.2455,0.035175,0.82114,0.10172,53.105,43.189,63.382,54.148,72.243,58.354,21.84,35.754,41.881,45.039,57.887,40.992,19.889
737,0.77548,3693.4,4483.8,8.7719,26.569,42.174,2699.5,74.807,120.43,0.33159,80.369,50.042,2628.6,24.649,49.045,3098.0,22.411,67.849,265.5,340.21,94.519,77.125,32.238,8.9237,26.214,6.8862,18.836,1.6823,33.505,13.915,24.35,1.3636,18.461,2.3596,5.0003,2.4395,0.035175,0.82114,0.10172,53.105,43.189,62.991,53.783,75.746,55.827,21.84,39.349,38.223,44.324,57.948,42.002,19.262
738,0.77627,3700.3,4492.1,8.7142,26.736,42.116,2696.6,75.011,120.36,0.33109,80.133,50.316,2625.7,25.909,50.292,3096.5,24.003,67.8,265.42,340.36,94.65,77.056,32.238,8.9237,26.214,6.8862,18.836,1.6823,33.505,13.915,24.35,1.3636,18.461,2.3596,5.0003,2.4395,0.035175,0.82114,0.10172,53.105,43.189,62.872,53.683,75.668,59.652,21.629,39.41,39.03,47.211,58.003,40.39,15.519
739,0.75078,3673.3,4459.2,8.7323,26.896,42.26,2698.0,74.834,120.41,0.33317,80.215,48.711,2626.2,25.237,50.878,3095.5,23.643,67.787,267.13,340.74,94.699,77.223,32.153,8.7964,26.503,6.9051,18.921,1.6955,32.705,13.754,23.59,1.3011,19.116,2.3622,4.9398,2.1996,0.035175,0.82114,0.10172,53.105,43.189,62.96,53.963,73.412,58.021,21.989,39.283,34.308,48.565,57.9,41.497,16.363
740,0.74862,3672.5,4482.6,8.7846,26.771,42.598,2696.0,75.427,120.36,0.3335,80.225,49.916,2624.8,23.723,49.433,3094.9,22.313,67.768,264.14,340.41,94.64,77.555,32.153,8.7964,26.503,6.9051,18.921,1.6955,32.705,13.754,23.59,1.3011,19.116,2.3622,4.9398,2.1996,0.035175,0.82114,0.10172,53.105,43.189,62.974,53.683,73.626,57.78,21.69,39.242,37.852,45.223,58.213,40.064,19.508
741,0.75413,3648.5,4493.3,8.8619,26.763,42.413,2697.5,74.665,120.42,0.31387,80.293,51.15,2625.8,24.583,49.318,3094.8,22.782,67.771,262.32,340.16,94.734,77.281,32.011,8.9371,26.255,6.9265,18.621,1.6805,32.913,13.862,23.85,1.3987,18.698,2.3577,4.8252,2.3248,0.03197,0.82775,0.10471,54.688,43.855,63.208,53.327,74.675,58.085,21.574,37.344,41.483,44.955,57.931,41.815,18.414
742,0.75743,3666.9,4494.6,8.7417,27.033,42.439,2697.4,76.103,120.38,0.31402,80.188,50.191,2625.6,24.344,50.957,3094.6,22.498,67.746,262.4,340.69,94.581,77.228,32.011,8.9371,26.255,6.9265,18.621,1.6805,32.913,13.862,23.85,1.3987,18.698,2.3577,4.8252,2.3248,0.03197,0.82775,0.10471,54.688,43.855,62.892,53.312,74.351,57.495,22.121,37.326,38.663,48.748,57.758,40.027,19.108
743,0.77491,3675.8,4509.3,8.9171,27.031,42.425,2700.7,75.771,120.42,0.32764,80.491,49.238,2629.5,26.881,49.524,3097.7,23.867,67.752,261.59,340.64,94.716,77.75,32.149,8.8944,26.115,6.8258,18.557,1.7037,32.723,13.718,23.911,1.3021,18.442,2.3386,4.9466,2.2318,0.03197,0.82775,0.10471,54.688,43.855,62.519,53.874,75.548,57.287,22.193,38.529,35.858,45.433,57.665,41.24,15.806
744,0.7707,3677.4,4514.1,8.7754,26.897,42.251,2702.6,75.702,120.4,0.3254,80.708,49.378,2630.6,24.324,50.844,3100.4,22.396,67.838,261.7,340.45,94.565,77.484,32.149,8.8944,26.115,6.8258,18.557,1.7037,32.723,13.718,23.911,1.3021,18.442,2.3386,4.9466,2.2318,0.03197,0.82775,0.10471,54.688,43.855,62.492,53.816,75.961,59.168,22.043,38.804,36.269,48.488,57.482,40.877,19.289
745,0.76239,3650.5,4503.5,8.7508,26.91,42.514,2701.1,75.61,120.4,0.30914,80.485,51.636,2629.0,24.428,51.977,3100.6,23.453,67.857,261.47,340.1,94.564,77.452,32.101,8.8242,26.102,7.0427,18.795,1.6813,32.887,13.776,23.735,1.525,18.509,2.3023,4.9189,2.3291,0.03197,0.82775,0.10471,54.688,43.855,63.843,54.131,74.391,58.472,21.784,36.877,42.916,51.11,57.33,41.81,16.786
746,0.75942,3659.1,4529.7,8.7069,26.443,42.222,2700.9,74.662,120.4,0.30791,80.439,49.749,2630.1,25.621,50.613,3099.1,22.919,67.857,260.4,340.18,94.645,77.271,32.101,8.8242,26.102,7.0427,18.795,1.6813,32.887,13.776,23.735,1.525,18.509,2.3023,4.9189,2.3291,-0.0053332,0.82004,0.086971,54.143,43.209,63.695,53.817,74.683,58.614,21.819,37.028,37.361,47.952,57.405,40.502,18.062
747,0.7662,3631.3,4493.3,8.7442,27.164,42.234,2699.7,74.781,120.38,0.31336,80.348,50.337,2627.9,25.038,50.286,3098.4,22.897,67.798,260.2,340.16,94.638,77.219,32.33,8.8305,26.042,6.9518,19.173,1.7039,33.117,13.77,23.607,1.2229,18.94,2.3548,5.061,2.2962,-0.0053332,0.82004,0.086971,54.143,43.209,62.222,53.685,75.048,58.174,21.864,37.814,39.092,47.196,57.321,40.684,18.125
748,0.76415,3608.0,4489.7,8.7658,27.117,42.294,2699.8,74.613,120.39,0.31528,80.253,50.147,2628.0,25.798,49.692,3096.3,21.923,67.745,263.02,340.58,94.705,76.977,32.33,8.8305,26.042,6.9518,19.173,1.7039,33.117,13.77,23.607,1.2229,18.94,2.3548,5.061,2.2962,-0.0053332,0.82004,0.086971,54.143,43.209,62.623,53.728,75.248,58.435,22.141,37.58,38.534,45.822,56.969,40.522,20.469
749,0.7417,3650.9,4449.4,8.7767,26.413,42.383,2697.5,75.28,120.39,0.31401,80.027,49.697,2626.2,25.21,50.159,3094.3,22.557,67.635,259.65,340.63,94.807,77.056,32.04,8.9053,26.349,6.9744,18.913,1.7094,32.784,13.737,23.948,1.1582,18.92,2.3567,4.938,2.2115,-0.0053332,0.82004,0.086971,54.143,43.209,62.573,53.248,73.049,57.654,21.839,37.495,37.209,46.903,57.176,40.558,18.985
750,0.74217,3679.1,4444.7,8.7591,27.261,42.461,2698.0,74.747,120.4,0.31387,80.07,48.847,2625.8,24.481,50.625,3093.9,23.012,67.579,261.82,341.0,94.797,77.236,32.04,8.9053,26.349,6.9744,18.913,1.7094,32.784,13.737,23.948,1.1582,18.92,2.3567,4.938,2.2115,-0.0053332,0.82004,0.086971,54.143,43.209,62.088,53.304,73.003,56.623,22.374,37.511,34.707,47.979,56.889,39.904,17.905
751,0.77092,3621.6,4505.1,8.8288,27.062,42.061,2702.0,75.133,120.43,0.30802,80.419,50.609,2630.8,26.276,48.662,3098.2,21.921,67.593,262.16,340.8,94.699,77.518,32.394,8.9048,26.787,6.8698,19.001,1.6872,32.83,13.668,23.748,1.2126,18.534,2.3212,4.8667,2.2927,0.024628,0.84755,0.11452,53.997,42.689,62.803,53.176,75.696,58.445,22.412,37.233,39.893,43.437,56.548,40.906,20.461
752,0.77195,3633.4,4507.4,8.8305,27.027,42.187,2702.0,75.148,120.39,0.31159,80.351,47.709,2631.1,26.552,47.002,3098.9,22.881,67.61,257.63,340.76,94.644,77.246,32.394,8.9048,26.787,6.8698,19.001,1.6872,32.83,13.668,23.748,1.2126,18.534,2.3212,4.8667,2.2927,0.024628,0.84755,0.11452,53.997,42.689,62.6,53.149,75.595,58.341,22.47,36.797,31.357,39.595,56.759,40.055,18.201
753,0.7334,3647.9,4447.6,8.868,26.913,42.266,2702.6,74.78,120.44,0.3017,80.352,48.254,2631.5,25.568,47.912,3098.6,22.51,67.595,260.18,340.78,94.73,77.637,32.038,8.9841,26.455,6.8556,18.761,1.7016,33.106,13.872,23.625,1.3805,19.013,2.3087,4.8121,2.3109,0.024628,0.84755,0.11452,53.997,42.689,63.229,53.617,72.587,58.109,22.433,35.979,32.963,41.701,56.34,41.481,19.057
754,0.73932,3678.1,4445.9,8.8349,26.874,42.252,2700.9,75.761,120.4,0.30287,80.372,50.56,2629.3,26.139,48.276,3099.5,23.301,67.611,257.51,340.28,94.539,77.488,32.038,8.9841,26.455,6.8556,18.761,1.7016,33.106,13.872,23.625,1.3805,19.013,2.3087,4.8121,2.3109,0.024628,0.84755,0.11452,53.997,42.689,62.71,53.636,72.004,57.086,21.839,35.837,39.747,42.545,56.387,40.552,17.179
755,0.7709,3660.3,4530.4,8.7428,26.897,42.204,2703.6,75.858,120.43,0.32245,80.595,48.84,2632.4,24.543,48.26,3100.9,22.518,67.641,256.87,340.58,94.652,77.793,32.424,8.8928,26.844,6.7967,18.544,1.7483,33.051,13.722,23.879,1.4832,18.996,2.3539,4.9435,2.2521,0.024628,0.84755,0.11452,53.997,42.689,63.16,53.196,75.617,59.512,22.021,38.824,34.685,42.508,56.252,41.272,18.998
756,0.76737,3682.2,4499.4,8.7073,26.946,42.463,2699.3,75.014,120.4,0.326,80.254,51.084,2627.9,23.524,50.236,3099.0,22.522,67.643,261.72,340.29,94.677,76.931,32.424,8.8928,26.844,6.7967,18.544,1.7483,33.051,13.722,23.879,1.4832,18.996,2.3539,4.9435,2.2521,0.019835,0.82648,0.09983,53.537,43.062,62.782,53.567,75.963,58.815,21.598,38.39,41.29,47.081,56.328,41.317,19.061
757,0.73347,3679.4,4513.9,8.7774,26.704,42.163,2698.8,74.68,120.41,0.30659,80.05,48.867,2626.9,25.576,51.033,3096.0,23.688,67.583,261.53,340.7,94.665,76.906,32.043,8.83,26.118,6.7761,18.525,1.7352,32.694,13.85,24.168,1.3069,18.693,2.3761,4.8707,2.4416,0.019835,0.82648,0.09983,53.537,43.062,63.399,53.948,71.865,57.062,21.921,36.701,34.767,48.925,56.461,41.575,16.318
758,0.73095,3707.4,4529.8,8.8042,26.888,42.144,2698.0,75.263,120.39,0.30499,80.077,50.12,2626.4,25.187,47.873,3096.2,24.533,67.52,260.59,340.43,94.663,77.234,32.043,8.83,26.118,6.7761,18.525,1.7352,32.694,13.85,24.168,1.3069,18.693,2.3761,4.8707,2.4416,0.019835,0.82648,0.09983,53.537,43.062,62.917,53.758,72.113,56.742,21.574,36.896,38.454,41.611,56.665,40.416,14.302
759,0.76722,3669.0,4531.8,8.889,27.052,42.346,2701.0,74.499,120.42,0.32071,80.361,52.068,2629.5,24.631,51.425,3098.5,23.348,67.56,261.92,340.28,94.602,77.452,32.417,8.9679,26.712,6.8325,18.927,1.7256,32.714,13.919,24.124,1.3268,18.54,2.3379,4.7601,2.3605,0.019835,0.82648,0.09983,53.537,43.062,63.849,53.822,75.713,58.646,22.305,38.352,44.185,49.832,56.664,41.472,17.091
760,0.76691,3706.5,4497.0,8.8198,26.748,41.877,2701.5,74.922,120.4,0.32051,80.46,51.729,2630.2,25.086,50.545,3099.0,22.441,67.613,261.2,339.81,94.42,77.51,32.417,8.9679,26.712,6.8325,18.927,1.7256,32.714,13.919,24.124,1.3268,18.54,2.3379,4.7601,2.3605,0.019835,0.82648,0.09983,53.537,43.062,63.205,54.238,75.743,60.158,22.063,38.376,43.188,47.795,56.841,40.935,19.23
761,0.73364,3699.7,4497.6,8.8973,26.79,42.013,2700.9,74.687,120.39,0.32952,80.585,49.825,2629.7,25.034,49.496,3099.9,22.782,67.634,259.75,340.29,94.604,77.601,31.785,8.9194,26.647,6.8733,18.577,1.7441,32.588,13.943,24.248,1.1934,18.983,2.3386,4.826,2.2726,-0.00082191,0.85357,0.10354,54.36,43.465,62.899,53.252,71.806,56.744,21.708,39.228,37.584,45.367,56.544,41.529,18.396
762,0.73191,3710.9,4477.9,8.7672,26.847,42.591,2698.3,75.078,120.39,0.32992,80.435,50.119,2626.0,25.716,50.509,3098.0,23.164,67.705,257.76,339.31,94.568,77.273,31.785,8.9194,26.647,6.8733,18.577,1.7441,32.588,13.943,24.248,1.1934,18.983,2.3386,4.826,2.2726,-0.00082191,0.85357,0.10354,54.36,43.465,62.707,53.487,71.976,56.767,21.453,39.178,38.45,47.712,56.598,41.059,17.512
763,0.79449,3681.9,4516.6,8.7389,27.121,42.324,2698.5,74.481,120.39,0.32929,80.453,49.367,2626.2,26.943,48.759,3097.0,23.238,67.687,258.34,339.3,94.66,77.597,31.909,9.0536,26.022,6.9913,18.779,1.7232,33.023,13.748,23.602,1.1853,18.45,2.385,4.9824,2.3228,-0.00082191,0.85357,0.10354,54.36,43.465,62.875,53.888,78.022,58.481,21.75,40.052,36.237,43.661,56.424,41.0,17.315
764,0.7927,3640.3,4472.4,8.8619,26.667,42.347,2700.0,75.216,120.41,0.32826,80.615,50.036,2628.7,24.406,49.789,3098.8,22.607,67.692,260.08,339.88,94.476,77.534,31.909,9.0536,26.022,6.9913,18.779,1.7232,33.023,13.748,23.602,1.1853,18.45,2.385,4.9824,2.3228,-0.00082191,0.85357,0.10354,54.36,43.465,63.591,54.417,78.198,58.246,21.659,40.178,38.205,46.046,56.145,41.595,18.801
765,0.78523,3613.6,4471.3,8.6835,26.83,41.982,2699.0,75.065,120.37,0.31258,80.436,49.069,2627.3,27.909,48.12,3096.8,22.598,67.708,256.3,339.59,94.746,77.321,32.45,8.9712,26.255,6.8297,18.971,1.7209,32.607,13.935,23.582,1.436,19.245,2.375,4.9415,2.4007,-0.00082191,0.85357,0.10354,54.36,43.465,62.969,53.952,77.271,59.255,21.631,36.907,35.359,42.183,56.359,41.034,18.836
766,0.78509,3624.1,4469.0,8.817,26.925,42.33,2698.3,74.525,120.39,0.31234,80.314,48.709,2626.8,25.098,50.656,3097.7,22.694,67.668,259.76,339.78,94.639,77.268,32.45,8.9712,26.255,6.8297,18.971,1.7209,32.607,13.935,23.582,1.436,19.245,2.375,4.9415,2.4007,0.020489,0.83729,0.10028,54.651,43.962,62.787,53.98,77.285,56.412,21.444,36.936,34.301,48.053,56.631,40.921,18.624
767,0.73343,3672.7,4483.8,8.7468,27.363,42.265,2697.7,75.367,120.39,0.33093,80.269,48.911,2625.7,26.051,48.614,3094.8,22.658,67.613,259.78,339.94,94.748,77.2,31.89,8.9807,25.978,7.101,19.127,1.6637,32.724,13.793,23.34,1.3105,19.253,2.3543,4.9417,2.2876,0.020489,0.83729,0.10028,54.651,43.962,63.342,53.314,72.086,58.479,22.103,39.702,34.894,43.325,56.816,41.27,18.731
768,0.73137,3688.7,4462.5,8.7475,27.317,42.049,2695.9,74.826,120.37,0.33031,80.215,50.216,2624.1,25.456,49.032,3094.3,23.437,67.615,261.8,339.62,94.663,77.211,31.89,8.9807,25.978,7.101,19.127,1.6637,32.724,13.793,23.34,1.3105,19.253,2.3543,4.9417,2.2876,0.020489,0.83729,0.10028,54.651,43.962,63.068,53.569,72.288,58.086,22.065,39.778,38.736,44.294,56.823,40.744,16.882
769,0.78806,3590.2,4457.7,8.7237,27.01,41.8,2699.1,74.971,120.4,0.31883,80.505,49.009,2627.0,25.108,49.887,3095.7,24.228,67.637,262.34,340.26,94.644,77.566,31.946,9.0339,26.068,6.8047,18.509,1.7376,32.868,13.646,24.033,1.1922,18.631,2.3616,4.9563,2.2857,0.020489,0.83729,0.10028,54.651,43.962,62.304,53.197,77.402,57.785,22.156,37.438,35.183,46.272,56.96,41.135,14.969
770,0.78621,3631.0,4477.1,8.7916,26.801,41.801,2701.0,75.911,120.39,0.3174,80.592,50.469,2629.6,26.453,49.852,3098.0,22.325,67.714,260.6,340.09,94.727,77.503,31.946,9.0339,26.068,6.8047,18.509,1.7376,32.868,13.646,24.033,1.1922,18.631,2.3616,4.9563,2.2857,0.020489,0.83729,0.10028,54.651,43.962,61.6,52.965,77.584,56.922,21.866,37.612,39.482,46.193,57.294,40.104,19.473
771,0.78631,3678.5,4534.6,8.7821,26.94,41.928,2702.2,75.623,120.43,0.30227,80.523,50.218,2631.4,24.433,50.715,3101.2,23.209,67.77,258.58,340.17,94.643,77.518,32.164,8.8353,26.26,6.9073,18.971,1.7387,33.249,13.857,23.359,1.3077,18.92,2.3293,4.8345,2.3025,0.010272,0.85308,0.1026,53.446,44.44,63.316,53.787,77.074,57.883,22.092,35.375,38.742,48.189,57.253,41.625,17.368
772,0.78395,3655.9,4491.4,8.7413,27.201,41.844,2701.8,75.871,120.42,0.29588,80.374,50.212,2629.9,23.595,49.996,3100.2,23.727,67.761,258.73,340.47,94.575,76.91,32.164,8.8353,26.26,6.9073,18.971,1.7387,33.249,13.857,23.359,1.3077,18.92,2.3293,4.8345,2.3025,0.010272,0.85308,0.1026,53.446,44.44,63.705,54.304,77.306,57.56,22.156,36.155,38.724,46.524,57.245,41.853,16.185
773,0.76744,3681.1,4482.0,8.6969,26.814,42.418,2696.7,74.694,120.36,0.32551,79.982,51.764,2626.0,23.186,51.752,3095.4,21.854,67.693,260.85,340.77,94.705,76.695,32.492,9.0588,26.153,6.7914,19.129,1.7668,32.623,13.843,23.811,1.2312,18.862,2.3505,4.9699,2.2567,0.010272,0.85308,0.1026,53.446,44.44,62.397,53.289,75.048,57.572,22.043,38.077,43.291,50.589,57.067,40.106,20.684
774,0.76891,3633.6,4463.3,8.8007,27.17,42.336,2696.4,74.929,120.4,0.32311,79.976,49.605,2625.1,25.036,52.283,3094.8,22.999,67.547,261.3,340.65,94.715,77.154,32.492,9.0588,26.153,6.7914,19.129,1.7668,32.623,13.843,23.811,1.2312,18.862,2.3505,4.9699,2.2567,0.010272,0.85308,0.1026,53.446,44.44,63.214,53.513,74.903,57.364,21.884,38.37,36.937,51.817,57.045,40.436,17.958
775,0.73107,3711.0,4480.1,8.8103,26.681,42.552,2699.1,75.399,120.4,0.32326,80.302,49.247,2628.6,26.051,51.075,3095.5,23.39,67.56,261.53,340.74,94.675,77.555,32.324,8.8478,25.648,6.9538,19.216,1.707,33.39,13.793,23.393,1.2044,18.678,2.3974,4.8534,2.2967,0.010272,0.85308,0.1026,53.446,44.44,62.928,52.877,72.106,58.53,22.201,38.004,35.885,49.022,57.038,40.862,16.991
776,0.73172,3683.7,4460.0,8.8296,26.987,41.856,2699.8,74.75,120.41,0.3214,80.545,50.58,2628.5,25.678,48.351,3096.9,23.542,67.635,264.27,339.9,94.476,77.68,32.324,8.8478,25.648,6.9538,19.216,1.707,33.39,13.793,23.393,1.2044,18.678,2.3974,4.8534,2.2967,0.01455,0.85657,0.1063,53.421,44.521,63.399,53.118,72.043,56.559,22.042,38.23,39.807,42.719,57.224,41.177,16.602
777,0.74598,3624.0,4453.3,8.669,26.811,42.109,2699.9,75.385,120.4,0.31601,80.58,50.011,2628.2,23.74,49.829,3096.3,22.181,67.732,263.55,340.36,94.61,77.34,32.219,8.8871,26.14,6.8392,19.082,1.6986,33.111,13.823,23.728,1.2701,18.832,2.4121,4.8879,2.2816,0.01455,0.85657,0.1063,53.421,44.521,63.011,52.916,73.385,57.54,21.844,37.556,38.134,46.138,57.476,41.023,19.841
778,0.74657,3642.0,4439.9,8.8052,26.931,42.372,2696.3,75.12,120.38,0.3166,80.302,50.483,2624.7,25.338,49.871,3094.4,21.648,67.772,264.51,340.22,94.722,77.198,32.219,8.8871,26.14,6.8392,19.082,1.6986,33.111,13.823,23.728,1.2701,18.832,2.4121,4.8879,2.2816,0.01455,0.85657,0.1063,53.421,44.521,62.7,53.077,73.328,56.496,21.839,37.485,39.522,46.235,57.578,40.48,21.129
779,0.75469,3667.1,4442.6,8.9065,27.073,42.397,2696.0,75.354,120.38,0.31833,80.201,49.688,2624.9,26.474,49.197,3094.1,22.991,67.729,264.93,340.76,94.705,77.153,31.999,8.9967,26.596,6.8646,18.864,1.7324,32.827,13.888,23.989,1.3197,18.861,2.3936,4.909,2.3829,0.01455,0.85657,0.1063,53.421,44.521,63.26,53.312,74.349,56.45,21.98,38.048,37.183,44.676,57.732,41.404,17.956
780,0.7537,3681.7,4472.6,8.81,26.641,42.389,2696.8,74.44,120.41,0.31919,80.223,50.221,2626.1,23.698,51.508,3093.6,22.503,67.707,265.65,340.91,94.654,77.33,31.999,8.9967,26.596,6.8646,18.864,1.7324,32.827,13.888,23.989,1.3197,18.861,2.3936,4.909,2.3829,0.01455,0.85657,0.1063,53.421,44.521,63.01,52.952,74.446,58.467,22.202,37.944,38.751,50.025,57.86,41.252,19.115
781,0.77797,3633.1,4466.4,8.9131,26.893,42.393,2697.4,74.849,120.41,0.32079,80.154,50.291,2625.5,27.027,48.094,3095.2,23.228,67.69,265.12,340.15,94.65,77.109,32.235,8.902,26.731,6.9576,18.905,1.7023,32.776,13.901,23.99,1.3787,18.957,2.334,4.8273,2.3275,-0.0047734,0.8442,0.099403,53.805,43.572,63.651,53.529,76.412,56.874,21.723,39.547,38.956,42.122,58.224,41.328,17.422
782,0.77981,3620.1,4474.6,8.9272,27.073,41.926,2700.6,74.145,120.4,0.32131,80.373,49.989,2629.1,26.809,49.159,3097.2,24.227,67.702,265.46,340.2,94.674,77.695,32.235,8.902,26.731,6.9576,18.905,1.7023,32.776,13.901,23.99,1.3787,18.957,2.334,4.8273,2.3275,-0.0047734,0.8442,0.099403,53.805,43.572,63.874,53.431,76.23,57.99,22.08,39.485,38.069,44.588,58.437,41.125,15.0
783,0.75597,3604.8,4451.9,8.8332,27.052,42.254,2701.5,74.949,120.41,0.32859,80.507,50.168,2630.3,25.068,50.858,3098.6,21.617,67.794,267.43,340.64,94.602,77.664,31.958,8.849,25.96,6.749,18.784,1.7083,33.136,13.922,24.082,1.2273,18.594,2.3894,4.8958,2.2933,-0.0047734,0.8442,0.099403,53.805,43.572,63.294,53.583,74.232,57.024,22.082,39.032,38.596,48.519,58.5,41.065,21.176
784,0.75413,3640.2,4444.2,8.8321,26.535,42.221,2702.4,74.464,120.41,0.32437,80.509,49.795,2630.9,25.03,50.148,3099.7,23.639,67.888,266.29,340.89,94.74,77.722,31.958,8.849,25.96,6.749,18.784,1.7083,33.136,13.922,24.082,1.2273,18.594,2.3894,4.8958,2.2933,-0.0047734,0.8442,0.099403,53.805,43.572,62.686,53.674,74.413,56.229,22.003,39.547,37.496,46.877,58.839,41.575,16.362
785,0.78386,3690.4,4508.3,8.7972,26.424,42.206,2703.0,74.273,120.4,0.32853,80.459,48.479,2632.2,25.664,48.756,3101.1,23.371,67.932,266.05,340.9,94.405,77.461,32.325,8.957,26.146,6.9376,18.671,1.702,32.431,13.799,23.875,1.2509,18.473,2.3679,4.803,2.3493,-0.0047734,0.8442,0.099403,53.805,43.572,63.678,53.194,76.945,60.177,21.746,39.736,33.625,43.654,59.095,41.484,17.007
786,0.78426,3702.4,4438.9,8.7921,26.922,42.515,2702.0,74.554,120.41,0.33064,80.339,49.839,2629.9,26.443,49.312,3101.5,24.024,67.929,267.4,340.36,94.608,77.236,32.325,8.957,26.146,6.9376,18.671,1.702,32.431,13.799,23.875,1.2509,18.473,2.3679,4.803,2.3493,-0.00059957,0.82234,0.1015,53.507,45.003,63.473,54.024,76.906,58.29,21.896,39.478,37.627,44.942,58.92,41.361,15.476
787,0.74686,3658.0,4486.8,8.9465,26.896,42.407,2701.6,74.83,120.4,0.3195,80.241,51.347,2630.1,26.219,49.396,3099.9,22.815,67.902,266.74,340.79,94.49,77.384,32.779,8.9714,25.938,6.7722,18.818,1.7632,33.16,13.645,23.775,1.3016,18.914,2.3814,4.9628,2.4094,-0.00059957,0.82234,0.1015,53.507,45.003,62.619,53.737,73.686,57.435,21.978,37.616,42.063,45.136,59.09,41.111,18.338
788,0.74846,3655.7,4467.9,8.9429,27.139,42.481,2703.4,74.282,120.38,0.31787,80.446,50.241,2633.3,23.771,49.688,3100.1,23.532,67.927,267.31,341.4,94.612,77.508,32.779,8.9714,25.938,6.7722,18.818,1.7632,33.16,13.645,23.775,1.3016,18.914,2.3814,4.9628,2.4094,-0.00059957,0.82234,0.1015,53.507,45.003,62.657,53.963,73.528,56.829,22.357,37.815,38.81,45.813,59.149,41.33,16.622
789,0.69876,3685.0,4505.4,8.8733,26.764,42.334,2702.2,74.51,120.4,0.30405,80.215,49.086,2630.9,25.298,50.245,3098.9,22.769,67.905,268.92,341.37,94.583,77.088,32.359,8.7023,26.036,6.9993,18.904,1.7275,33.214,13.813,24.162,1.3224,18.467,2.354,4.8807,2.3072,-0.00059957,0.82234,0.1015,53.507,45.003,63.629,53.157,69.051,57.011,22.022,35.229,35.409,47.101,59.116,41.034,18.465
790,0.69964,3709.6,4461.2,8.698,26.861,42.553,2703.4,75.181,120.41,0.29964,80.376,49.58,2632.3,25.065,49.458,3099.7,21.535,67.892,269.84,340.98,94.482,77.405,32.359,8.7023,26.036,6.9993,18.904,1.7275,33.214,13.813,24.162,1.3224,18.467,2.354,4.8807,2.3072,-0.00059957,0.82234,0.1015,53.507,45.003,63.206,53.687,68.965,57.695,22.124,35.767,36.865,45.279,59.145,40.862,21.363
791,0.7372,3644.1,4436.7,8.7995,26.977,42.293,2700.5,75.145,120.39,0.31597,80.234,48.162,2628.9,26.094,49.304,3099.1,23.544,67.922,266.78,340.49,94.753,77.304,32.215,8.8653,26.594,6.8461,19.503,1.7462,32.901,13.962,23.509,1.2416,18.891,2.3812,4.9317,2.2962,0.0076097,0.82881,0.10514,54.414,43.465,62.338,53.754,72.477,56.498,21.896,38.124,32.692,44.922,58.963,40.636,16.611
792,0.73669,3638.8,4459.2,8.9154,27.092,42.445,2702.5,75.074,120.4,0.31668,80.311,48.128,2631.2,25.193,50.288,3098.7,23.111,67.892,267.3,340.92,94.654,77.65,32.215,8.8653,26.594,6.8461,19.503,1.7462,32.901,13.962,23.509,1.2416,18.891,2.3812,4.9317,2.2962,0.0076097,0.82881,0.10514,54.414,43.465,62.43,53.486,72.528,57.514,22.245,38.038,32.59,47.201,58.782,41.611,17.613
793,0.75166,3673.6,4401.6,8.8614,26.73,42.354,2703.3,75.902,120.41,0.33553,80.388,50.98,2631.8,26.078,50.136,3100.6,23.086,67.895,266.6,340.66,94.656,77.692,32.123,8.8393,26.504,6.9341,18.759,1.7445,32.638,13.86,24.048,1.1486,18.682,2.3534,4.921,2.3972,0.0076097,0.82881,0.10514,54.414,43.465,63.136,52.633,73.583,58.004,22.248,39.829,40.984,46.849,58.711,40.429,17.665
794,0.74986,3674.4,4417.5,8.8661,27.221,42.345,2702.9,74.902,120.4,0.33712,80.314,49.695,2631.2,24.879,49.167,3100.0,22.445,67.879,268.08,340.91,94.619,77.607,32.123,8.8393,26.504,6.9341,18.759,1.7445,32.638,13.86,24.048,1.1486,18.682,2.3534,4.921,2.3972,0.0076097,0.82881,0.10514,54.414,43.465,63.122,52.443,73.761,58.968,22.224,39.635,37.202,44.607,58.442,41.499,19.188
795,0.7598,3646.0,4455.6,8.8475,26.862,42.093,2705.0,73.904,120.39,0.32361,80.509,51.071,2633.7,25.47,49.695,3102.9,21.579,67.926,264.27,340.99,94.558,77.527,31.921,9.1046,26.875,7.0748,18.725,1.7021,32.659,13.786,24.482,1.1681,18.967,2.32,4.901,2.3714,0.0076097,0.82881,0.10514,54.414,43.465,62.831,53.753,74.584,56.527,21.998,38.679,41.251,45.829,58.646,40.958,21.227
796,0.75906,3672.7,4470.6,8.8522,26.727,42.127,2704.9,73.674,120.4,0.32402,80.245,49.711,2632.4,24.627,49.826,3102.2,22.859,67.899,267.6,341.0,94.712,77.241,31.921,9.1046,26.875,7.0748,18.725,1.7021,32.659,13.786,24.482,1.1681,18.967,2.32,4.901,2.3714,0.021454,0.80785,0.09954,53.893,44.153,62.372,53.573,74.656,58.444,21.995,38.629,37.249,46.132,58.362,40.962,18.217
797,0.77951,3645.0,4463.3,8.8311,27.144,42.194,2708.6,75.402,120.39,0.31816,80.355,49.27,2638.2,26.051,48.793,3103.4,23.85,67.888,265.77,341.89,94.605,77.655,32.496,8.8953,26.25,6.7718,18.939,1.6628,33.203,13.825,24.034,1.4215,18.228,2.2721,4.8848,2.2777,0.021454,0.80785,0.09954,53.893,44.153,61.499,53.75,76.828,57.682,22.63,37.351,35.953,43.741,58.458,40.357,15.827
798,0.77901,3624.5,4436.1,8.8655,26.82,42.584,2709.8,74.346,120.42,0.31602,80.234,50.993,2638.6,23.935,51.27,3105.8,21.944,67.852,267.47,342.3,94.763,77.092,32.496,8.8953,26.25,6.7718,18.939,1.6628,33.203,13.825,24.034,1.4215,18.228,2.2721,4.8848,2.2777,0.021454,0.80785,0.09954,53.893,44.153,61.852,54.076,76.876,57.746,22.266,37.611,41.021,49.473,58.238,41.691,20.394
799,0.72382,3652.9,4460.1,8.8425,27.187,42.338,2706.0,75.103,120.38,0.32277,79.729,49.952,2634.3,25.623,48.425,3103.5,22.451,67.758,267.06,342.57,94.66,76.849,32.122,8.8532,26.525,6.9821,18.5,1.7228,32.797,13.753,24.563,1.1672,18.461,2.3037,4.8254,2.2959,0.021454,0.80785,0.09954,53.893,44.153,63.982,53.253,71.321,58.041,22.57,37.807,37.96,42.889,58.214,40.997,19.248
800,0.72413,3687.6,4451.4,8.8675,26.996,42.113,2708.5,74.338,120.41,0.32226,79.914,51.188,2638.1,26.33,49.058,3103.0,22.56,67.618,266.31,342.29,94.634,77.511,32.122,8.8532,26.525,6.9821,18.5,1.7228,32.797,13.753,24.563,1.1672,18.461,2.3037,4.8254,2.2959,0.021454,0.80785,0.09954,53.893,44.153,63.384,53.358,71.29,56.051,22.806,37.869,41.596,44.354,58.224,42.073,18.952
801,0.75847,3599.1,4466.9,8.8264,27.101,42.187,2713.6,74.545,120.4,0.31212,80.341,50.531,2643.1,22.395,51.386,3107.2,23.187,67.648,263.91,342.87,94.503,77.697,32.402,8.9381,26.645,6.8315,18.962,1.732,33.071,13.826,24.069,1.1046,18.114,2.3084,4.932,2.2863,0.017542,0.84591,0.097573,53.398,44.617,63.067,54.258,74.776,60.483,23.143,37.127,39.664,49.742,57.81,41.162,17.425
802,0.76158,3629.3,4512.2,8.9365,26.496,42.211,2714.6,74.336,120.42,0.31326,80.364,51.222,2644.1,24.95,48.897,3110.5,23.316,67.738,263.25,342.21,94.681,77.577,32.402,8.9381,26.645,6.8315,18.962,1.732,33.071,13.826,24.069,1.1046,18.114,2.3084,4.932,2.2863,0.017542,0.84591,0.097573,53.398,44.617,62.548,53.716,74.47,57.458,22.605,36.988,41.695,43.982,57.555,41.924,17.103
803,0.73078,3664.1,4480.2,8.7883,26.721,42.44,2713.4,74.062,120.41,0.31965,80.189,49.492,2642.5,22.237,49.133,3109.1,23.595,67.722,266.24,342.61,94.512,77.394,31.595,8.848,26.63,7.0407,18.397,1.7071,32.995,13.878,23.937,1.3387,18.312,2.2927,4.7426,2.2215,0.017542,0.84591,0.097573,53.398,44.617,63.247,52.973,72.018,58.755,22.659,38.12,36.605,44.527,56.978,40.933,16.458
804,0.73122,3677.1,4490.0,8.9574,27.356,42.188,2712.0,74.923,120.39,0.3193,80.107,51.911,2640.9,25.214,49.127,3107.9,23.694,67.677,261.44,341.96,94.593,77.304,31.595,8.848,26.63,7.0407,18.397,1.7071,32.995,13.878,23.937,1.3387,18.312,2.2927,4.7426,2.2215,0.017542,0.84591,0.097573,53.398,44.617,63.023,52.856,71.975,56.578,22.76,38.163,43.725,44.514,57.096,40.789,16.226
805,0.81183,3597.6,4480.4,8.964,26.949,42.281,2713.3,75.166,120.4,0.3294,79.929,51.364,2642.1,24.648,49.952,3109.0,23.797,67.599,262.47,342.86,94.572,77.025,32.069,8.9038,26.335,7.0332,18.384,1.668,32.738,13.718,24.313,1.0575,18.421,2.4021,4.8821,2.3748,0.017542,0.84591,0.097573,53.398,44.617,62.505,54.373,79.793,57.539,22.5,38.374,42.115,46.422,56.703,40.676,16.018
806,0.81217,3615.7,4487.8,8.7479,26.607,41.848,2716.1,75.182,120.38,0.32858,79.925,49.723,2645.9,24.263,48.045,3110.5,22.957,67.523,263.22,342.92,94.686,77.304,32.069,8.9038,26.335,7.0332,18.384,1.668,32.738,13.718,24.313,1.0575,18.421,2.4021,4.8821,2.3748,0.022322,0.81972,0.096174,54.125,43.712,62.193,54.285,79.759,57.986,23.047,38.474,37.284,42.009,57.295,40.405,17.998
807,0.7669,3603.4,4452.4,8.7473,26.843,42.313,2718.1,74.121,120.39,0.30995,79.833,49.707,2647.8,24.313,51.227,3111.3,22.185,67.476,264.04,343.64,94.701,77.209,32.587,8.6748,26.698,6.9077,18.56,1.7204,32.745,14.08,24.097,1.1578,18.283,2.3002,4.9426,2.3144,0.022322,0.81972,0.096174,54.125,43.712,62.324,54.807,75.925,59.245,23.215,36.431,37.237,49.373,57.34,41.156,19.853
808,0.76899,3623.9,4510.3,8.929,26.853,42.247,2719.9,75.473,120.41,0.30592,79.807,49.748,2649.0,23.282,48.986,3114.2,23.418,67.451,263.91,343.77,94.737,77.336,32.587,8.6748,26.698,6.9077,18.56,1.7204,32.745,14.08,24.097,1.1578,18.283,2.3002,4.9426,2.3144,0.022322,0.81972,0.096174,54.125,43.712,61.973,54.114,75.719,55.717,22.938,36.923,37.359,44.188,57.471,40.837,16.926
809,0.71685,3658.0,4528.3,8.9561,26.587,42.206,2720.3,74.455,120.41,0.35228,79.814,50.864,2649.8,26.889,49.458,3114.4,23.248,67.427,266.16,344.42,94.73,77.46,32.344,8.8522,26.759,6.8203,18.598,1.6902,32.843,13.754,24.344,1.2278,18.589,2.3225,4.8285,2.3105,0.022322,0.81972,0.096174,54.125,43.712,62.403,53.518,70.696,57.978,23.059,41.052,40.643,45.28,57.39,41.071,17.327
810,0.7189,3637.7,4522.8,8.8044,26.485,42.299,2721.4,73.697,120.39,0.35033,79.911,49.694,2650.8,25.985,48.178,3113.1,21.775,67.451,264.63,343.91,94.588,77.302,32.344,8.8522,26.759,6.8203,18.598,1.6902,32.843,13.754,24.344,1.2278,18.589,2.3225,4.8285,2.3105,0.022322,0.81972,0.096174,54.125,43.712,62.752,53.584,70.494,60.222,23.322,41.29,37.2,42.317,57.645,41.058,20.825
811,0.73733,3669.4,4489.8,8.8711,26.917,42.057,2722.2,74.977,120.41,0.31207,79.852,49.369,2651.7,25.491,48.896,3114.6,23.228,67.428,262.94,344.2,94.668,77.279,32.256,8.8159,27.478,6.7372,18.479,1.7176,33.179,13.641,24.436,1.1608,18.226,2.3536,4.7722,2.3332,0.019666,0.82828,0.090958,54.592,44.172,62.99,53.918,72.743,59.842,23.446,37.368,36.243,43.979,57.239,41.421,17.382
812,0.73752,3657.5,4462.1,8.8449,26.799,42.584,2722.3,74.318,120.4,0.31405,79.963,50.124,2653.2,24.724,49.463,3115.6,23.147,67.448,263.83,344.39,94.474,77.684,32.256,8.8159,27.478,6.7372,18.479,1.7176,33.179,13.641,24.436,1.1608,18.226,2.3536,4.7722,2.3332,0.019666,0.82828,0.090958,54.592,44.172,63.196,54.25,72.724,57.373,23.469,37.127,38.464,45.291,56.984,40.732,17.537
813,0.74631,3691.3,4483.1,8.7926,26.806,42.397,2723.5,74.59,120.41,0.30179,80.0,49.524,2652.6,23.907,49.92,3117.7,22.524,67.496,262.34,344.18,94.439,77.113,31.9,8.8988,26.973,6.55,18.435,1.7429,33.275,13.688,24.338,1.233,17.679,2.3152,4.7395,2.2401,0.019666,0.82828,0.090958,54.592,44.172,63.439,54.329,73.296,57.65,23.214,35.417,36.701,46.349,56.937,41.846,19.041
814,0.7452,3696.9,4489.9,8.9532,27.047,42.093,2722.8,75.444,120.41,0.30283,79.873,50.377,2652.2,24.391,51.293,3117.1,23.055,67.445,262.42,343.94,94.417,77.42,31.9,8.8988,26.973,6.55,18.435,1.7429,33.275,13.688,24.338,1.233,17.679,2.3152,4.7395,2.2401,0.019666,0.82828,0.090958,54.592,44.172,63.343,54.248,73.405,57.349,23.153,35.29,39.21,49.525,56.754,41.779,17.759
815,0.78112,3754.8,4510.8,8.871,26.979,42.712,2721.0,73.989,120.43,0.30686,79.7,50.212,2650.5,24.856,49.846,3117.3,22.431,67.397,263.13,343.62,94.438,76.969,32.402,8.7572,26.773,6.7322,18.623,1.6696,32.96,13.567,24.009,1.155,18.189,2.3289,4.8074,2.2628,0.019666,0.82828,0.090958,54.592,44.172,64.213,54.16,76.888,56.892,22.787,35.814,38.723,46.177,56.516,41.737,19.289
816,0.78069,3748.4,4510.6,8.7848,26.799,42.41,2718.5,74.59,120.43,0.30506,79.505,50.172,2648.8,23.328,49.915,3114.0,21.966,67.343,262.45,344.1,94.174,76.949,32.402,8.7572,26.773,6.7322,18.623,1.6696,32.96,13.567,24.009,1.155,18.189,2.3289,4.8074,2.2628,0.024824,0.82031,0.10786,54.364,44.865,64.324,54.162,76.929,58.01,23.028,36.033,38.607,46.337,56.607,42.005,20.426
817,0.73168,3710.4,4473.9,8.7756,26.808,42.24,2719.0,75.357,120.41,0.2875,79.596,50.444,2648.6,25.795,52.339,3113.0,23.046,67.283,262.83,343.9,94.4,77.158,32.512,8.683,26.995,7.0732,18.321,1.7083,32.837,13.864,24.783,1.3108,17.909,2.308,4.7416,2.3128,0.024824,0.82031,0.10786,54.364,44.865,63.607,54.182,72.262,56.581,23.047,34.654,39.406,51.947,56.492,41.297,17.859
818,0.73362,3734.2,4488.7,8.7636,27.015,42.379,2720.6,74.691,120.42,0.29229,79.889,49.494,2650.4,25.938,49.156,3113.6,22.476,67.3,262.85,344.32,94.34,77.575,32.512,8.683,26.995,7.0732,18.321,1.7083,32.837,13.864,24.783,1.3108,17.909,2.308,4.7416,2.3128,0.024824,0.82031,0.10786,54.364,44.865,63.198,54.005,72.071,59.564,23.347,34.07,36.61,44.581,56.406,42.451,19.168
819,0.72017,3652.4,4507.1,8.713,26.818,42.053,2718.9,75.315,120.4,0.32313,79.994,49.573,2648.2,26.313,50.887,3112.8,22.583,67.365,259.35,342.91,94.538,77.379,32.347,8.8732,26.421,6.9296,18.923,1.671,33.143,13.607,24.191,1.483,17.64,2.3724,4.822,2.194,0.024824,0.82031,0.10786,54.364,44.865,61.594,54.576,70.762,57.71,23.046,38.097,36.844,48.587,56.629,41.277,18.912
820,0.72136,3617.6,4562.5,8.7915,26.813,42.485,2716.4,75.982,120.35,0.3227,79.8,49.939,2646.1,25.32,50.652,3110.5,24.103,67.402,261.56,343.08,94.727,76.718,32.347,8.8732,26.421,6.9296,18.923,1.671,33.143,13.607,24.191,1.483,17.64,2.3724,4.822,2.194,0.024824,0.82031,0.10786,54.364,44.865,62.194,53.914,70.645,57.563,23.096,38.149,37.92,48.043,56.343,40.438,15.363
821,0.73278,3628.4,4478.6,8.8085,27.015,42.53,2718.7,75.748,120.4,0.29705,79.819,51.919,2647.8,25.781,48.983,3111.1,22.536,67.347,260.88,343.49,94.685,77.29,32.46,8.8429,26.686,6.8023,18.438,1.7141,32.918,13.723,24.524,1.1696,18.315,2.2989,4.851,2.4056,0.0026969,0.82357,0.10934,53.907,43.977,63.154,53.466,72.158,57.785,23.228,34.263,43.748,44.18,56.093,41.157,19.048
822,0.73365,3630.8,4508.9,8.7387,27.07,42.561,2719.9,74.445,120.38,0.29563,79.976,50.201,2649.1,25.777,49.381,3113.9,23.62,67.365,260.26,343.04,94.683,77.64,32.46,8.8429,26.686,6.8023,18.438,1.7141,32.918,13.723,24.524,1.1696,18.315,2.2989,4.851,2.4056,0.0026969,0.82357,0.10934,53.907,43.977,63.112,53.103,72.072,57.563,23.067,34.437,38.692,45.101,55.966,40.408,16.443
823,0.71991,3684.5,4525.9,8.8232,26.763,41.796,2719.6,74.716,120.4,0.30417,80.055,48.762,2649.8,24.466,48.722,3114.5,22.63,67.4,257.0,343.03,94.547,77.216,32.296,8.9218,26.912,6.9167,18.359,1.6702,33.172,13.811,24.582,1.1703,18.188,2.2764,4.6703,2.2382,0.0026969,0.82357,0.10934,53.907,43.977,63.321,54.107,70.831,56.536,22.91,36.268,34.457,43.576,56.068,40.834,18.802
824,0.71909,3684.8,4535.3,8.6641,26.994,42.292,2717.9,75.279,120.42,0.30583,79.941,52.047,2646.4,24.626,50.602,3113.2,23.363,67.391,257.7,342.62,94.634,77.485,32.296,8.9218,26.912,6.9167,18.359,1.6702,33.172,13.811,24.582,1.1703,18.188,2.2764,4.6703,2.2382,0.0026969,0.82357,0.10934,53.907,43.977,63.316,53.994,70.911,58.08,22.577,36.066,44.124,47.927,55.821,41.152,17.05
825,0.73575,3662.6,4522.7,8.692,26.601,42.271,2717.5,74.604,120.4,0.31312,80.01,48.871,2646.8,24.603,50.223,3111.3,22.103,67.396,256.33,342.7,94.562,77.083,32.0,8.7246,26.721,6.9317,18.256,1.6725,32.568,13.613,24.613,1.3034,18.723,2.3843,4.8239,2.2209,0.0026969,0.82357,0.10934,53.907,43.977,62.716,54.402,72.003,58.883,22.776,37.454,34.777,47.051,55.756,40.824,20.064
826,0.73378,3695.5,4557.3,8.8496,27.32,41.99,2714.2,75.587,120.37,0.31362,79.649,49.844,2642.7,24.976,50.46,3110.0,22.791,67.343,256.03,341.8,94.786,76.427,32.0,8.7246,26.721,6.9317,18.256,1.6725,32.568,13.613,24.613,1.3034,18.723,2.3843,4.8239,2.2209,0.028041,0.82641,0.10948,54.066,45.127,62.15,53.988,72.196,56.367,22.881,37.392,37.641,47.598,55.66,40.6,18.509
827,0.76432,3650.2,4559.7,8.719,26.687,41.955,2714.2,75.406,120.41,0.2885,79.603,47.968,2643.8,25.074,48.021,3109.3,22.858,67.231,258.54,342.34,94.606,77.169,31.763,8.8634,26.567,7.0079,18.564,1.6984,32.639,13.806,24.866,1.2189,18.074,2.3079,4.7179,2.2132,0.028041,0.82641,0.10948,54.066,45.127,62.757,54.292,74.916,58.089,22.567,34.987,32.121,41.955,55.287,41.13,18.321
828,0.7612,3657.7,4547.9,8.7331,26.894,42.476,2718.8,75.49,120.38,0.29445,79.916,49.716,2647.5,25.703,50.875,3112.7,22.965,67.195,256.03,342.52,94.826,77.365,31.763,8.8634,26.567,7.0079,18.564,1.6984,32.639,13.806,24.866,1.2189,18.074,2.3079,4.7179,2.2132,0.028041,0.82641,0.10948,54.066,45.127,62.629,54.433,75.223,59.123,23.114,34.26,37.264,48.56,55.361,40.395,18.049
829,0.78802,3608.0,4525.5,8.7049,26.808,42.266,2720.3,75.664,120.41,0.31494,80.114,48.342,2648.6,22.234,50.317,3114.2,22.284,67.272,255.23,341.91,94.554,77.428,32.304,8.909,26.852,6.9394,18.48,1.7049,32.736,13.714,24.083,1.3469,18.098,2.2912,4.7639,2.2896,0.028041,0.82641,0.10948,54.066,45.127,62.732,54.007,77.712,57.434,22.869,36.776,33.221,47.268,55.276,40.749,19.636
830,0.7855,3607.5,4511.8,8.8179,26.948,42.719,2718.9,75.181,120.36,0.31034,79.964,48.966,2647.7,24.225,50.088,3113.6,23.454,67.307,255.78,341.85,94.792,76.905,32.304,8.909,26.852,6.9394,18.48,1.7049,32.736,13.714,24.083,1.3469,18.098,2.2912,4.7639,2.2896,0.028041,0.82641,0.10948,54.066,45.127,62.742,54.172,77.96,56.387,22.898,37.338,35.058,46.738,55.068,40.648,16.897
831,0.74041,3665.4,4513.0,8.8342,26.909,41.907,2716.5,75.592,120.43,0.30344,79.792,50.925,2646.4,24.753,49.325,3111.4,22.548,67.25,255.64,342.2,94.655,76.906,32.146,8.8845,26.983,6.8134,18.749,1.7239,33.221,13.906,24.857,1.1279,18.527,2.344,4.7709,2.1574,0.023678,0.83014,0.11266,52.901,43.905,62.26,54.406,72.413,56.598,23.023,35.611,40.821,44.972,54.981,41.421,19.067
832,0.73601,3637.2,4519.2,8.8819,27.219,42.127,2715.8,75.902,120.36,0.3058,79.841,50.833,2645.3,25.164,50.419,3111.2,22.208,67.202,256.31,342.3,94.842,77.17,32.146,8.8845,26.983,6.8134,18.749,1.7239,33.221,13.906,24.857,1.1279,18.527,2.344,4.7709,2.1574,0.023678,0.83014,0.11266,52.901,43.905,62.745,54.332,72.845,54.233,23.109,35.323,40.553,47.504,54.794,40.179,19.864
833,0.75338,3683.2,4478.5,8.7366,26.397,42.012,2714.9,76.644,120.43,0.32548,79.859,50.339,2643.8,25.571,48.571,3110.5,21.281,67.198,254.95,341.6,94.65,77.043,32.346,8.8835,26.807,6.8552,18.63,1.7243,32.339,13.598,24.609,1.2421,18.047,2.3082,4.7151,2.3104,0.023678,0.83014,0.11266,52.901,43.905,63.063,54.185,74.071,55.655,22.415,38.047,39.096,43.226,54.788,41.463,22.077
834,0.75192,3651.4,4514.2,8.7829,26.944,42.087,2711.3,75.842,120.38,0.32558,79.663,50.222,2640.5,24.252,48.928,3106.8,22.088,67.144,255.43,341.87,94.782,77.211,32.346,8.8835,26.807,6.8552,18.63,1.7243,32.339,13.598,24.609,1.2421,18.047,2.3082,4.7151,2.3104,0.023678,0.83014,0.11266,52.901,43.905,63.611,53.758,74.215,58.082,22.714,38.035,38.755,44.053,54.62,40.024,20.174
835,0.73171,3673.7,4501.8,8.7159,26.975,42.388,2712.2,75.267,120.44,0.28655,79.961,50.301,2641.8,22.644,49.081,3108.7,22.871,67.127,253.91,341.3,94.674,77.201,31.994,8.8164,26.547,6.953,18.791,1.6885,32.97,13.799,24.412,1.132,18.324,2.3305,4.7888,2.1967,0.023678,0.83014,0.11266,52.901,43.905,62.905,54.211,72.281,55.932,22.54,34.44,38.987,44.408,54.631,41.904,18.308
836,0.73288,3637.9,4497.8,8.7033,26.941,41.835,2709.2,74.544,120.36,0.28775,79.837,48.778,2638.0,25.603,50.322,3107.1,23.074,67.15,255.07,340.72,94.711,76.634,31.994,8.8164,26.547,6.953,18.791,1.6885,32.97,13.799,24.412,1.132,18.324,2.3305,4.7888,2.1967,0.029472,0.84829,0.1078,54.029,44.071,63.521,54.26,72.166,57.67,22.275,34.293,34.504,47.279,54.481,40.046,17.879
837,0.76641,3663.2,4496.9,8.815,26.806,42.219,2708.8,74.719,120.4,0.3095,79.764,51.588,2636.9,25.327,50.142,3105.0,22.775,67.109,253.91,340.61,94.755,77.159,32.22,8.8967,26.556,6.9586,18.99,1.7291,32.354,13.666,24.202,1.3814,18.258,2.3783,4.8212,2.2552,0.029472,0.84829,0.1078,54.029,44.071,62.207,53.887,75.61,56.49,22.39,36.851,42.774,46.863,54.496,41.216,18.573
838,0.76576,3631.0,4483.5,8.6813,27.174,42.391,2710.2,75.272,120.4,0.30996,80.068,50.661,2640.0,27.367,50.471,3107.6,22.54,67.105,250.9,340.33,94.696,77.41,32.22,8.8967,26.556,6.9586,18.99,1.7291,32.354,13.666,24.202,1.3814,18.258,2.3783,4.8212,2.2552,0.029472,0.84829,0.1078,54.029,44.071,62.761,54.048,75.674,55.885,22.448,36.795,40.044,47.625,54.676,39.81,19.103
839,0.74793,3661.2,4463.5,8.596,26.985,41.978,2711.6,75.285,120.42,0.29887,80.265,51.171,2641.3,23.948,48.004,3106.8,23.54,67.194,253.31,340.66,94.77,77.45,31.428,8.863,26.517,7.0141,18.805,1.7243,32.894,13.643,24.321,1.2887,18.599,2.3212,4.7766,2.1959,0.029472,0.84829,0.1078,54.029,44.071,62.124,53.778,73.286,57.825,22.581,34.44,41.546,41.915,54.365,40.819,16.706
840,0.74779,3608.5,4504.4,8.7753,26.601,42.262,2710.6,75.813,120.37,0.29045,80.217,48.396,2638.0,23.611,49.858,3106.7,22.193,67.272,252.07,340.2,94.696,77.06,31.428,8.863,26.517,7.0141,18.805,1.7243,32.894,13.643,24.321,1.2887,18.599,2.3212,4.7766,2.1959,0.029472,0.84829,0.1078,54.029,44.071,63.03,53.289,73.3,58.384,21.999,35.468,33.38,46.204,54.378,40.014,19.92
841,0.82628,3602.8,4447.6,8.8015,27.394,42.825,2707.9,74.941,120.37,0.29188,79.785,49.945,2635.8,24.685,50.014,3106.5,23.941,67.253,253.16,339.91,94.924,76.53,32.035,8.877,26.54,6.8392,18.565,1.6826,32.451,13.622,24.646,1.2642,18.707,2.2984,4.8392,2.2756,0.013325,0.8429,0.091803,54.371,44.427,62.543,54.404,81.401,56.087,22.061,34.424,37.938,46.566,54.659,40.294,15.838
842,0.8274,3607.0,4491.2,8.8273,26.827,42.234,2710.0,75.062,120.4,0.29089,79.754,50.054,2637.7,25.718,51.436,3106.0,21.994,67.156,255.6,340.35,94.857,77.045,32.035,8.877,26.54,6.8392,18.565,1.6826,32.451,13.622,24.646,1.2642,18.707,2.2984,4.8392,2.2756,0.013325,0.8429,0.091803,54.371,44.427,62.471,53.882,81.291,58.259,22.091,34.545,38.259,49.857,54.559,40.873,20.452
843,0.77255,3665.9,4550.1,8.6515,27.124,41.957,2712.7,75.057,120.4,0.28602,80.073,50.447,2641.8,23.495,51.078,3108.2,22.432,67.133,255.75,340.79,94.696,77.366,31.914,8.9951,26.842,6.9461,18.93,1.7561,32.492,13.845,24.191,1.3262,18.176,2.3539,4.8012,2.1945,0.013325,0.8429,0.091803,54.371,44.427,62.949,53.781,76.062,57.891,22.742,34.308,39.417,49.029,54.661,40.984,19.378
844,0.7739,3664.9,4489.9,8.7767,26.995,42.431,2710.8,75.204,120.41,0.29006,79.965,50.541,2639.9,22.968,50.589,3108.2,22.827,67.169,254.07,340.57,94.649,77.048,31.914,8.9951,26.842,6.9461,18.93,1.7561,32.492,13.845,24.191,1.3262,18.176,2.3539,4.8012,2.1945,0.013325,0.8429,0.091803,54.371,44.427,62.967,54.501,75.93,56.683,22.271,33.815,39.693,47.897,54.924,40.566,18.464
845,0.78796,3659.3,4471.3,8.7788,26.549,42.504,2708.9,75.547,120.4,0.30943,79.937,49.405,2637.7,24.708,51.731,3106.2,24.131,67.176,254.65,340.67,94.691,77.179,31.755,8.7604,26.543,6.8383,18.74,1.6949,32.357,14.008,24.885,1.2022,18.578,2.3071,4.7767,2.2889,0.013325,0.8429,0.091803,54.371,44.427,62.114,53.832,77.287,57.071,22.261,37.291,36.35,50.541,54.983,40.192,15.364
846,0.78606,3617.1,4519.6,8.7192,26.857,42.273,2709.0,75.102,120.4,0.31015,79.939,49.236,2638.4,25.427,49.444,3104.9,22.24,67.201,256.09,341.15,94.727,77.075,31.755,8.7604,26.543,6.8383,18.74,1.6949,32.357,14.008,24.885,1.2022,18.578,2.3071,4.7767,2.2889,0.008096,0.85683,0.092,54.312,44.412,62.841,53.254,77.474,57.19,22.527,37.202,35.853,45.247,54.848,41.706,19.869
847,0.80789,3639.9,4473.2,8.7094,26.629,42.167,2707.5,76.313,120.41,0.32771,79.967,50.61,2635.9,25.164,50.623,3106.2,23.516,67.188,255.38,340.27,94.728,77.51,32.462,8.8942,26.479,6.8195,18.867,1.7324,32.95,13.868,23.915,1.2524,18.031,2.3403,4.8284,2.2617,0.008096,0.85683,0.092,54.312,44.412,63.384,54.267,79.086,56.568,21.958,39.56,39.895,47.976,54.972,40.388,16.809
848,0.80863,3637.9,4505.8,8.725,26.775,42.403,2707.5,75.409,120.39,0.33089,80.065,49.261,2636.8,24.103,49.349,3105.0,23.964,67.246,256.12,340.89,94.646,77.383,32.462,8.8942,26.479,6.8195,18.867,1.7324,32.95,13.868,23.915,1.2524,18.031,2.3403,4.8284,2.2617,0.008096,0.85683,0.092,54.312,44.412,63.418,53.876,79.013,58.499,22.099,39.172,35.926,45.028,54.961,40.117,15.747
849,0.73759,3651.8,4466.2,8.7446,26.514,42.167,2706.4,75.537,120.42,0.31336,80.128,50.213,2635.3,24.89,49.306,3103.3,22.792,67.271,254.98,340.23,94.616,76.964,31.796,9.0152,26.193,6.7491,18.913,1.6969,33.074,13.744,24.426,1.2064,18.325,2.3265,4.8252,2.3248,0.008096,0.85683,0.092,54.312,44.412,63.395,54.034,72.703,57.405,22.035,37.746,38.727,44.929,55.119,41.789,18.557
850,0.73693,3708.6,4488.9,8.7244,26.909,41.938,2703.6,74.73,120.38,0.31276,79.964,50.106,2631.9,24.48,49.914,3099.4,22.41,67.26,255.81,340.49,94.748,76.941,31.796,9.0152,26.193,6.7491,18.913,1.6969,33.074,13.744,24.426,1.2064,18.325,2.3265,4.8252,2.3248,0.008096,0.85683,0.092,54.312,44.412,62.418,53.763,72.768,56.089,22.078,37.82,38.411,46.335,55.103,40.136,19.478
851,0.80079,3685.2,4488.9,8.6904,26.568,42.15,2703.5,74.984,120.42,0.3009,80.0,48.822,2631.9,23.975,48.884,3100.2,23.072,67.256,254.42,340.28,94.611,77.059,31.892,8.9218,26.476,6.8304,19.278,1.7111,32.667,13.762,24.229,1.1389,18.411,2.3856,4.8599,2.3523,0.0033288,0.86739,0.11053,54.038,43.415,63.528,53.629,79.282,57.009,22.036,35.931,34.632,43.95,55.667,42.267,17.909
852,0.80505,3662.4,4497.5,8.7001,26.769,42.427,2704.0,76.295,120.39,0.30261,80.181,49.555,2632.5,24.194,50.96,3102.0,23.105,67.3,255.66,340.2,94.604,77.183,31.892,8.9218,26.476,6.8304,19.278,1.7111,32.667,13.762,24.229,1.1389,18.411,2.3856,4.8599,2.3523,0.0033288,0.86739,0.11053,54.038,43.415,63.921,53.526,78.863,57.411,21.993,35.722,36.791,48.755,55.779,40.493,17.809
853,0.79613,3672.6,4486.9,8.6282,26.901,42.231,2702.8,74.405,120.41,0.30424,80.251,48.269,2631.3,25.415,52.733,3100.3,22.921,67.364,258.42,339.94,94.533,77.402,31.71,8.9127,26.46,6.9212,18.607,1.747,32.441,13.82,24.295,1.3748,18.615,2.3173,4.7897,2.2853,0.0033288,0.86739,0.11053,54.038,43.415,63.121,52.704,78.611,57.065,22.096,35.892,33.005,52.86,55.749,41.816,18.22
854,0.80008,3675.5,4464.2,8.6847,26.804,42.402,2701.8,74.859,120.38,0.30131,80.25,49.531,2630.1,24.834,50.04,3099.4,22.962,67.435,257.13,340.11,94.582,77.001,31.71,8.9127,26.46,6.9212,18.607,1.747,32.441,13.82,24.295,1.3748,18.615,2.3173,4.7897,2.2853,0.0033288,0.86739,0.11053,54.038,43.415,63.07,52.977,78.223,56.649,21.907,36.249,36.719,46.626,56.077,40.853,18.143
855,0.8198,3648.7,4527.3,8.7556,26.777,42.366,2698.3,75.636,120.41,0.30676,79.936,49.498,2626.9,25.523,50.495,3097.1,22.957,67.446,255.49,339.82,94.743,76.964,31.906,8.9941,26.04,6.8605,19.127,1.7361,32.925,13.882,24.342,1.3468,18.77,2.3563,4.8079,2.3046,0.0033288,0.86739,0.11053,54.038,43.415,62.741,53.841,80.532,55.267,21.87,37.088,36.623,47.678,56.44,41.129,18.183
856,0.81938,3626.0,4495.3,8.7589,26.966,42.032,2700.0,75.186,120.39,0.3101,80.055,50.048,2627.8,24.358,50.707,3098.1,22.445,67.415,262.33,340.26,94.665,77.11,31.906,8.9941,26.04,6.8605,19.127,1.7361,32.925,13.882,24.342,1.3468,18.77,2.3563,4.8079,2.3046,0.023623,0.84896,0.10451,54.451,43.953,63.13,54.223,80.573,59.587,21.859,36.68,38.242,48.171,56.367,40.961,19.398
857,0.80464,3682.7,4512.2,8.8239,27.295,42.253,2701.6,75.469,120.39,0.31654,80.261,50.743,2630.2,26.47,50.115,3098.4,22.78,67.485,262.01,340.25,94.751,77.843,32.044,8.9574,26.218,6.966,18.363,1.7393,32.809,13.898,23.436,1.3045,18.949,2.3265,4.8463,2.285,0.023623,0.84896,0.10451,54.451,43.953,62.68,52.729,79.074,56.588,22.323,37.593,40.287,46.8,56.747,41.468,18.539
858,0.80415,3638.1,4466.1,8.7048,26.946,42.561,2703.8,74.879,120.4,0.31858,80.593,48.961,2632.6,26.059,50.866,3100.9,22.441,67.59,258.95,340.28,94.523,77.535,32.044,8.9574,26.218,6.966,18.363,1.7393,32.809,13.898,23.436,1.3045,18.949,2.3265,4.8463,2.285,0.023623,0.84896,0.10451,54.451,43.953,63.448,53.281,79.123,57.154,22.234,37.343,35.042,48.539,57.366,40.765,19.329
859,0.794,3623.3,4512.0,8.769,26.76,42.062,2702.0,74.799,120.42,0.31632,80.412,49.786,2630.7,22.307,50.303,3099.7,23.46,67.696,261.4,340.28,94.738,77.351,32.086,8.7969,26.282,6.873,18.783,1.701,33.165,13.919,23.416,1.123,18.636,2.3611,4.8409,2.327,0.023623,0.84896,0.10451,54.451,43.953,62.747,54.611,77.942,56.774,22.018,38.159,37.471,47.236,57.487,41.02,16.913
860,0.79314,3597.8,4542.7,8.8111,26.713,42.326,2701.3,74.852,120.37,0.31977,80.25,50.206,2629.0,25.201,50.008,3097.4,22.783,67.738,261.68,340.35,94.704,77.073,32.086,8.7969,26.282,6.873,18.783,1.701,33.165,13.919,23.416,1.123,18.636,2.3611,4.8409,2.327,0.023623,0.84896,0.10451,54.451,43.953,63.186,54.244,78.027,58.727,21.896,37.739,38.706,46.552,57.805,40.307,18.544
861,0.7907,3684.9,4490.3,8.7681,26.784,42.256,2697.7,75.333,120.38,0.32159,80.007,49.323,2626.1,24.2,50.659,3095.8,23.004,67.697,263.89,340.54,94.762,76.872,32.107,8.8879,25.636,6.9143,18.834,1.7499,32.976,13.891,23.36,1.3275,18.72,2.342,4.8912,2.309,0.040578,0.86463,0.1152,53.402,44.61,62.468,53.876,77.712,57.544,21.752,38.208,36.108,48.059,57.521,41.32,18.049
862,0.78995,3672.3,4485.2,8.7272,26.886,42.299,2698.4,74.96,120.4,0.32312,80.079,49.637,2627.3,25.848,51.657,3094.8,22.425,67.667,265.3,340.58,94.653,76.941,32.107,8.8879,25.636,6.9143,18.834,1.7499,32.976,13.891,23.36,1.3275,18.72,2.342,4.8912,2.309,0.040578,0.86463,0.1152,53.402,44.61,62.683,53.936,77.785,56.976,22.19,38.021,37.033,50.368,57.557,41.42,19.434
863,0.79038,3658.2,4490.6,8.7562,26.666,42.708,2696.2,75.07,120.4,0.31753,79.983,51.255,2624.3,26.895,50.666,3093.7,22.55,67.614,261.98,340.29,94.833,77.273,31.906,8.853,26.149,6.72,19.425,1.6943,33.351,14.01,23.717,1.341,18.33,2.3161,4.8441,2.3209,0.040578,0.86463,0.1152,53.402,44.61,62.555,53.741,77.532,58.075,21.763,38.065,41.792,48.075,58.013,41.641,19.133
864,0.78978,3638.9,4461.4,8.6272,26.455,41.945,2697.8,74.846,120.4,0.3191,80.231,49.883,2627.4,25.06,51.25,3095.5,24.045,67.642,264.76,340.47,94.671,77.657,31.906,8.853,26.149,6.72,19.425,1.6943,33.351,14.01,23.717,1.341,18.33,2.3161,4.8441,2.3209,0.040578,0.86463,0.1152,53.402,44.61,62.887,54.09,77.59,57.121,21.853,37.873,37.757,49.426,57.925,41.015,15.541
865,0.81124,3703.4,4430.3,8.8218,26.641,42.665,2698.2,74.316,120.42,0.32786,80.469,49.504,2627.5,25.011,50.888,3095.9,22.329,67.733,265.63,340.35,94.641,77.534,32.128,8.8621,25.525,6.9628,19.123,1.6661,32.875,13.795,23.442,1.3699,18.5,2.3613,4.8835,2.2307,0.040578,0.86463,0.1152,53.402,44.61,63.541,52.951,79.685,56.825,21.883,40.181,36.639,48.589,57.999,41.598,19.601
866,0.81103,3699.4,4440.0,8.6886,26.374,42.081,2696.6,74.169,120.39,0.32876,80.448,48.898,2625.9,27.663,50.3,3094.1,22.75,67.836,266.7,340.07,94.443,77.459,32.128,8.8621,25.525,6.9628,19.123,1.6661,32.875,13.795,23.442,1.3699,18.5,2.3613,4.8835,2.2307,0.035045,0.8384,0.10888,54.756,43.816,63.61,52.835,79.706,57.236,21.806,40.071,34.858,47.228,58.492,41.282,18.604
867,0.78942,3641.0,4457.7,8.7656,27.063,42.321,2694.7,76.06,120.42,0.3103,80.29,49.323,2623.3,23.443,49.401,3092.1,23.21,67.876,265.31,340.0,94.701,77.209,32.32,8.9259,26.26,6.9464,18.979,1.6925,32.885,13.773,23.718,1.3443,18.577,2.345,4.8957,2.2642,0.035045,0.8384,0.10888,54.756,43.816,62.524,53.282,77.944,56.588,22.153,36.686,36.109,45.148,58.956,40.956,17.521
868,0.79194,3621.6,4455.8,8.7828,27.112,42.034,2694.0,74.237,120.4,0.30843,80.255,50.762,2622.4,25.681,50.079,3091.5,23.619,67.898,267.16,340.66,94.69,77.311,32.32,8.9259,26.26,6.9464,18.979,1.6925,32.885,13.773,23.718,1.3443,18.577,2.345,4.8957,2.2642,0.035045,0.8384,0.10888,54.756,43.816,62.858,53.305,77.696,56.301,22.121,36.914,40.341,46.717,59.13,40.664,16.553
869,0.77257,3636.7,4463.8,8.6626,26.785,42.009,2696.9,74.691,120.41,0.3046,80.485,48.037,2625.4,24.674,48.162,3091.8,22.093,67.925,269.48,341.16,94.584,77.652,32.347,8.9753,26.28,6.8856,18.82,1.6793,32.636,13.743,23.029,1.2331,18.906,2.4004,4.8505,2.3653,0.035045,0.8384,0.10888,54.756,43.816,62.674,53.516,75.88,56.251,22.292,36.721,32.323,42.28,59.26,40.499,20.132
870,0.77385,3642.5,4477.3,8.8165,26.776,42.499,2694.1,74.092,120.37,0.30632,80.264,49.315,2621.8,22.826,50.982,3091.6,24.184,67.992,270.44,340.98,94.791,76.845,32.347,8.9753,26.28,6.8856,18.82,1.6793,32.636,13.743,23.029,1.2331,18.906,2.4004,4.8505,2.3653,0.035045,0.8384,0.10888,54.756,43.816,62.573,53.354,75.754,59.232,21.755,36.511,36.085,48.806,59.509,40.514,15.231
871,0.76536,3650.0,4502.7,8.882,27.003,42.442,2694.3,74.692,120.39,0.29939,80.194,49.828,2622.9,25.945,49.437,3092.2,22.953,67.968,268.64,340.69,94.694,77.03,32.542,8.8705,26.216,6.9088,18.543,1.7461,33.252,13.767,23.245,1.255,18.77,2.3666,4.9411,2.2592,0.012245,0.85745,0.12798,54.181,44.81,62.945,53.418,75.786,57.26,21.853,36.457,37.594,45.232,59.365,40.607,18.147
872,0.76819,3703.3,4454.6,8.7375,26.81,42.04,2697.2,74.148,120.39,0.30624,80.36,49.15,2625.8,24.375,49.389,3093.1,23.395,67.94,269.79,341.03,94.706,77.598,32.542,8.8705,26.216,6.9088,18.543,1.7461,33.252,13.767,23.245,1.255,18.77,2.3666,4.9411,2.2592,0.012245,0.85745,0.12798,54.181,44.81,62.028,53.995,75.508,59.415,22.145,35.621,35.6,45.119,59.32,40.794,17.052
873,0.74604,3666.3,4503.4,8.6864,26.952,42.339,2698.3,75.333,120.43,0.30555,80.498,49.885,2627.7,25.214,48.748,3093.5,23.225,67.997,270.0,340.92,94.596,77.549,31.956,8.9698,26.233,6.9138,18.722,1.7365,33.576,13.919,23.566,1.1155,18.506,2.3094,4.7825,2.2082,0.012245,0.85745,0.12798,54.181,44.81,62.447,54.108,73.447,58.129,22.481,36.271,37.761,43.635,59.355,41.259,17.435
874,0.74485,3630.7,4546.4,8.9019,26.635,42.59,2696.3,74.833,120.39,0.30492,80.421,50.079,2625.2,25.287,50.467,3094.7,22.794,68.051,268.31,340.48,94.719,77.323,31.956,8.9698,26.233,6.9138,18.722,1.7365,33.576,13.919,23.566,1.1155,18.506,2.3094,4.7825,2.2082,0.012245,0.85745,0.12798,54.181,44.81,63.059,53.593,73.565,57.922,21.923,36.348,38.333,47.616,59.56,40.478,18.472
875,0.80114,3672.5,4520.4,8.785,26.941,42.381,2697.5,74.987,120.42,0.32039,80.42,50.457,2626.0,24.41,49.752,3094.4,23.207,68.018,268.38,340.85,94.563,77.248,32.444,8.9285,26.103,6.9105,18.892,1.6924,33.065,13.98,23.588,1.3009,18.623,2.3796,4.8508,2.3187,0.012245,0.85745,0.12798,54.181,44.81,62.269,53.488,79.056,57.003,22.198,38.547,39.444,45.959,59.606,41.934,17.493
876,0.80218,3646.9,4479.5,8.6682,26.851,42.428,2696.1,74.798,120.39,0.32402,80.221,50.836,2624.7,26.311,51.571,3093.6,22.733,68.032,270.84,340.84,94.762,77.127,32.444,8.9285,26.103,6.9105,18.892,1.6924,33.065,13.98,23.588,1.3009,18.623,2.3796,4.8508,2.3187,0.026913,0.85749,0.11097,53.658,43.377,62.709,53.978,78.954,59.495,21.974,38.103,40.559,50.169,59.951,40.488,18.634
877,0.7541,3644.6,4489.8,8.7588,27.363,42.222,2696.1,74.73,120.41,0.32744,80.199,51.181,2624.5,27.076,49.035,3092.3,24.151,67.996,270.76,341.66,94.63,77.263,31.964,8.9666,25.915,6.8812,19.094,1.7165,32.944,13.869,23.464,1.1925,18.589,2.3353,4.8882,2.4038,0.026913,0.85749,0.11097,53.658,43.377,62.75,53.433,74.371,58.159,22.42,39.516,41.576,44.301,60.237,41.209,15.27
878,0.75533,3648.9,4486.0,8.9447,26.899,41.822,2696.7,74.722,120.38,0.32783,80.271,49.984,2625.9,23.205,49.985,3092.8,23.491,67.999,274.59,341.52,94.717,77.43,31.964,8.9666,25.915,6.8812,19.094,1.7165,32.944,13.869,23.464,1.1925,18.589,2.3353,4.8882,2.4038,0.026913,0.85749,0.11097,53.658,43.377,62.675,53.478,74.25,57.479,22.167,39.47,38.052,46.499,60.172,39.988,16.822
879,0.80174,3658.0,4445.7,8.832,26.709,42.501,2699.1,75.005,120.39,0.31888,80.455,48.228,2627.6,24.305,50.973,3095.7,22.696,68.074,273.66,341.21,94.55,77.466,32.047,8.9277,26.002,6.975,18.832,1.7471,33.085,13.777,23.316,1.1356,18.409,2.3791,4.8488,2.2972,0.026913,0.85749,0.11097,53.658,43.377,62.763,53.427,78.782,58.827,22.159,37.737,32.885,48.787,60.529,40.738,18.692
880,0.79901,3669.4,4440.8,8.8618,27.085,41.988,2700.2,73.971,120.41,0.31948,80.535,49.643,2628.7,26.438,48.338,3096.2,23.339,68.139,272.55,341.72,94.675,77.629,32.047,8.9277,26.002,6.975,18.832,1.7471,33.085,13.777,23.316,1.1356,18.409,2.3791,4.8488,2.2972,0.026913,0.85749,0.11097,53.658,43.377,62.566,53.486,79.051,58.831,22.586,37.664,37.049,42.687,60.897,41.519,17.133
881,0.79403,3612.3,4476.1,8.7383,27.077,42.498,2701.3,74.584,120.43,0.30774,80.614,48.687,2630.4,24.516,48.904,3098.2,22.544,68.232,274.12,341.5,94.492,77.55,32.425,9.074,26.559,6.7841,18.655,1.7637,32.946,13.972,23.039,1.1782,18.779,2.3812,4.8452,2.2988,0.02696,0.84565,0.094373,54.399,44.112,62.684,53.674,78.332,58.847,22.137,36.62,34.237,43.997,61.065,41.191,19.005
882,0.79627,3616.6,4511.7,8.8922,26.607,42.261,2700.5,74.583,120.39,0.30713,80.384,48.945,2629.6,26.167,48.317,3097.2,22.768,68.258,275.19,341.75,94.685,77.025,32.425,9.074,26.559,6.7841,18.655,1.7637,32.946,13.972,23.039,1.1782,18.779,2.3812,4.8452,2.2988,0.02696,0.84565,0.094373,54.399,44.112,62.609,53.249,78.111,58.617,21.974,36.695,34.997,42.638,61.25,40.704,18.513
883,0.75631,3668.7,4458.9,8.7343,26.387,43.052,2696.3,74.704,120.41,0.33066,79.997,50.553,2625.3,27.487,49.998,3093.7,22.46,68.19,275.43,342.05,94.676,77.008,32.61,8.8042,25.665,6.6627,18.852,1.6963,32.804,13.746,23.426,1.2418,18.691,2.3182,4.9031,2.2697,0.02696,0.84565,0.094373,54.399,44.112,63.39,54.321,74.753,58.904,21.952,39.135,39.726,46.529,61.518,41.232,19.274
884,0.75734,3696.1,4548.3,8.7368,26.935,42.321,2697.4,74.375,120.4,0.33078,80.032,50.876,2626.4,25.973,51.611,3093.2,23.522,68.124,280.83,342.34,94.605,77.386,32.61,8.8042,25.665,6.6627,18.852,1.6963,32.804,13.746,23.426,1.2418,18.691,2.3182,4.9031,2.2697,0.02696,0.84565,0.094373,54.399,44.112,62.918,53.25,74.652,56.569,22.378,39.12,40.679,50.262,61.33,40.295,16.739
885,0.73855,3723.0,4509.3,8.7662,26.995,42.46,2699.0,74.919,120.42,0.30708,80.333,50.496,2627.5,25.492,51.068,3095.4,23.738,68.151,279.54,342.04,94.436,77.578,32.453,9.1107,25.877,6.9165,19.136,1.7334,33.175,13.852,22.82,1.3075,18.686,2.3629,4.8833,2.3275,0.02696,0.84565,0.094373,54.399,44.112,63.669,53.238,72.31,57.767,22.539,36.015,39.561,49.006,61.733,40.925,16.194
886,0.73828,3697.3,4467.1,8.79,26.894,42.346,2699.6,74.656,120.44,0.30563,80.494,50.835,2628.9,24.811,51.489,3096.1,23.184,68.258,275.76,342.1,94.428,77.512,32.453,9.1107,25.877,6.9165,19.136,1.7334,33.175,13.852,22.82,1.3075,18.686,2.3629,4.8833,2.3275,0.012947,0.83787,0.087276,53.254,43.787,64.111,53.744,72.336,57.279,22.366,36.192,40.558,49.981,62.075,41.861,17.491
887,0.74842,3637.7,4461.4,8.8,26.942,42.364,2698.0,74.378,120.39,0.3183,80.412,50.314,2627.3,26.022,49.969,3094.7,22.001,68.318,278.22,341.86,94.52,77.217,32.532,8.8099,26.146,6.8867,18.355,1.7041,33.585,13.826,23.664,1.2288,18.651,2.3579,4.8807,2.3596,0.012947,0.83787,0.087276,53.254,43.787,62.999,53.078,73.631,57.177,22.331,37.438,39.025,46.462,62.017,41.178,20.316
888,0.74895,3636.8,4438.6,8.8695,26.924,42.308,2696.2,74.268,120.41,0.31651,80.244,50.423,2625.6,25.066,50.445,3092.8,21.811,68.309,279.68,341.91,94.576,77.238,32.532,8.8099,26.146,6.8867,18.355,1.7041,33.585,13.826,23.664,1.2288,18.651,2.3579,4.8807,2.3596,0.012947,0.83787,0.087276,53.254,43.787,63.013,53.352,73.579,56.201,22.226,37.657,39.344,47.563,62.048,41.505,20.781
889,0.74075,3625.0,4539.4,8.8905,26.789,42.32,2697.8,75.766,120.39,0.31766,80.296,50.145,2626.1,26.088,50.997,3093.1,23.04,68.301,279.75,341.65,94.647,77.581,32.383,8.8713,26.043,6.8104,19.278,1.7348,33.03,14.031,23.184,1.1839,18.474,2.3472,4.9207,2.3873,0.012947,0.83787,0.087276,53.254,43.787,63.461,54.067,72.254,58.322,22.168,36.85,38.528,48.842,62.206,40.872,17.836
890,0.7381,3651.3,4556.9,8.8079,26.455,42.181,2700.5,75.358,120.43,0.31616,80.479,49.743,2629.8,24.768,50.778,3096.2,23.06,68.353,281.28,341.88,94.61,77.548,32.383,8.8713,26.043,6.8104,19.278,1.7348,33.03,14.031,23.184,1.1839,18.474,2.3472,4.9207,2.3873,0.012947,0.83787,0.087276,53.254,43.787,63.008,53.858,72.514,59.454,22.289,37.032,37.343,48.336,62.229,42.495,17.768
891,0.75034,3702.5,4463.2,8.8071,26.904,42.448,2698.3,74.231,120.39,0.33709,80.416,50.961,2626.9,25.169,49.777,3095.0,23.085,68.402,278.41,341.65,94.514,77.061,32.48,9.1286,25.856,6.9138,19.087,1.7481,33.366,13.993,23.734,1.4049,18.171,2.394,4.8827,2.2792,0.022621,0.82275,0.10235,53.747,44.29,62.826,52.707,73.583,57.453,22.023,40.11,40.929,46.018,62.454,41.053,17.74
892,0.7487,3698.0,4417.9,8.7811,26.797,42.208,2695.5,74.615,120.41,0.33605,80.181,49.286,2624.7,24.452,50.789,3091.9,24.119,68.384,278.91,341.4,94.568,77.107,32.48,9.1286,25.856,6.9138,19.087,1.7481,33.366,13.993,23.734,1.4049,18.171,2.394,4.8827,2.2792,0.022621,0.82275,0.10235,53.747,44.29,62.903,53.249,73.744,58.364,22.075,40.236,35.999,48.359,62.489,41.021,15.295
893,0.73794,3642.1,4467.5,8.9221,27.253,42.371,2695.3,74.225,120.37,0.33393,80.252,49.693,2624.8,24.706,49.83,3091.0,22.77,68.366,279.49,341.68,94.766,77.275,32.511,8.7194,26.166,7.0277,18.85,1.7311,33.121,13.896,23.764,1.448,18.46,2.369,4.9552,2.3411,0.022621,0.82275,0.10235,53.747,44.29,62.977,53.056,72.459,57.162,22.264,39.764,37.197,46.142,62.516,40.93,18.483
894,0.74132,3647.0,4460.5,8.8399,27.049,41.853,2695.9,74.209,120.42,0.33453,80.296,50.351,2624.9,23.441,50.315,3092.4,22.535,68.352,279.72,341.03,94.703,77.444,32.511,8.7194,26.166,7.0277,18.85,1.7311,33.121,13.896,23.764,1.448,18.46,2.369,4.9552,2.3411,0.022621,0.82275,0.10235,53.747,44.29,62.894,53.139,72.126,57.121,21.956,39.691,39.133,47.264,62.573,41.503,19.031
895,0.73125,3629.4,4479.4,8.8583,26.947,42.131,2695.9,74.598,120.37,0.3275,80.173,49.576,2624.2,25.524,49.229,3092.4,23.494,68.356,281.72,341.71,94.815,77.323,32.911,8.9312,26.31,6.9184,18.8,1.7084,32.981,13.974,23.555,1.1438,18.247,2.3179,4.8657,2.383,0.022621,0.82275,0.10235,53.747,44.29,62.114,53.462,71.901,57.734,22.038,38.131,36.854,44.749,62.475,39.762,16.775
896,0.72921,3654.0,4464.3,8.948,27.155,42.471,2699.8,73.825,120.41,0.32631,80.422,49.783,2629.0,24.825,50.026,3095.8,23.407,68.339,279.81,341.92,94.657,77.728,32.911,8.9312,26.31,6.9184,18.8,1.7084,32.981,13.974,23.555,1.1438,18.247,2.3179,4.8657,2.383,0.013872,0.84025,0.084695,53.328,43.421,61.69,53.643,72.102,57.215,22.471,38.276,37.462,46.595,62.328,41.014,16.935
897,0.68474,3669.5,4471.0,8.8272,26.661,42.208,2702.3,75.772,120.39,0.33513,80.564,50.737,2632.0,24.028,50.477,3097.8,22.765,68.386,278.59,341.75,94.816,77.816,32.388,8.8586,26.467,6.9207,18.654,1.693,32.762,13.817,23.719,1.4662,18.594,2.3269,4.9114,2.2366,0.013872,0.84025,0.084695,53.328,43.421,62.297,53.676,67.798,59.727,22.356,39.451,40.268,47.637,62.34,41.275,18.429
898,0.68792,3629.8,4440.2,8.8342,26.56,42.012,2703.5,73.895,120.41,0.33279,80.685,48.364,2633.4,26.041,49.213,3099.1,23.309,68.446,276.55,341.81,94.507,77.558,32.388,8.8586,26.467,6.9207,18.654,1.693,32.762,13.817,23.719,1.4662,18.594,2.3269,4.9114,2.2366,0.013872,0.84025,0.084695,53.328,43.421,62.98,54.044,67.486,59.538,22.335,39.736,33.284,44.713,62.422,41.378,17.129
899,0.73316,3664.6,4476.6,8.7964,26.595,42.402,2701.9,74.539,120.39,0.31761,80.321,52.226,2630.2,24.34,49.024,3099.1,21.888,68.422,279.97,341.05,94.754,77.17,32.32,9.099,26.407,6.8488,18.698,1.7564,33.406,13.64,23.667,1.4256,19.018,2.3327,4.9604,2.2939,0.013872,0.84025,0.084695,53.328,43.421,62.325,53.977,72.046,58.758,21.999,37.512,44.65,44.276,62.02,40.47,20.54
900,0.7313,3635.4,4533.8,8.9047,26.795,42.559,2702.7,73.769,120.41,0.31819,80.159,49.032,2632.3,24.501,49.958,3099.7,22.411,68.304,277.79,341.59,94.675,77.525,32.32,9.099,26.407,6.8488,18.698,1.7564,33.406,13.64,23.667,1.4256,19.018,2.3327,4.9604,2.2939,0.013872,0.84025,0.084695,53.328,43.421,62.829,53.293,72.229,57.637,22.298,37.44,35.251,46.437,62.124,41.283,19.297
901,0.73652,3682.6,4488.8,8.7759,26.715,42.154,2706.4,74.241,120.41,0.2951,80.289,49.263,2635.1,25.213,48.601,3103.2,22.829,68.284,281.67,342.03,94.665,77.416,32.436,8.853,26.17,6.9629,18.731,1.6553,32.845,13.889,23.794,1.301,18.885,2.3696,4.8485,2.3869,0.027096,0.82635,0.098626,54.486,45.117,62.644,53.741,72.674,58.286,22.302,35.37,35.932,43.295,62.128,40.87,18.3
902,0.73871,3674.7,4496.4,8.9864,26.551,42.805,2709.0,74.859,120.42,0.29584,80.302,48.853,2637.0,25.633,48.32,3104.6,23.083,68.29,278.73,342.37,94.517,77.447,32.436,8.853,26.17,6.9629,18.731,1.6553,32.845,13.889,23.794,1.301,18.885,2.3696,4.8485,2.3869,0.027096,0.82635,0.098626,54.486,45.117,62.78,53.649,72.459,56.836,22.153,35.279,34.726,42.645,62.491,41.317,17.685
903,0.72379,3630.9,4466.6,8.8188,26.622,42.302,2707.6,74.832,120.4,0.32834,80.238,49.281,2636.9,23.188,49.106,3104.1,22.847,68.306,280.34,341.63,94.695,77.25,32.175,8.9268,26.116,6.8725,18.791,1.6777,33.133,13.786,23.962,1.4898,18.271,2.3226,4.8829,2.2776,0.027096,0.82635,0.098626,54.486,45.117,62.51,53.936,71.328,60.318,22.345,37.884,35.983,44.464,62.447,41.03,18.262
904,0.72655,3646.2,4456.6,8.7391,26.882,41.948,2707.9,74.04,120.39,0.3222,80.121,51.066,2637.1,24.93,49.477,3104.2,22.599,68.275,278.29,342.27,94.676,77.384,32.175,8.9268,26.116,6.8725,18.791,1.6777,33.133,13.786,23.962,1.4898,18.271,2.3226,4.8829,2.2776,0.027096,0.82635,0.098626,54.486,45.117,62.247,54.055,71.056,57.937,22.694,38.632,41.236,45.324,62.733,40.414,18.851
905,0.75141,3621.6,4475.5,8.9177,26.726,42.483,2710.5,74.748,120.38,0.31135,80.225,49.684,2639.3,27.023,50.664,3107.4,22.389,68.261,279.08,342.29,94.588,77.534,32.478,9.0664,26.002,6.7674,19.14,1.7067,32.869,13.632,24.178,1.1327,18.576,2.3075,4.8284,2.2805,0.027096,0.82635,0.098626,54.486,45.117,63.43,53.685,73.335,59.465,22.163,37.238,37.169,48.07,62.764,41.172,19.334
906,0.7445,3655.2,4492.9,8.9301,26.85,42.394,2713.4,75.475,120.41,0.31244,80.314,48.775,2643.1,22.429,52.769,3109.1,23.554,68.275,282.33,342.42,94.494,77.589,32.478,9.0664,26.002,6.7674,19.14,1.7067,32.869,13.632,24.178,1.1327,18.576,2.3075,4.8284,2.2805,0.011148,0.80069,0.091327,53.724,43.863,62.851,53.476,74.015,56.617,22.532,37.105,34.496,52.941,62.214,41.117,16.549
907,0.72023,3681.8,4425.7,8.9371,26.742,42.329,2713.4,75.211,120.43,0.29474,80.186,48.613,2641.9,26.29,48.898,3109.3,22.961,68.259,281.89,342.5,94.542,77.148,32.406,9.0971,26.057,6.8405,18.483,1.6863,32.705,13.837,23.793,1.1579,18.329,2.3829,4.8646,2.2935,0.011148,0.80069,0.091327,53.724,43.863,63.374,53.391,70.354,58.118,22.625,34.969,34.019,43.985,62.196,42.179,17.988
908,0.71739,3686.6,4481.1,9.0123,27.006,42.329,2711.4,74.492,120.37,0.28998,80.058,49.722,2640.8,22.309,49.793,3108.4,22.18,68.26,282.34,342.41,94.457,77.161,32.406,9.0971,26.057,6.8405,18.483,1.6863,32.705,13.837,23.793,1.1579,18.329,2.3829,4.8646,2.2935,0.011148,0.80069,0.091327,53.724,43.863,63.291,52.727,70.633,57.281,22.354,35.549,37.281,46.054,62.102,40.875,19.851
909,0.72131,3687.4,4554.7,9.0582,27.198,42.444,2710.0,74.748,120.41,0.31931,79.797,50.387,2638.7,26.567,47.884,3106.4,23.083,68.196,280.41,342.98,94.632,76.986,32.396,8.8651,26.689,7.0312,18.633,1.7099,32.789,14.092,23.981,1.2535,18.328,2.3577,4.8396,2.3732,0.011148,0.80069,0.091327,53.724,43.863,62.71,53.454,71.087,56.429,22.294,37.33,39.239,41.638,62.224,42.062,17.745
910,0.72379,3610.5,4543.7,8.9157,26.871,42.22,2711.0,74.877,120.38,0.32108,79.887,48.929,2640.8,26.828,50.639,3107.0,22.713,68.115,282.13,342.56,94.51,77.518,32.396,8.8651,26.689,7.0312,18.633,1.7099,32.789,14.092,23.981,1.2535,18.328,2.3577,4.8396,2.3732,0.011148,0.80069,0.091327,53.724,43.863,64.034,53.586,70.843,56.838,22.52,37.114,34.948,48.013,62.025,39.997,18.594
911,0.72159,3634.1,4493.6,8.8708,27.08,42.374,2715.6,74.098,120.41,0.34768,80.255,50.151,2645.1,26.418,49.608,3109.1,24.26,68.116,279.15,342.63,94.672,77.823,31.982,8.8968,27.039,6.7348,18.558,1.7216,33.138,13.949,23.983,1.3393,18.33,2.3527,4.8541,2.4313,0.024226,0.8037,0.13121,54.158,43.723,61.903,53.852,70.823,56.237,23.183,40.908,38.545,45.627,61.544,41.75,14.879
912,0.72214,3606.8,4499.8,8.8879,26.876,41.875,2715.5,74.773,120.35,0.34769,80.194,50.54,2644.6,26.671,50.022,3110.9,22.707,68.166,278.55,342.71,94.667,77.192,31.982,8.8968,27.039,6.7348,18.558,1.7216,33.138,13.949,23.983,1.3393,18.33,2.3527,4.8541,2.4313,0.024226,0.8037,0.13121,54.158,43.723,62.374,53.778,70.769,57.174,22.982,40.906,39.689,46.585,61.24,40.454,18.593
913,0.76113,3688.2,4527.4,8.8486,27.052,42.177,2715.7,75.308,120.41,0.33104,79.979,48.921,2644.5,24.856,50.09,3113.1,24.163,68.133,277.21,342.45,94.612,77.446,32.021,9.0092,26.39,6.9529,18.69,1.7158,33.092,13.668,24.013,1.3706,18.615,2.3634,4.8352,2.2889,0.024226,0.8037,0.13121,54.158,43.723,63.572,53.663,74.814,60.185,22.751,39.391,34.923,46.742,61.007,41.89,15.134
914,0.75965,3692.0,4513.1,8.7614,26.622,42.312,2719.0,74.604,120.41,0.33323,80.17,50.566,2648.7,25.068,50.812,3113.9,22.894,68.079,278.36,343.15,94.416,77.34,32.021,9.0092,26.39,6.9529,18.69,1.7158,33.092,13.668,24.013,1.3706,18.615,2.3634,4.8352,2.2889,0.024226,0.8037,0.13121,54.158,43.723,63.506,53.835,74.96,58.597,22.877,39.124,39.767,48.413,60.553,40.933,18.142
915,0.76009,3626.0,4492.6,8.8317,26.912,42.456,2719.2,75.306,120.39,0.29982,80.1,48.401,2648.5,23.135,51.9,3114.5,23.484,68.068,274.68,342.55,94.496,77.562,32.212,8.908,26.887,6.8824,18.853,1.7139,33.032,13.786,24.627,1.2619,18.296,2.3602,4.7868,2.2614,0.024226,0.8037,0.13121,54.158,43.723,62.764,53.781,74.543,59.349,22.723,35.668,33.395,50.931,60.531,40.424,16.717
916,0.75865,3651.3,4487.5,8.6791,27.122,42.277,2718.9,75.201,120.42,0.29937,79.903,50.74,2647.6,26.423,49.237,3113.8,23.586,68.033,274.43,343.17,94.512,76.991,32.212,8.908,26.887,6.8824,18.853,1.7139,33.032,13.786,24.627,1.2619,18.296,2.3602,4.7868,2.2614,0.015881,0.8174,0.10088,53.292,44.331,62.328,53.842,74.685,58.718,22.97,35.724,40.278,44.769,60.221,41.663,16.52
917,0.73898,3696.7,4471.8,8.7573,27.195,42.131,2717.8,75.193,120.37,0.31393,79.746,51.228,2647.1,23.949,49.918,3113.0,23.368,67.936,271.09,343.16,94.692,77.092,32.494,8.7886,26.743,6.8815,18.602,1.686,33.115,13.849,24.596,1.3514,18.299,2.3387,4.7299,2.3548,0.015881,0.8174,0.10088,53.292,44.331,62.132,53.632,73.129,58.887,23.093,36.95,41.713,46.345,60.185,40.69,17.052
918,0.7401,3663.9,4503.3,8.887,27.045,42.284,2719.0,75.7,120.41,0.31364,79.774,48.387,2648.6,25.416,50.949,3113.3,23.361,67.838,271.4,343.4,94.57,77.24,32.494,8.7886,26.743,6.8815,18.602,1.686,33.115,13.849,24.596,1.3514,18.299,2.3387,4.7299,2.3548,0.015881,0.8174,0.10088,53.292,44.331,62.697,53.256,73.018,57.38,23.399,36.985,33.353,48.73,59.826,41.242,17.067
919,0.71278,3652.5,4501.8,8.8996,26.361,42.372,2718.9,75.692,120.36,0.31963,79.845,50.519,2647.4,24.455,49.556,3114.0,23.648,67.795,273.6,343.07,94.552,77.051,32.089,8.7962,26.491,6.724,18.543,1.7049,33.061,13.884,24.496,1.1152,18.157,2.3717,4.7554,2.3166,0.015881,0.8174,0.10088,53.292,44.331,62.901,53.897,70.003,58.502,22.476,37.931,39.627,45.506,59.297,40.779,16.402
920,0.70932,3673.4,4557.8,8.8351,27.123,42.328,2717.9,75.458,120.39,0.32049,79.783,50.463,2646.6,25.797,49.17,3114.4,23.359,67.765,270.36,343.01,94.778,77.276,32.089,8.7962,26.491,6.724,18.543,1.7049,33.061,13.884,24.496,1.1152,18.157,2.3717,4.7554,2.3166,0.015881,0.8174,0.10088,53.292,44.331,62.541,53.226,70.344,60.692,22.708,37.826,39.461,44.613,59.256,40.966,17.079
921,0.74954,3688.3,4527.3,8.844,27.263,42.336,2720.1,75.517,120.38,0.32422,79.879,51.414,2648.8,23.077,50.533,3114.8,23.102,67.737,270.55,343.55,94.41,77.274,32.019,8.7517,27.196,6.7426,18.647,1.7099,33.345,13.744,25.1,1.1543,18.049,2.3474,4.7004,2.2362,0.0053034,0.80566,0.088046,52.783,43.247,63.742,53.77,73.886,55.989,23.047,38.37,42.26,47.766,59.215,40.834,17.689
922,0.74984,3703.5,4472.8,8.8311,26.839,42.243,2718.3,75.319,120.41,0.32485,79.706,51.005,2648.0,25.98,50.292,3114.5,23.919,67.698,270.77,342.69,94.568,77.071,32.019,8.7517,27.196,6.7426,18.647,1.7099,33.345,13.744,25.1,1.1543,18.049,2.3474,4.7004,2.2362,0.0053034,0.80566,0.088046,52.783,43.247,63.48,54.422,73.856,59.2,22.788,38.293,41.059,47.21,59.001,41.619,15.776
923,0.75776,3677.3,4484.2,8.7796,26.924,42.318,2720.7,75.575,120.39,0.30864,79.906,50.61,2649.6,25.524,48.96,3116.5,23.203,67.671,269.96,343.01,94.361,77.488,32.105,8.6482,26.41,6.7972,18.85,1.7635,33.078,13.768,24.221,1.1448,18.191,2.3325,4.7577,2.2494,0.0053034,0.80566,0.088046,52.783,43.247,63.907,54.06,74.676,59.613,22.875,36.521,39.895,44.127,58.879,41.294,17.442
924,0.75834,3723.2,4492.9,8.8417,26.761,42.512,2720.6,74.007,120.39,0.3081,79.952,50.578,2649.7,25.472,50.065,3117.4,22.424,67.689,270.45,343.01,94.532,77.621,32.105,8.6482,26.41,6.7972,18.85,1.7635,33.078,13.768,24.221,1.1448,18.191,2.3325,4.7577,2.2494,0.0053034,0.80566,0.088046,52.783,43.247,63.118,53.956,74.619,58.702,22.711,36.587,39.8,46.684,58.64,42.0,19.279
925,0.7521,3692.1,4492.7,8.8137,26.766,42.639,2721.0,75.885,120.39,0.30889,80.105,50.407,2650.9,24.575,50.449,3116.0,22.938,67.736,270.79,342.73,94.3,77.495,31.676,9.0103,26.758,6.9097,18.942,1.7294,32.852,13.84,24.333,1.1206,18.36,2.3662,4.7245,2.2917,0.0053034,0.80566,0.088046,52.783,43.247,63.28,53.466,73.87,58.238,22.951,37.041,39.299,47.573,58.411,40.965,18.047
926,0.7546,3715.6,4472.9,8.8106,26.653,42.368,2720.7,74.812,120.41,0.31064,80.135,50.031,2649.5,24.966,50.727,3117.2,23.315,67.755,264.36,342.71,94.423,77.386,31.676,9.0103,26.758,6.9097,18.942,1.7294,32.852,13.84,24.333,1.1206,18.36,2.3662,4.7245,2.2917,0.028727,0.82636,0.09874,53.307,43.452,62.877,53.703,73.624,59.144,22.468,36.828,38.191,48.216,58.441,42.082,17.149
927,0.79524,3677.6,4492.1,8.9277,27.186,42.41,2717.8,75.273,120.37,0.31976,79.872,49.897,2646.6,26.14,50.12,3114.8,21.988,67.762,267.08,342.41,94.599,76.921,32.613,8.764,26.687,6.9214,18.903,1.6789,33.291,13.781,24.372,1.225,18.26,2.333,4.8063,2.1433,0.028727,0.82636,0.09874,53.307,43.452,62.57,53.226,78.382,57.369,22.791,37.597,37.797,46.811,57.851,41.032,20.343
928,0.79398,3668.1,4466.2,8.822,27.11,42.195,2715.0,75.234,120.36,0.32043,79.535,51.672,2643.8,23.94,49.898,3110.3,23.923,67.636,264.57,342.97,94.582,76.976,32.613,8.764,26.687,6.9214,18.903,1.6789,33.291,13.781,24.372,1.225,18.26,2.333,4.8063,2.1433,0.028727,0.82636,0.09874,53.307,43.452,62.733,53.537,78.505,56.895,22.97,37.515,43.02,46.299,57.735,40.546,15.784
929,0.70549,3654.1,4469.8,8.7399,27.073,42.11,2718.5,75.28,120.38,0.31267,79.869,50.505,2647.7,26.013,50.337,3110.3,23.446,67.548,264.59,342.95,94.714,77.583,32.167,8.8797,26.666,7.0566,18.474,1.7148,33.397,13.78,24.55,1.1651,18.01,2.3183,4.7819,2.4017,0.028727,0.82636,0.09874,53.307,43.452,62.841,53.566,69.481,58.44,23.084,36.862,39.587,47.313,57.398,41.352,16.865
930,0.70694,3663.1,4422.1,9.0463,27.231,42.116,2718.1,75.467,120.39,0.31172,80.006,49.407,2647.6,26.524,50.703,3111.0,22.545,67.573,264.78,343.01,94.705,77.175,32.167,8.8797,26.666,7.0566,18.474,1.7148,33.397,13.78,24.55,1.1651,18.01,2.3183,4.7819,2.4017,0.028727,0.82636,0.09874,53.307,43.452,62.686,54.137,69.338,59.046,23.18,36.978,36.356,48.162,57.04,41.695,19.015
931,0.7477,3610.7,4535.9,8.8668,26.646,41.735,2715.2,74.999,120.37,0.31324,79.748,50.282,2643.6,25.516,50.04,3111.4,22.57,67.551,262.72,342.08,94.778,77.092,32.013,8.7442,26.648,6.9083,18.456,1.6997,32.737,13.88,24.135,1.1453,17.659,2.3361,4.7087,2.2284,0.007169,0.82105,0.10808,52.827,44.114,62.3,53.842,73.406,58.503,22.22,36.702,38.929,46.627,57.38,39.773,18.976
932,0.7447,3658.9,4535.1,8.7397,27.007,42.048,2717.6,74.765,120.4,0.31182,79.777,49.035,2646.9,26.183,49.553,3112.2,22.765,67.493,263.65,342.57,94.835,77.324,32.013,8.7442,26.648,6.9083,18.456,1.6997,32.737,13.88,24.135,1.1453,17.659,2.3361,4.7087,2.2284,0.007169,0.82105,0.10808,52.827,44.114,61.471,53.852,73.701,58.274,23.131,36.875,35.262,45.5,57.177,41.012,18.516
933,0.76289,3667.4,4503.0,8.9561,26.777,42.162,2720.9,75.065,120.39,0.32471,79.949,51.211,2650.6,25.755,47.959,3115.7,23.356,67.479,264.0,342.73,94.728,77.395,31.897,8.7979,26.638,6.8566,17.913,1.7627,33.192,13.567,24.723,1.2657,17.966,2.3649,4.7906,2.3006,0.007169,0.82105,0.10808,52.827,44.114,62.531,54.332,75.03,55.685,23.015,38.006,41.663,41.811,57.026,40.505,17.094
934,0.76514,3671.9,4528.0,8.7135,26.669,42.28,2720.4,75.532,120.41,0.32294,79.828,49.554,2649.1,23.303,50.526,3115.8,22.705,67.471,263.98,342.53,94.678,77.278,31.897,8.7979,26.638,6.8566,17.913,1.7627,33.192,13.567,24.723,1.2657,17.966,2.3649,4.7906,2.3006,0.007169,0.82105,0.10808,52.827,44.114,62.453,54.033,74.808,59.476,22.658,38.223,36.788,47.751,56.906,41.222,18.654
935,0.77506,3670.5,4575.9,8.8222,26.679,42.7,2721.2,75.349,120.41,0.28816,79.757,50.523,2650.6,25.511,50.829,3117.1,22.224,67.451,262.37,343.0,94.622,77.082,32.332,8.8902,26.682,6.8449,18.402,1.6907,32.976,13.715,24.694,1.2596,18.172,2.3373,4.7966,2.2807,0.007169,0.82105,0.10808,52.827,44.114,62.93,54.89,76.52,57.777,22.697,33.931,39.64,48.453,56.931,40.97,19.818
936,0.77722,3688.4,4580.5,8.7024,27.153,42.101,2723.2,74.965,120.44,0.28733,79.814,48.167,2652.8,25.753,48.493,3118.7,22.963,67.394,262.36,342.97,94.539,77.348,32.332,8.8902,26.682,6.8449,18.402,1.6907,32.976,13.715,24.694,1.2596,18.172,2.3373,4.7966,2.2807,0.024584,0.82228,0.085444,53.057,43.162,62.621,54.835,76.307,57.788,23.083,34.032,32.705,43.046,56.659,42.239,18.057
937,0.73385,3668.0,4566.6,8.7667,27.149,41.85,2724.6,75.127,120.39,0.30518,80.065,51.432,2654.0,23.671,48.383,3119.7,23.113,67.43,260.06,342.91,94.475,77.446,32.575,8.9369,26.847,6.9151,18.09,1.7111,32.965,13.963,24.365,1.2822,18.051,2.3517,4.8481,2.2755,0.024584,0.82228,0.085444,53.057,43.162,63.105,53.907,72.448,56.625,23.211,35.539,42.315,42.792,56.675,41.115,17.667
938,0.73768,3648.2,4532.2,8.7399,26.501,42.259,2721.6,75.15,120.44,0.30299,79.857,48.093,2650.7,25.132,49.763,3117.8,22.985,67.444,261.44,342.17,94.569,77.09,32.575,8.9369,26.847,6.9151,18.09,1.7111,32.965,13.963,24.365,1.2822,18.051,2.3517,4.8481,2.2755,0.024584,0.82228,0.085444,53.057,43.162,63.446,54.319,72.071,58.0,22.377,35.807,32.488,45.985,56.364,42.229,18.0
939,0.70878,3648.5,4585.4,8.8659,26.624,42.166,2718.4,75.107,120.39,0.32772,79.743,50.237,2647.9,23.574,48.976,3114.4,22.375,67.379,257.73,342.33,94.647,76.942,32.228,9.098,26.516,6.9939,18.918,1.756,32.972,13.637,24.545,1.4118,18.164,2.281,4.7237,2.2466,0.024584,0.82228,0.085444,53.057,43.162,62.826,54.537,69.753,56.452,22.627,39.448,38.799,44.164,56.51,40.695,19.47
940,0.70852,3677.7,4610.1,8.7777,26.57,42.406,2715.4,75.351,120.39,0.32991,79.591,49.232,2643.6,24.53,49.572,3110.9,23.402,67.318,259.84,342.12,94.743,76.744,32.228,9.098,26.516,6.9939,18.918,1.756,32.972,13.637,24.545,1.4118,18.164,2.281,4.7237,2.2466,0.024584,0.82228,0.085444,53.057,43.162,62.324,54.242,69.778,54.988,22.39,39.181,35.839,45.545,56.141,40.897,17.073
941,0.73886,3642.2,4496.9,8.7672,27.185,42.1,2716.5,75.49,120.4,0.29282,79.7,51.599,2645.2,26.493,49.537,3111.4,22.789,67.239,261.37,341.68,94.768,77.299,31.649,8.6198,26.888,6.7893,18.499,1.6296,32.767,13.632,24.546,1.1053,18.691,2.3637,4.8888,2.3284,0.0032934,0.82732,0.11884,53.2,44.031,62.175,53.608,72.948,56.001,22.758,34.97,42.804,45.462,55.834,41.401,18.503
942,0.73955,3635.5,4486.6,8.8082,26.622,42.185,2718.4,75.087,120.4,0.29243,80.041,49.198,2647.9,27.018,50.263,3112.7,24.101,67.277,259.46,341.41,94.721,77.561,31.649,8.6198,26.888,6.7893,18.499,1.6296,32.767,13.632,24.546,1.1053,18.691,2.3637,4.8888,2.3284,0.0032934,0.82732,0.11884,53.2,44.031,62.291,53.731,72.88,56.198,22.933,35.018,35.741,47.143,55.825,41.042,15.351
943,0.79783,3650.3,4542.8,8.697,26.837,42.017,2720.6,75.024,120.43,0.29399,80.216,50.223,2650.1,24.959,50.887,3116.3,22.108,67.373,258.86,341.08,94.643,77.345,32.177,8.7711,26.496,6.8881,18.495,1.7151,32.571,13.852,24.1,0.98982,18.274,2.3052,4.8467,2.2201,0.0032934,0.82732,0.11884,53.2,44.031,63.821,54.099,78.687,59.929,22.832,34.397,38.755,48.586,55.693,41.588,20.08
944,0.79957,3693.1,4552.4,8.8196,27.01,42.342,2719.0,75.898,120.42,0.29055,80.126,51.219,2648.6,25.236,50.734,3116.5,22.237,67.434,256.78,340.87,94.485,77.053,32.177,8.7711,26.496,6.8881,18.495,1.7151,32.571,13.852,24.1,0.98982,18.274,2.3052,4.8467,2.2201,0.0032934,0.82732,0.11884,53.2,44.031,63.085,53.985,78.516,57.64,22.547,34.816,41.689,48.232,55.693,41.508,19.789
945,0.75084,3655.2,4536.7,8.7263,27.24,42.128,2715.5,75.755,120.39,0.31268,79.908,50.907,2644.0,25.372,49.638,3110.5,22.372,67.394,254.6,341.19,94.638,76.797,32.16,8.7849,26.781,6.8334,18.481,1.7322,32.331,13.787,24.041,1.2785,18.573,2.3646,4.8332,2.3444,0.0032934,0.82732,0.11884,53.2,44.031,62.91,54.23,73.826,60.186,22.841,37.887,40.769,45.697,55.704,40.758,19.496
946,0.75064,3636.2,4533.1,8.6473,26.767,42.465,2710.8,75.898,120.39,0.31316,79.618,49.315,2639.8,25.136,48.877,3107.4,23.856,67.289,255.63,340.48,94.691,76.672,32.16,8.7849,26.781,6.8334,18.481,1.7322,32.331,13.787,24.041,1.2785,18.573,2.3646,4.8332,2.3444,0.022352,0.82264,0.10955,54.705,42.538,63.238,54.273,73.847,56.969,22.308,37.828,36.084,43.935,55.545,40.527,16.018
947,0.7541,3652.4,4562.2,8.5928,26.653,41.988,2707.9,75.417,120.35,0.30954,79.5,48.441,2636.4,25.325,50.449,3105.3,23.419,67.185,257.8,340.38,94.795,76.788,31.494,8.9906,26.678,6.733,18.739,1.7157,32.514,13.792,24.187,1.1797,18.388,2.3028,4.8038,2.3225,0.022352,0.82264,0.10955,54.705,42.538,63.46,54.006,73.873,57.36,21.993,36.534,33.513,47.573,55.228,40.093,17.082
948,0.75174,3699.4,4525.2,8.7897,27.037,41.969,2708.3,75.875,120.38,0.30885,79.692,49.567,2636.6,25.385,52.388,3104.7,22.979,67.141,258.47,340.46,94.706,77.004,31.494,8.9906,26.678,6.733,18.739,1.7157,32.514,13.792,24.187,1.1797,18.388,2.3028,4.8038,2.3225,0.022352,0.82264,0.10955,54.705,42.538,62.65,54.449,74.105,58.914,22.399,36.619,36.826,52.059,55.047,41.084,18.125
949,0.82204,3647.8,4519.0,8.7152,26.901,42.251,2710.4,75.818,120.42,0.31113,79.993,50.274,2638.9,23.69,49.327,3108.2,22.7,67.148,256.21,339.8,94.596,77.347,32.572,8.8079,26.666,6.8532,18.737,1.7161,32.222,14.072,24.413,1.4286,18.084,2.3652,4.7996,2.2479,0.022352,0.82264,0.10955,54.705,42.538,64.512,53.919,80.599,55.084,22.168,36.42,38.908,44.977,55.121,41.004,18.758
950,0.81961,3717.5,4515.2,8.5634,26.649,41.779,2711.4,75.823,120.41,0.31162,80.194,50.599,2640.0,24.746,49.37,3109.5,22.994,67.221,254.92,339.93,94.458,77.263,32.572,8.8079,26.666,6.8532,18.737,1.7161,32.222,14.072,24.413,1.4286,18.084,2.3652,4.7996,2.2479,0.022352,0.82264,0.10955,54.705,42.538,63.314,53.964,80.838,58.969,22.001,36.361,39.864,45.076,55.105,41.631,18.051
951,0.71862,3653.9,4481.1,8.8507,26.803,42.549,2706.6,75.262,120.41,0.33561,80.169,51.38,2634.9,24.876,49.047,3104.9,22.315,67.31,254.71,339.33,94.626,77.102,31.863,8.725,26.556,7.0061,18.952,1.7285,32.142,13.987,23.852,1.0013,18.802,2.3467,4.7778,2.292,0.032636,0.84582,0.12097,53.357,44.026,63.438,54.384,70.569,52.472,21.874,41.077,42.161,44.328,54.85,40.512,19.666
952,0.71945,3641.5,4510.6,8.4522,26.981,42.193,2701.4,75.644,120.39,0.33724,80.04,50.271,2630.1,24.722,49.59,3099.8,23.113,67.325,256.24,339.39,94.756,76.968,31.863,8.725,26.556,7.0061,18.952,1.7285,32.142,13.987,23.852,1.0013,18.802,2.3467,4.7778,2.292,0.032636,0.84582,0.12097,53.357,44.026,63.65,54.031,70.488,58.284,21.759,40.878,38.896,45.585,54.52,41.622,17.788
953,0.78529,3627.4,4461.0,8.6946,27.043,42.332,2700.3,75.048,120.36,0.32688,80.109,50.224,2628.8,23.599,48.97,3097.4,22.899,67.295,253.34,339.07,94.796,77.238,32.162,9.0055,26.264,6.9668,18.591,1.6956,32.543,13.82,23.601,1.2728,18.313,2.3805,4.7649,2.2755,0.032636,0.84582,0.12097,53.357,44.026,62.507,54.087,77.45,56.091,22.129,40.19,38.76,44.15,54.588,39.755,18.285
954,0.78667,3600.6,4475.0,8.8601,26.827,42.032,2698.0,75.187,120.4,0.33415,80.062,51.12,2626.0,25.205,50.664,3097.4,22.718,67.257,252.96,338.28,94.911,77.156,32.162,9.0055,26.264,6.9668,18.591,1.6956,32.543,13.82,23.601,1.2728,18.313,2.3805,4.7649,2.2755,0.032636,0.84582,0.12097,53.357,44.026,62.968,53.919,77.314,57.455,21.412,39.304,41.396,48.071,54.429,40.836,18.728
955,0.75974,3643.2,4511.6,8.7862,27.194,41.953,2697.5,75.357,120.38,0.31347,80.074,48.902,2625.2,26.153,49.227,3097.0,22.663,67.236,254.51,338.14,94.784,77.018,31.708,8.9557,26.505,7.1504,18.969,1.7815,32.329,13.863,24.003,1.5067,18.683,2.3244,4.8019,2.2957,0.032636,0.84582,0.12097,53.357,44.026,62.48,54.366,74.624,58.073,21.621,37.478,34.87,44.744,54.102,40.887,18.883
956,0.75751,3629.2,4486.3,8.7132,27.142,42.234,2697.7,75.317,120.38,0.31449,80.151,51.167,2625.5,24.007,49.879,3096.7,22.707,67.244,254.01,338.34,95.033,77.202,31.708,8.9557,26.505,7.1504,18.969,1.7815,32.329,13.863,24.003,1.5067,18.683,2.3244,4.8019,2.2957,0.031961,0.86508,0.10227,54.113,43.796,62.721,54.67,74.843,56.779,21.437,37.354,41.533,46.254,54.547,40.239,18.765
957,0.80765,3576.7,4474.3,8.6536,27.198,42.37,2698.1,75.576,120.39,0.3179,80.109,49.365,2625.3,24.071,50.054,3097.5,24.518,67.248,255.08,337.91,94.892,77.047,32.169,8.9585,26.542,6.7954,18.875,1.6983,32.577,13.881,24.161,1.3154,18.812,2.3273,4.8404,2.2788,0.031961,0.86508,0.10227,54.113,43.796,61.85,53.886,79.08,58.647,21.861,38.096,36.232,46.659,54.519,39.908,14.491
958,0.80592,3574.7,4501.6,8.7144,27.068,42.363,2701.3,75.512,120.38,0.31789,80.359,50.408,2629.0,24.288,51.331,3099.6,21.674,67.267,254.79,338.52,94.948,77.448,32.169,8.9585,26.542,6.7954,18.875,1.6983,32.577,13.881,24.161,1.3154,18.812,2.3273,4.8404,2.2788,0.031961,0.86508,0.10227,54.113,43.796,61.882,53.558,79.25,56.251,21.596,38.097,39.301,49.615,54.612,39.92,21.197
959,0.76405,3685.5,4506.7,8.7515,26.564,42.374,2702.3,75.866,120.41,0.31725,80.432,50.381,2630.4,26.212,50.517,3101.0,22.926,67.327,254.08,338.76,94.865,77.427,32.019,8.8903,26.561,6.9934,19.032,1.7443,32.304,14.019,24.061,1.323,19.114,2.3702,4.8287,2.337,0.031961,0.86508,0.10227,54.113,43.796,63.005,53.704,75.1,57.072,21.577,38.747,39.221,47.73,54.738,41.019,18.219
960,0.7605,3697.6,4458.4,8.6834,27.319,42.303,2699.4,74.586,120.42,0.32109,80.391,48.828,2627.3,26.548,48.48,3100.5,23.207,67.382,253.63,338.01,94.725,77.316,32.019,8.8903,26.561,6.9934,19.032,1.7443,32.304,14.019,24.061,1.323,19.114,2.3702,4.8287,2.337,0.031961,0.86508,0.10227,54.113,43.796,62.797,54.281,75.45,57.021,21.316,38.279,34.652,43.017,54.838,40.512,17.546
